Circuit,Upstream_Equipment_Number,Upstream_Equipment_ID,Upstream_Device_Type,Downstream_Equipment_Number,Downstream_Equipment_ID,Downstream_Device_Type,Check_Type,Phase_Fault_Current_A,Phase_Upstream_Time_s,Phase_Downstream_Time_s,Phase_Margin_s,Phase_Required_Margin_s,Phase_Violation,Ground_Fault_Current_A,Ground_Upstream_Time_s,Ground_Downstream_Time_s,Ground_Margin_s,Ground_Required_Margin_s,Ground_Violation,Upstream_Phase_Pickup_A,Upstream_Phase_Curve,Upstream_Phase_TD,Upstream_Ground_Pickup_A,Upstream_Ground_Curve,Upstream_Ground_TD,Downstream_Phase_Pickup_A,Downstream_Phase_Curve,Downstream_Phase_TD,Downstream_Ground_Pickup_A,Downstream_Ground_Curve,Downstream_Ground_TD,Upstream_Total_Customers,Downstream_Total_Customers,Customers_Erroneously_Disconnected,Upstream_Device_Downstream_A_PH_cKVA,Upstream_Device_Downstream_B_PH_cKVA,Upstream_Device_Downstream_C_PH_cKVA,Upstream_Device_Total_Downstream_3PH_cKVA,Downstream_Device_Downstream_A_PH_cKVA,Downstream_Device_Downstream_B_PH_cKVA,Downstream_Device_Downstream_C_PH_cKVA,Downstream_Device_Total_Downstream_3PH_cKVA,Notes
67083402,4T39_38928842,K_65A,Fuse,367498113,K_65A,Fuse,Fuse-Fuse,,,,,0.0,False,1625.0,0.0309,0.0586,-0.0277,0.0,True,,,,,65K,,,,,,65K,,34,3,31,0.0,608.0,0.0,0,0.0,78.0,0.0,0,
67083402,5V15_38928400,T_80A,Fuse,5VL8_38936850,T_80A,Fuse,Fuse-Fuse,,,,,0.0,False,1337.0,0.2583,0.4013,-0.1430,0.0,True,,,,,80T,,,,,,80T,,26,15,11,0.0,0.0,530.0,0,0.0,0.0,300.0,0,
67083402,5VM2_38923030,T_40A,Fuse,2BJR85_779447520,T_80A,Fuse,Fuse-Fuse,,,,,0.0,False,1338.0,0.0676,0.4006,-0.3330,0.0,True,,,,,40T,,,,,,80T,,6,1,5,0.0,125.0,0.0,0,0.0,25.0,0.0,0,
67083402,4T39_38928842,K_65A,Fuse,38930003,K_65A,Fuse,Fuse-Fuse,,,,,0.0,False,1699.0,0.0282,0.0548,-0.0265,0.0,True,,,,,65K,,,,,,65K,,34,5,29,0.0,608.0,0.0,0,0.0,100.0,0.0,0,
67083402,4T39_38928842,K_65A,Fuse,5T10_38916523,K_65A,Fuse,Fuse-Fuse,,,,,0.0,False,1579.0,0.0327,0.0611,-0.0285,0.0,True,,,,,65K,,,,,,65K,,34,6,28,0.0,608.0,0.0,0,0.0,125.0,0.0,0,
67083402,2C4C13_787211359,T_40A,Fuse,2C4C22_787211431,T_40A,Fuse,Fuse-Fuse,,,,,0.0,False,1332.0,0.0682,0.1152,-0.0469,0.0,True,,,,,40T,,,,,,40T,,3,1,2,65.0,0.0,0.0,0,25.0,0.0,0.0,0,
67083402,2C4C13_787211359,T_40A,Fuse,2C4C24_787211436,T_40A,Fuse,Fuse-Fuse,,,,,0.0,False,1341.0,0.0673,0.1139,-0.0466,0.0,True,,,,,40T,,,,,,40T,,3,1,2,65.0,0.0,0.0,0,15.0,0.0,0.0,0,
67083402,2C1F32_784763850,T_40A,Fuse,38928294,K_65A,Fuse,Fuse-Fuse,,,,,0.0,False,1452.0,0.0577,0.0693,-0.0116,0.0,True,,,,,40T,,,,,,65K,,9,3,6,118.0,0.0,0.0,0,55.0,0.0,0.0,0,
67083402,4T39_38928842,K_65A,Fuse,38915680,K_65A,Fuse,Fuse-Fuse,,,,,0.0,False,1625.0,0.0309,0.0586,-0.0277,0.0,True,,,,,65K,,,,,,65K,,34,4,30,0.0,608.0,0.0,0,0.0,45.0,0.0,0,
67083402,2BJR74_789036094,E_100A,Fuse,5VM5_38923824,T_80A,Fuse,Fuse-Fuse,,,,,0.0,False,1341.0,0.2520,0.3986,-0.1467,0.0,True,,,,,100E_25kV,,,,,,80T,,69,31,38,0.0,1250.0,0.0,0,0.0,650.0,0.0,0,
67091201,67091201,DEFAULT_BREAKER,Breaker,38918561,K_65A,Fuse,Breaker-Fuse,,,,,0.0,False,2509.0,0.0159,0.0317,-0.0158,0.0,True,,,,400.0000,102,1.0000,,,,,65K,,149,7,142,660.0,1095.0,642.0,300.0,0.0,155.0,0.0,0,
67091201,67091201,DEFAULT_BREAKER,Breaker,38923812,T_80A,Fuse,Breaker-Fuse,,,,,0.0,False,2168.0,0.0159,0.1570,-0.1411,0.0,True,,,,400.0000,102,1.0000,,,,,80T,,149,30,119,660.0,1095.0,642.0,300.0,15.0,470.0,0.0,0,
67091201,67091201,DEFAULT_BREAKER,Breaker,38919110,T_80A,Fuse,Breaker-Fuse,,,,,0.0,False,1534.0,0.0160,0.3069,-0.2909,0.0,True,,,,400.0000,102,1.0000,,,,,80T,,149,4,145,660.0,1095.0,642.0,300.0,25.0,155.0,0.0,0,
67091201,67091201,DEFAULT_BREAKER,Breaker,2T15_38933385,K_65A,Fuse,Breaker-Fuse,,,,,0.0,False,1439.0,0.0165,0.0703,-0.0538,0.0,True,,,,400.0000,102,1.0000,,,,,65K,,149,1,148,660.0,1095.0,642.0,300.0,0.0,0.0,15.0,0,
67091201,67091201,DEFAULT_BREAKER,Breaker,38933972,K_65A,Fuse,Breaker-Fuse,,,,,0.0,False,1792.0,0.0160,0.0506,-0.0346,0.0,True,,,,400.0000,102,1.0000,,,,,65K,,149,2,147,660.0,1095.0,642.0,300.0,0.0,0.0,15.0,0,
67091201,67091201,DEFAULT_BREAKER,Breaker,38936533,K_65A,Fuse,Breaker-Fuse,,,,,0.0,False,1594.0,0.0160,0.0603,-0.0443,0.0,True,,,,400.0000,102,1.0000,,,,,65K,,149,2,147,660.0,1095.0,642.0,300.0,0.0,30.0,0.0,0,
67091201,67091201,DEFAULT_BREAKER,Breaker,38937072,K_65A,Fuse,Breaker-Fuse,,,,,0.0,False,1943.0,0.0159,0.0448,-0.0289,0.0,True,,,,400.0000,102,1.0000,,,,,65K,,149,1,148,660.0,1095.0,642.0,300.0,0.0,0.0,25.0,0,
67091201,67091201,DEFAULT_BREAKER,Breaker,38925019,K_65A,Fuse,Breaker-Fuse,,,,,0.0,False,1457.0,0.0164,0.0690,-0.0526,0.0,True,,,,400.0000,102,1.0000,,,,,65K,,149,4,145,660.0,1095.0,642.0,300.0,0.0,0.0,25.0,0,
67091201,67091201,DEFAULT_BREAKER,Breaker,92381634,K_65A,Fuse,Breaker-Fuse,,,,,0.0,False,1329.0,0.0170,0.0795,-0.0625,0.0,True,,,,400.0000,102,1.0000,,,,,65K,,149,3,146,660.0,1095.0,642.0,300.0,0.0,0.0,38.0,0,
67091201,67091201,DEFAULT_BREAKER,Breaker,2T17_38935242,T_80A,Fuse,Breaker-Fuse,1767.0,0.0110,0.2334,-0.2224,0.0,True,1395.0,0.0167,0.3689,-0.3522,0.0,True,480.0000,121,1.0000,400.0000,102,1.0000,,80T,,,80T,,149,11,138,660.0,1095.0,642.0,300.0,25.0,75.0,115.0,0,
67091201,67091201,DEFAULT_BREAKER,Breaker,38931311,T_80A,Fuse,Breaker-Fuse,,,,,0.0,False,2636.0,0.0158,0.1090,-0.0931,0.0,True,,,,400.0000,102,1.0000,,,,,80T,,149,2,147,660.0,1095.0,642.0,300.0,0.0,0.0,25.0,0,
67091201,67091201,DEFAULT_BREAKER,Breaker,2T17_651585125,TRIPSAVER_II_100A,TripSaver,Breaker-TripSaver,,,,,0.2,False,1395.0,0.0167,0.3386,-0.3219,0.2,True,,,,400.0000,102,1.0000,,,,,TS80T,,149,36,113,660.0,1095.0,642.0,300.0,372.0,0.0,0.0,0,
67091201,67091201,DEFAULT_BREAKER,Breaker,2T5_651585130,TRIPSAVER_II_100A,TripSaver,Breaker-TripSaver,2150.0,0.0110,0.1681,-0.1571,0.2,True,1876.0,0.0159,0.2067,-0.1908,0.2,True,480.0000,121,1.0000,400.0000,102,1.0000,,TS80T,,,TS80T,,149,25,124,660.0,1095.0,642.0,300.0,100.0,185.0,245.0,225.0,
67131203,84567587,T_50A,Fuse,201Y16_675862897,T_40A,Fuse,Fuse-Fuse,,,,,0.0,False,2040.0,0.0466,0.0583,-0.0118,0.0,True,,,,,50T,,,,,,40T,,10,0,10,0.0,0.0,175.0,0,0.0,0.0,0.0,0,
67131203,2QDN60_854111083,VPST_800A,Recloser,L367P30_112948230,VPSS_800A,Recloser,Recloser-Recloser,,,,,0.22,False,1339.0,0.5824,0.3701,0.2123,0.22,True,,,,380.0000,U4,1.0000,,,,200.0000,U4,2.0000,826,72,754,4502.0,5804.0,3685.0,75.0,0.0,1262.0,0.0,0,
67131203,2QDN60_854111083,VPST_800A,Recloser,1DXM69_39010938,L_100A,Recloser,Recloser-Recloser,,,,,0.22,False,1474.0,0.4899,0.3855,0.1044,0.22,True,,,,380.0000,U4,1.0000,,,,200.0000,L,,826,115,711,4502.0,5804.0,3685.0,75.0,1702.0,0.0,0.0,0,
67271201,67271201,DEFAULT_BREAKER,Breaker,1MCA75_161279271,K_65A,Fuse,Breaker-Fuse,,,,,0.0,False,3916.0,0.0121,0.0194,-0.0072,0.0,True,,,,450.0000,104,1.0000,,,,,65K,,543,3,540,2684.0,3037.0,3182.0,3120.0,50.0,0.0,0.0,0,
67271201,67271201,DEFAULT_BREAKER,Breaker,38920895,T_80A,Fuse,Breaker-Fuse,3835.0,0.0187,0.0584,-0.0397,0.0,True,3744.0,0.0125,0.0608,-0.0482,0.0,True,750.0000,104,1.0000,450.0000,104,1.0000,,80T,,,80T,,543,6,537,2684.0,3037.0,3182.0,3120.0,38.0,38.0,88.0,112.5,
67271201,67271201,DEFAULT_BREAKER,Breaker,1LCK68_39010960,VPST_800A,Recloser,Breaker-Recloser,3579.0,0.0200,0.2299,-0.2099,0.2,True,3316.0,0.0137,0.1703,-0.1566,0.2,True,750.0000,104,1.0000,450.0000,104,1.0000,560.0000,U4,1.0000,300.0000,U4,1.5000,543,388,155,2684.0,3037.0,3182.0,3120.0,1108.0,2430.0,2438.0,1670.0,
67271201,67271201,DEFAULT_BREAKER,Breaker,1XQD27_655793590,TRIPSAVER_II_100A,TripSaver,Breaker-TripSaver,3674.0,0.0195,0.0880,-0.0686,0.2,True,3470.0,0.0133,0.0931,-0.0798,0.2,True,750.0000,104,1.0000,450.0000,104,1.0000,,TS80T,,,TS80T,,543,24,519,2684.0,3037.0,3182.0,3120.0,85.0,65.0,150.0,125.0,
67271201,67271201,DEFAULT_BREAKER,Breaker,1XQK17_655793576,TRIPSAVER_II_200A,TripSaver,Breaker-TripSaver,3377.0,0.0222,0.1684,-0.1462,0.2,True,3003.0,0.0148,0.1927,-0.1779,0.2,True,750.0000,104,1.0000,450.0000,104,1.0000,,TS150E,,,TS150E,,543,76,467,2684.0,3037.0,3182.0,3120.0,859.0,392.0,382.0,950.0,
67271201,67271201,DEFAULT_BREAKER,Breaker,1TEN99_655793574,TRIPSAVER_II_100A,TripSaver,Breaker-TripSaver,,,,,0.2,False,4049.0,0.0119,0.0807,-0.0688,0.2,True,,,,450.0000,104,1.0000,,,,,TS80T,,543,26,517,2684.0,3037.0,3182.0,3120.0,362.0,0.0,0.0,0,
67271203,67271203,DEFAULT_BREAKER,Breaker,38920972,K_80A,Fuse,Breaker-Fuse,,,,,0.0,False,4048.0,0.0157,0.0248,-0.0090,0.0,True,,,,450.0000,102,1.0000,,,,,80K,,601,1,600,6538.0,5482.0,5915.0,11116.0,0.0,0.0,15.0,0,
67271203,67271203,DEFAULT_BREAKER,Breaker,38934962,K_80A,Fuse,Breaker-Fuse,,,,,0.0,False,3287.0,0.0158,0.0317,-0.0159,0.0,True,,,,450.0000,102,1.0000,,,,,80K,,601,5,596,6538.0,5482.0,5915.0,11116.0,0.0,0.0,75.0,0,
67271203,67271203,DEFAULT_BREAKER,Breaker,38924712,K_30A,Fuse,Breaker-Fuse,2936.0,0.0110,0.0152,-0.0042,0.0,True,2383.0,0.0159,0.0173,-0.0014,0.0,True,750.0000,121,1.0000,450.0000,102,1.0000,,30K,,,30K,,601,1,600,6538.0,5482.0,5915.0,11116.0,100.0,100.0,100.0,300.0,
67271203,1XMK70_650937711,K_65A,Fuse,1X5X48_660619417,K_65A,Fuse,Fuse-Fuse,,,,,0.0,False,2205.0,0.0171,0.0375,-0.0204,0.0,True,,,,,65K,,,,,,65K,,8,2,6,225.0,0.0,0.0,0,75.0,0.0,0.0,0,
67271203,67271203,DEFAULT_BREAKER,Breaker,243R91_671247155,T_80A,Fuse,Breaker-Fuse,2866.0,0.0110,0.0948,-0.0838,0.0,True,2306.0,0.0159,0.1393,-0.1234,0.0,True,750.0000,121,1.0000,450.0000,102,1.0000,,80T,,,80T,,601,3,598,6538.0,5482.0,5915.0,11116.0,392.0,267.0,292.0,800.0,
67271203,67271203,DEFAULT_BREAKER,Breaker,38924728,K_50A,Fuse,Breaker-Fuse,3016.0,0.0110,0.0201,-0.0091,0.0,True,2475.0,0.0159,0.0238,-0.0079,0.0,True,750.0000,121,1.0000,450.0000,102,1.0000,,50K,,,50K,,601,1,600,6538.0,5482.0,5915.0,11116.0,167.0,167.0,167.0,500.0,
67271203,1XMK70_650937711,K_65A,Fuse,1X5X48_660619411,K_65A,Fuse,Fuse-Fuse,,,,,0.0,False,2205.0,0.0171,0.0375,-0.0204,0.0,True,,,,,65K,,,,,,65K,,8,6,2,225.0,0.0,0.0,0,150.0,0.0,0.0,0,
67271203,67271203,DEFAULT_BREAKER,Breaker,38917685,T_80A,Fuse,Breaker-Fuse,,,,,0.0,False,3330.0,0.0158,0.0738,-0.0580,0.0,True,,,,450.0000,102,1.0000,,,,,80T,,601,91,510,6538.0,5482.0,5915.0,11116.0,0.0,445.0,290.0,0,
67271203,67271203,DEFAULT_BREAKER,Breaker,38918067,K_80A,Fuse,Breaker-Fuse,,,,,0.0,False,2841.0,0.0159,0.0388,-0.0229,0.0,True,,,,450.0000,102,1.0000,,,,,80K,,601,17,584,6538.0,5482.0,5915.0,11116.0,0.0,0.0,135.0,0,
67271203,67271203,DEFAULT_BREAKER,Breaker,38918055,K_80A,Fuse,Breaker-Fuse,,,,,0.0,False,3032.0,0.0158,0.0354,-0.0196,0.0,True,,,,450.0000,102,1.0000,,,,,80K,,601,2,599,6538.0,5482.0,5915.0,11116.0,0.0,0.0,25.0,0,
67271203,67271203,DEFAULT_BREAKER,Breaker,38939737,K_65A,Fuse,Breaker-Fuse,3239.0,0.0110,0.0234,-0.0124,0.0,True,2748.0,0.0159,0.0281,-0.0122,0.0,True,750.0000,121,1.0000,450.0000,102,1.0000,,65K,,,65K,,601,1,600,6538.0,5482.0,5915.0,11116.0,75.0,75.0,75.0,225.0,
67271203,67271203,DEFAULT_BREAKER,Breaker,38934992,K_65A,Fuse,Breaker-Fuse,,,,,0.0,False,2207.0,0.0159,0.0375,-0.0216,0.0,True,,,,450.0000,102,1.0000,,,,,65K,,601,12,589,6538.0,5482.0,5915.0,11116.0,100.0,0.0,0.0,0,
67271203,67271203,DEFAULT_BREAKER,Breaker,243R91_38923772,T_80A,Fuse,Breaker-Fuse,2866.0,0.0110,0.0948,-0.0838,0.0,True,2306.0,0.0159,0.1393,-0.1234,0.0,True,750.0000,121,1.0000,450.0000,102,1.0000,,80T,,,80T,,601,6,595,6538.0,5482.0,5915.0,11116.0,225.0,175.0,175.0,525.0,
67271203,67271203,DEFAULT_BREAKER,Breaker,2P3M86_38932749,K_80A,Fuse,Breaker-Fuse,,,,,0.0,False,4600.0,0.0157,0.0215,-0.0058,0.0,True,,,,450.0000,102,1.0000,,,,,80K,,601,3,598,6538.0,5482.0,5915.0,11116.0,15.0,0.0,0.0,0,
67271203,67271203,DEFAULT_BREAKER,Breaker,1A10_650937722,T_80A,Fuse,Breaker-Fuse,,,,,0.0,False,2404.0,0.0159,0.1286,-0.1127,0.0,True,,,,450.0000,102,1.0000,,,,,80T,,601,17,584,6538.0,5482.0,5915.0,11116.0,618.0,0.0,0.0,0,
67271203,67271203,DEFAULT_BREAKER,Breaker,38918061,K_80A,Fuse,Breaker-Fuse,,,,,0.0,False,3032.0,0.0158,0.0354,-0.0196,0.0,True,,,,450.0000,102,1.0000,,,,,80K,,601,3,598,6538.0,5482.0,5915.0,11116.0,25.0,0.0,0.0,0,
67271203,67271203,DEFAULT_BREAKER,Breaker,1A10_38934982,T_40A,Fuse,Breaker-Fuse,,,,,0.0,False,2404.0,0.0159,0.0455,-0.0296,0.0,True,,,,450.0000,102,1.0000,,,,,40T,,601,1,600,6538.0,5482.0,5915.0,11116.0,25.0,0.0,0.0,0,
67271203,67271203,DEFAULT_BREAKER,Breaker,373707038,K_65A,Fuse,Breaker-Fuse,,,,,0.0,False,2747.0,0.0159,0.0281,-0.0123,0.0,True,,,,450.0000,102,1.0000,,,,,65K,,601,2,599,6538.0,5482.0,5915.0,11116.0,0.0,0.0,60.0,0,
67271203,67271203,DEFAULT_BREAKER,Breaker,38934996,K_65A,Fuse,Breaker-Fuse,,,,,0.0,False,2125.0,0.0159,0.0394,-0.0235,0.0,True,,,,450.0000,102,1.0000,,,,,65K,,601,19,582,6538.0,5482.0,5915.0,11116.0,0.0,0.0,130.0,0,
67271203,67271203,DEFAULT_BREAKER,Breaker,38934581,K_80A,Fuse,Breaker-Fuse,,,,,0.0,False,3692.0,0.0158,0.0276,-0.0119,0.0,True,,,,450.0000,102,1.0000,,,,,80K,,601,2,599,6538.0,5482.0,5915.0,11116.0,0.0,25.0,50.0,0,
67271203,67271203,DEFAULT_BREAKER,Breaker,38935434,T_80A,Fuse,Breaker-Fuse,2973.0,0.0110,0.0892,-0.0782,0.0,True,2423.0,0.0159,0.1266,-0.1107,0.0,True,750.0000,121,1.0000,450.0000,102,1.0000,,80T,,,80T,,601,6,595,6538.0,5482.0,5915.0,11116.0,25.0,325.0,25.0,75.0,
67271203,67271203,DEFAULT_BREAKER,Breaker,373707034,T_80A,Fuse,Breaker-Fuse,2986.0,0.0110,0.0885,-0.0775,0.0,True,2442.0,0.0159,0.1247,-0.1088,0.0,True,750.0000,121,1.0000,450.0000,102,1.0000,,80T,,,80T,,601,11,590,6538.0,5482.0,5915.0,11116.0,50.0,50.0,150.0,150.0,
67271203,67271203,DEFAULT_BREAKER,Breaker,38917789,K_50A,Fuse,Breaker-Fuse,4106.0,0.0110,0.0162,-0.0052,0.0,True,3983.0,0.0158,0.0165,-0.0007,0.0,True,750.0000,121,1.0000,450.0000,102,1.0000,,50K,,,50K,,601,28,573,6538.0,5482.0,5915.0,11116.0,1108.0,1225.0,1158.0,3175.0,
67271203,67271203,DEFAULT_BREAKER,Breaker,38924655,K_80A,Fuse,Breaker-Fuse,3040.0,0.0110,0.0353,-0.0243,0.0,True,2503.0,0.0159,0.0462,-0.0303,0.0,True,750.0000,121,1.0000,450.0000,102,1.0000,,80K,,,80K,,601,2,599,6538.0,5482.0,5915.0,11116.0,65.0,50.0,75.0,150.0,
67271203,67271203,DEFAULT_BREAKER,Breaker,38927187,T_80A,Fuse,Breaker-Fuse,3113.0,0.0110,0.0826,-0.0716,0.0,True,2589.0,0.0159,0.1123,-0.0964,0.0,True,750.0000,121,1.0000,450.0000,102,1.0000,,80T,,,80T,,601,4,597,6538.0,5482.0,5915.0,11116.0,75.0,75.0,85.0,225.0,
67271203,67271203,DEFAULT_BREAKER,Breaker,2M2D93_38934970,K_80A,Fuse,Breaker-Fuse,,,,,0.0,False,3030.0,0.0158,0.0354,-0.0196,0.0,True,,,,450.0000,102,1.0000,,,,,80K,,601,2,599,6538.0,5482.0,5915.0,11116.0,0.0,75.0,0.0,0,
67271203,67271203,DEFAULT_BREAKER,Breaker,38922898,K_80A,Fuse,Breaker-Fuse,3150.0,0.0110,0.0336,-0.0226,0.0,True,2633.0,0.0159,0.0431,-0.0272,0.0,True,750.0000,121,1.0000,450.0000,102,1.0000,,80K,,,80K,,601,7,594,6538.0,5482.0,5915.0,11116.0,100.0,50.0,50.0,150.0,
67271203,38923880,K_65A,Fuse,1X5X47_660619415,K_65A,Fuse,Fuse-Fuse,,,,,0.0,False,2164.0,0.0178,0.0385,-0.0207,0.0,True,,,,,65K,,,,,,65K,,5,1,4,350.0,75.0,75.0,225.0,100.0,0.0,0.0,0,
67271203,67271203,DEFAULT_BREAKER,Breaker,38923868,K_65A,Fuse,Breaker-Fuse,,,,,0.0,False,2318.0,0.0159,0.0351,-0.0192,0.0,True,,,,450.0000,102,1.0000,,,,,65K,,601,9,592,6538.0,5482.0,5915.0,11116.0,100.0,0.0,0.0,0,
67271203,67271203,DEFAULT_BREAKER,Breaker,1HFM73_524679841,T_80A,Fuse,Breaker-Fuse,3944.0,0.0110,0.0557,-0.0447,0.0,True,3818.0,0.0158,0.0588,-0.0430,0.0,True,750.0000,121,1.0000,450.0000,102,1.0000,,80T,,,80T,,601,52,549,6538.0,5482.0,5915.0,11116.0,50.0,552.0,50.0,150.0,
67271203,67271203,DEFAULT_BREAKER,Breaker,30A13_38925547,K_80A,Fuse,Breaker-Fuse,3511.0,0.0110,0.0293,-0.0183,0.0,True,3062.0,0.0158,0.0349,-0.0191,0.0,True,750.0000,121,1.0000,450.0000,102,1.0000,,80K,,,80K,,601,3,598,6538.0,5482.0,5915.0,11116.0,142.0,100.0,100.0,300.0,
67271203,38923880,K_65A,Fuse,1X5X47_660619413,K_65A,Fuse,Fuse-Fuse,,,,,0.0,False,2164.0,0.0178,0.0385,-0.0207,0.0,True,,,,,65K,,,,,,65K,,5,1,4,350.0,75.0,75.0,225.0,100.0,0.0,0.0,0,
67271203,67271203,DEFAULT_BREAKER,Breaker,38934604,SMD-20_(E)_125A,Fuse,Breaker-Fuse,3623.0,0.0110,0.0944,-0.0834,0.0,True,3288.0,0.0158,0.1105,-0.0947,0.0,True,750.0000,121,1.0000,450.0000,102,1.0000,,125E_14.4kV,,,125E_14.4kV,,601,2,599,6538.0,5482.0,5915.0,11116.0,667.0,667.0,667.0,2001.0,
67271203,67271203,DEFAULT_BREAKER,Breaker,361920473,K_40A,Fuse,Breaker-Fuse,3584.0,0.0110,0.0151,-0.0041,0.0,True,3166.0,0.0158,0.0165,-0.0007,0.0,True,750.0000,121,1.0000,450.0000,102,1.0000,,40K,,,40K,,601,3,598,6538.0,5482.0,5915.0,11116.0,242.0,242.0,242.0,725.0,
67271203,67271203,DEFAULT_BREAKER,Breaker,38926187,K_80A,Fuse,Breaker-Fuse,3552.0,0.0110,0.0289,-0.0179,0.0,True,3180.0,0.0158,0.0331,-0.0173,0.0,True,750.0000,121,1.0000,450.0000,102,1.0000,,80K,,,80K,,601,1,600,6538.0,5482.0,5915.0,11116.0,250.0,250.0,250.0,750.0,
67271203,67271203,DEFAULT_BREAKER,Breaker,38923880,K_65A,Fuse,Breaker-Fuse,2816.0,0.0110,0.0272,-0.0162,0.0,True,2244.0,0.0159,0.0367,-0.0208,0.0,True,750.0000,121,1.0000,450.0000,102,1.0000,,65K,,,65K,,601,5,596,6538.0,5482.0,5915.0,11116.0,350.0,75.0,75.0,225.0,
67271203,67271203,DEFAULT_BREAKER,Breaker,38923857,K_65A,Fuse,Breaker-Fuse,2880.0,0.0110,0.0265,-0.0155,0.0,True,2318.0,0.0159,0.0351,-0.0192,0.0,True,750.0000,121,1.0000,450.0000,102,1.0000,,65K,,,65K,,601,154,447,6538.0,5482.0,5915.0,11116.0,1170.0,20.0,15.0,45.0,
67271203,67271203,DEFAULT_BREAKER,Breaker,243R89_678224580,TRIPSAVER_II_100A,TripSaver,Breaker-TripSaver,,,,,0.2,False,2316.0,0.0159,0.1513,-0.1353,0.2,True,,,,450.0000,102,1.0000,,,,,TS80T,,601,29,572,6538.0,5482.0,5915.0,11116.0,0.0,0.0,508.0,0,
67271204,38922014,K_65A,Fuse,1KDK19_523507656,K_40A,Fuse,Fuse-Fuse,2780.0,0.0105,0.0181,-0.0075,0.0,True,2144.0,0.0181,0.0222,-0.0041,0.0,True,,65K,,,65K,,,40K,,,40K,,4,3,1,225.0,225.0,325.0,675.0,200.0,200.0,300.0,600.0,
67271204,67271204,DEFAULT_BREAKER,Breaker,W9_38919488,K_80A,Fuse,Breaker-Fuse,,,,,0.0,False,3765.0,0.0158,0.0270,-0.0112,0.0,True,,,,450.0000,102,1.0000,,,,,80K,,2149,1,2148,11254.0,11532.0,11876.0,3080.0,0.0,0.0,10.0,0,
67271204,55W17_38939923,T_40A,Fuse,38918852,T_30A,Fuse,Fuse-Fuse,,,,,0.0,False,895.0,0.1477,0.1539,-0.0062,0.0,True,,,,,40T,,,,,,30T,,27,10,17,0.0,465.0,0.0,0,0.0,160.0,0.0,0,
67271204,16W9_39083565,T_80A,Fuse,18W3_38918894,T_80A,Fuse,Fuse-Fuse,,,,,0.0,False,862.0,0.6109,1.0760,-0.4651,0.0,True,,,,,80T,,,,,,80T,,7,4,3,15.0,100.0,0.0,0,0.0,50.0,0.0,0,
67271204,67271204,DEFAULT_BREAKER,Breaker,38920618,K_80A,Fuse,Breaker-Fuse,3046.0,0.0110,0.0352,-0.0242,0.0,True,2433.0,0.0159,0.0481,-0.0322,0.0,True,750.0000,121,1.0000,450.0000,102,1.0000,,80K,,,80K,,2149,4,2145,11254.0,11532.0,11876.0,3080.0,40.0,50.0,25.0,75.0,
67271204,67271204,DEFAULT_BREAKER,Breaker,38922291,K_50A,Fuse,Breaker-Fuse,2974.0,0.0110,0.0203,-0.0093,0.0,True,2351.0,0.0159,0.0249,-0.0089,0.0,True,750.0000,121,1.0000,450.0000,102,1.0000,,50K,,,50K,,2149,0,2149,11254.0,11532.0,11876.0,3080.0,250.0,175.0,175.0,525.0,
67271204,67271204,DEFAULT_BREAKER,Breaker,38919494,T_80A,Fuse,Breaker-Fuse,,,,,0.0,False,3600.0,0.0158,0.0649,-0.0491,0.0,True,,,,450.0000,102,1.0000,,,,,80T,,2149,20,2129,11254.0,11532.0,11876.0,3080.0,0.0,0.0,515.0,0,
67271204,67271204,DEFAULT_BREAKER,Breaker,38919482,K_80A,Fuse,Breaker-Fuse,,,,,0.0,False,3915.0,0.0158,0.0258,-0.0100,0.0,True,,,,450.0000,102,1.0000,,,,,80K,,2149,2,2147,11254.0,11532.0,11876.0,3080.0,25.0,0.0,0.0,0,
67271204,67271204,DEFAULT_BREAKER,Breaker,38919502,K_80A,Fuse,Breaker-Fuse,,,,,0.0,False,3379.0,0.0158,0.0307,-0.0149,0.0,True,,,,450.0000,102,1.0000,,,,,80K,,2149,2,2147,11254.0,11532.0,11876.0,3080.0,0.0,0.0,20.0,0,
67271204,67271204,DEFAULT_BREAKER,Breaker,W21_38922048,K_80A,Fuse,Breaker-Fuse,,,,,0.0,False,2705.0,0.0159,0.0415,-0.0256,0.0,True,,,,450.0000,102,1.0000,,,,,80K,,2149,1,2148,11254.0,11532.0,11876.0,3080.0,0.0,0.0,25.0,0,
67271204,67271204,DEFAULT_BREAKER,Breaker,38919473,K_80A,Fuse,Breaker-Fuse,4087.0,0.0110,0.0245,-0.0135,0.0,True,3924.0,0.0158,0.0257,-0.0100,0.0,True,750.0000,121,1.0000,450.0000,102,1.0000,,80K,,,80K,,2149,5,2144,11254.0,11532.0,11876.0,3080.0,75.0,0.0,25.0,0,
67271204,67271204,DEFAULT_BREAKER,Breaker,38919500,K_80A,Fuse,Breaker-Fuse,,,,,0.0,False,3379.0,0.0158,0.0307,-0.0149,0.0,True,,,,450.0000,102,1.0000,,,,,80K,,2149,2,2147,11254.0,11532.0,11876.0,3080.0,10.0,0.0,0.0,0,
67271204,67271204,DEFAULT_BREAKER,Breaker,569749990,K_80A,Fuse,Breaker-Fuse,,,,,0.0,False,2954.0,0.0158,0.0367,-0.0209,0.0,True,,,,450.0000,102,1.0000,,,,,80K,,2149,3,2146,11254.0,11532.0,11876.0,3080.0,0.0,0.0,15.0,0,
67271204,67271204,DEFAULT_BREAKER,Breaker,38919506,K_80A,Fuse,Breaker-Fuse,,,,,0.0,False,2954.0,0.0158,0.0367,-0.0209,0.0,True,,,,450.0000,102,1.0000,,,,,80K,,2149,1,2148,11254.0,11532.0,11876.0,3080.0,0.0,0.0,10.0,0,
67271204,67271204,DEFAULT_BREAKER,Breaker,38922303,K_50A,Fuse,Breaker-Fuse,2974.0,0.0110,0.0203,-0.0093,0.0,True,2351.0,0.0159,0.0249,-0.0089,0.0,True,750.0000,121,1.0000,450.0000,102,1.0000,,50K,,,50K,,2149,1,2148,11254.0,11532.0,11876.0,3080.0,167.0,167.0,167.0,500.0,
67271204,67271204,DEFAULT_BREAKER,Breaker,1K5W62_566147176,VPST_800A,Recloser,Breaker-Recloser,3042.0,0.0110,0.4358,-0.4248,0.2,True,2429.0,0.0159,0.5108,-0.4949,0.2,True,750.0000,121,1.0000,450.0000,102,1.0000,560.0000,U3,1.6000,300.0000,U4,4.0000,2149,118,2031,11254.0,11532.0,11876.0,3080.0,734.0,642.0,687.0,725.0,
67271204,67271204,DEFAULT_BREAKER,Breaker,W5_394524157,TRIPSAVER_II_100A,TripSaver,Breaker-TripSaver,,,,,0.2,False,2751.0,0.0159,0.1206,-0.1047,0.2,True,,,,450.0000,102,1.0000,,,,,TS80T,,2149,35,2114,11254.0,11532.0,11876.0,3080.0,0.0,445.0,0.0,0,
67271204,67271204,DEFAULT_BREAKER,Breaker,1HRE68_533963219,L_200A,Recloser,Breaker-Recloser,3431.0,0.0110,0.3327,-0.3217,0.2,True,2922.0,0.0158,0.3890,-0.3732,0.2,True,750.0000,121,1.0000,450.0000,102,1.0000,400.0000,L,,400.0000,L,,2149,695,1454,11254.0,11532.0,11876.0,3080.0,3074.0,3654.0,4159.0,545.0,
67271204,67271204,DEFAULT_BREAKER,Breaker,1MBA38_39010394,NVSS_800A,Recloser,Breaker-Recloser,2880.0,0.0110,0.4783,-0.4673,0.2,True,2247.0,0.0159,0.6038,-0.5879,0.2,True,750.0000,121,1.0000,450.0000,102,1.0000,480.0000,U3,2.0000,350.0000,U3,2.8000,2149,1197,952,11254.0,11532.0,11876.0,3080.0,6702.0,5774.0,5949.0,575.0,
67271204,67271204,DEFAULT_BREAKER,Breaker,W25-1_394524152,TRIPSAVER_II_100A,TripSaver,Breaker-TripSaver,,,,,0.2,False,2466.0,0.0159,0.1388,-0.1229,0.2,True,,,,450.0000,102,1.0000,,,,,TS80T,,2149,38,2111,11254.0,11532.0,11876.0,3080.0,0.0,460.0,0.0,0,
67271204,67271204,DEFAULT_BREAKER,Breaker,W25-1_392789379,TRIPSAVER_II_100A,TripSaver,Breaker-TripSaver,,,,,0.2,False,2466.0,0.0159,0.1388,-0.1229,0.2,True,,,,450.0000,102,1.0000,,,,,TS80T,,2149,7,2142,11254.0,11532.0,11876.0,3080.0,0.0,95.0,0.0,0,
67301202,67301202,DEFAULT_BREAKER,Breaker,396492008,K_40A,Fuse,Breaker-Fuse,2701.0,0.0110,0.0185,-0.0075,0.0,True,2125.0,0.0159,0.0224,-0.0065,0.0,True,750.0000,121,1.0000,400.0000,102,1.0000,,40K,,,40K,,141,16,125,732.0,380.0,940.0,0.0,175.0,150.0,275.0,0,
67301202,67301202,DEFAULT_BREAKER,Breaker,38919040,K_65A,Fuse,Breaker-Fuse,,,,,0.0,False,3062.0,0.0158,0.0249,-0.0091,0.0,True,,,,400.0000,102,1.0000,,,,,65K,,141,1,140,732.0,380.0,940.0,0.0,25.0,0.0,0.0,0,
67301202,67301202,DEFAULT_BREAKER,Breaker,783247128,K_65A,Fuse,Breaker-Fuse,,,,,0.0,False,2866.0,0.0158,0.0267,-0.0109,0.0,True,,,,400.0000,102,1.0000,,,,,65K,,141,4,137,732.0,380.0,940.0,0.0,0.0,0.0,95.0,0,
67301202,67301202,DEFAULT_BREAKER,Breaker,38921485,T_80A,Fuse,Breaker-Fuse,,,,,0.0,False,2315.0,0.0159,0.1383,-0.1224,0.0,True,,,,400.0000,102,1.0000,,,,,80T,,141,13,128,732.0,380.0,940.0,0.0,168.0,0.0,0.0,0,
67301202,67301202,DEFAULT_BREAKER,Breaker,38921817,T_80A,Fuse,Breaker-Fuse,2620.0,0.0112,0.1101,-0.0989,0.0,True,2037.0,0.0159,0.1772,-0.1613,0.0,True,750.0000,121,1.0000,400.0000,102,1.0000,,80T,,,80T,,141,0,141,732.0,380.0,940.0,0.0,0.0,0.0,0.0,0.0,
67301202,67301202,DEFAULT_BREAKER,Breaker,38933123,K_65A,Fuse,Breaker-Fuse,,,,,0.0,False,2840.0,0.0158,0.0269,-0.0111,0.0,True,,,,400.0000,102,1.0000,,,,,65K,,141,1,140,732.0,380.0,940.0,0.0,38.0,0.0,0.0,0,
67301202,67301202,DEFAULT_BREAKER,Breaker,38934824,K_65A,Fuse,Breaker-Fuse,,,,,0.0,False,3235.0,0.0158,0.0234,-0.0077,0.0,True,,,,400.0000,102,1.0000,,,,,65K,,141,2,139,732.0,380.0,940.0,0.0,0.0,0.0,10.0,0,
67301202,67301202,DEFAULT_BREAKER,Breaker,1XQK97_677945361,TRIPSAVER_II_100A,TripSaver,Breaker-TripSaver,,,,,0.2,False,2959.0,0.0158,0.1105,-0.0947,0.2,True,,,,400.0000,102,1.0000,,,,,TS80T,,141,20,121,732.0,380.0,940.0,0.0,138.0,0.0,0.0,0,
67301202,67301202,DEFAULT_BREAKER,Breaker,1XQK95_677945359,TRIPSAVER_II_100A,TripSaver,Breaker-TripSaver,,,,,0.2,False,2728.0,0.0158,0.1219,-0.1060,0.2,True,,,,400.0000,102,1.0000,,,,,TS80T,,141,50,91,732.0,380.0,940.0,0.0,0.0,0.0,370.0,0,
67301203,67301203,DEFAULT_BREAKER,Breaker,1K1E87_38925118,K_65A,Fuse,Breaker-Fuse,,,,,0.0,False,2026.0,0.0159,0.0421,-0.0262,0.0,True,,,,400.0000,102,1.0000,,,,,65K,,1136,11,1125,6760.0,8435.0,4860.0,225.0,225.0,0.0,0.0,0,
67301203,67301203,DEFAULT_BREAKER,Breaker,19T39_38934600,T_80A,Fuse,Breaker-Fuse,,,,,0.0,False,1714.0,0.0160,0.2475,-0.2316,0.0,True,,,,400.0000,102,1.0000,,,,,80T,,1136,23,1113,6760.0,8435.0,4860.0,225.0,255.0,0.0,0.0,0,
67301203,67301203,DEFAULT_BREAKER,Breaker,38927038,T_80A,Fuse,Breaker-Fuse,,,,,0.0,False,2787.0,0.0158,0.0993,-0.0835,0.0,True,,,,400.0000,102,1.0000,,,,,80T,,1136,8,1128,6760.0,8435.0,4860.0,225.0,0.0,0.0,165.0,0,
67301203,67301203,DEFAULT_BREAKER,Breaker,38932272,K_65A,Fuse,Breaker-Fuse,,,,,0.0,False,2779.0,0.0158,0.0277,-0.0119,0.0,True,,,,400.0000,102,1.0000,,,,,65K,,1136,2,1134,6760.0,8435.0,4860.0,225.0,40.0,0.0,0.0,0,
67301203,67301203,DEFAULT_BREAKER,Breaker,1K1E88_38921259,K_65A,Fuse,Breaker-Fuse,,,,,0.0,False,2013.0,0.0159,0.0425,-0.0266,0.0,True,,,,400.0000,102,1.0000,,,,,65K,,1136,4,1132,6760.0,8435.0,4860.0,225.0,0.0,0.0,45.0,0,
67301203,67301203,DEFAULT_BREAKER,Breaker,38936932,K_65A,Fuse,Breaker-Fuse,,,,,0.0,False,2589.0,0.0158,0.0304,-0.0146,0.0,True,,,,400.0000,102,1.0000,,,,,65K,,1136,4,1132,6760.0,8435.0,4860.0,225.0,100.0,0.0,0.0,0,
67301203,220G31_678731747,T_30A,Fuse,19TM8_38929690,T_25A,Fuse,Fuse-Fuse,,,,,0.0,False,1016.0,0.0687,0.0775,-0.0088,0.0,True,,,,,30T,,,,,,25T,,1,0,1,0.0,55.0,0.0,0,0.0,15.0,0.0,0,
67301203,67301203,DEFAULT_BREAKER,Breaker,1K1E91_38919710,K_65A,Fuse,Breaker-Fuse,,,,,0.0,False,1964.0,0.0159,0.0441,-0.0282,0.0,True,,,,400.0000,102,1.0000,,,,,65K,,1136,1,1135,6760.0,8435.0,4860.0,225.0,0.0,15.0,0.0,0,
67301203,67301203,DEFAULT_BREAKER,Breaker,785767717,T_80A,Fuse,Breaker-Fuse,,,,,0.0,False,2373.0,0.0159,0.1318,-0.1160,0.0,True,,,,400.0000,102,1.0000,,,,,80T,,1136,11,1125,6760.0,8435.0,4860.0,225.0,0.0,0.0,430.0,0,
67301203,67301203,DEFAULT_BREAKER,Breaker,1K1E97_38936505,K_65A,Fuse,Breaker-Fuse,,,,,0.0,False,1794.0,0.0160,0.0505,-0.0345,0.0,True,,,,400.0000,102,1.0000,,,,,65K,,1136,7,1129,6760.0,8435.0,4860.0,225.0,90.0,0.0,0.0,0,
67301203,67301203,DEFAULT_BREAKER,Breaker,1RRG48_38923497,K_65A,Fuse,Breaker-Fuse,,,,,0.0,False,2358.0,0.0159,0.0344,-0.0185,0.0,True,,,,400.0000,102,1.0000,,,,,65K,,1136,1,1135,6760.0,8435.0,4860.0,225.0,10.0,0.0,0.0,0,
67301203,67301203,DEFAULT_BREAKER,Breaker,1K1F03_39010568,VPST_800A,Recloser,Breaker-Recloser,1981.0,0.0117,0.6585,-0.6468,0.2,True,1677.0,0.0160,0.6576,-0.6417,0.2,True,620.0000,121,1.0000,400.0000,102,1.0000,550.0000,U4,1.2000,320.0000,U4,2.5000,1136,589,547,6760.0,8435.0,4860.0,225.0,4250.0,4058.0,2050.0,225.0,
67301203,67301203,DEFAULT_BREAKER,Breaker,9C4_39010581,L_200A,Recloser,Breaker-Recloser,2031.0,0.0115,0.5954,-0.5839,0.2,True,1748.0,0.0160,0.7595,-0.7435,0.2,True,620.0000,121,1.0000,400.0000,102,1.0000,400.0000,L,,400.0000,L,,1136,440,696,6760.0,8435.0,4860.0,225.0,1580.0,4338.0,1918.0,0,
67301203,67301203,DEFAULT_BREAKER,Breaker,1K1E86_660374273,TRIPSAVER_II_100A,TripSaver,Breaker-TripSaver,,,,,0.2,False,2072.0,0.0159,0.1776,-0.1617,0.2,True,,,,400.0000,102,1.0000,,,,,TS80T,,1136,12,1124,6760.0,8435.0,4860.0,225.0,0.0,0.0,115.0,0,
67311201,67311201,DEFAULT_BREAKER,Breaker,38918541,K_80A,Fuse,Breaker-Fuse,,,,,0.0,False,4223.0,0.0157,0.0236,-0.0079,0.0,True,,,,400.0000,102,1.0000,,,,,80K,,1320,1,1319,7170.0,5977.0,10335.0,3269.0,15.0,0.0,0.0,0,
67311201,67311201,DEFAULT_BREAKER,Breaker,376635407,K_65A,Fuse,Breaker-Fuse,,,,,0.0,False,3039.0,0.0158,0.0251,-0.0093,0.0,True,,,,400.0000,102,1.0000,,,,,65K,,1320,2,1318,7170.0,5977.0,10335.0,3269.0,40.0,0.0,0.0,0,
67311201,67311201,DEFAULT_BREAKER,Breaker,38927541,K_80A,Fuse,Breaker-Fuse,,,,,0.0,False,4596.0,0.0157,0.0215,-0.0058,0.0,True,,,,400.0000,102,1.0000,,,,,80K,,1320,4,1316,7170.0,5977.0,10335.0,3269.0,50.0,0.0,0.0,0,
67311201,242W50_846046945,T_40A,Fuse,242W53_672887650,T_80A,Fuse,Fuse-Fuse,,,,,0.0,False,1081.0,0.1022,0.6470,-0.5448,0.0,True,,,,,40T,,,,,,80T,,101,90,11,350.0,2150.0,350.0,1050.0,0.0,1375.0,0.0,0,
67311201,242W50_846046945,T_40A,Fuse,26TJ73_755615293,T_80A,Fuse,Fuse-Fuse,1626.0,0.0464,0.2742,-0.2278,0.0,True,1097.0,0.0993,0.6260,-0.5267,0.0,True,,40T,,,40T,,,80T,,,80T,,101,0,101,350.0,2150.0,350.0,1050.0,350.0,350.0,350.0,1050.0,
67311201,67311201,DEFAULT_BREAKER,Breaker,2FFT42_164216477,L_140A,Recloser,Breaker-Recloser,3213.0,0.0110,0.2597,-0.2487,0.2,True,2720.0,0.0158,0.2992,-0.2834,0.2,True,800.0000,121,1.0000,400.0000,102,1.0000,280.0000,L,,280.0000,L,,1320,355,965,7170.0,5977.0,10335.0,3269.0,2992.0,715.0,1738.0,0,
67311201,01AJ744_39010527,VPST_800A,Recloser,1H3M47_476088714,L_200A,Recloser,Recloser-Recloser,1758.0,1.0184,0.7518,0.2666,0.22,False,1202.0,1.5143,1.3934,0.1208,0.22,True,550.0000,U4,1.5000,360.0000,U4,2.5000,400.0000,L,,400.0000,L,,681,148,533,2667.0,4762.0,6265.0,3194.0,375.0,2730.0,680.0,1095.0,
67311201,67311201,DEFAULT_BREAKER,Breaker,1YHJ15_677400243,TRIPSAVER_II_200A,TripSaver,Breaker-TripSaver,,,,,0.2,False,3639.0,0.0157,0.1557,-0.1399,0.2,True,,,,400.0000,102,1.0000,,,,,TS150E,,1320,23,1297,7170.0,5977.0,10335.0,3269.0,0.0,275.0,0.0,0,
67311201,2FGA81_677138159,VPST_800A,Recloser,1H5J63_39010630,L_100A,Recloser,Recloser-Recloser,,,,,0.22,False,1983.0,0.2865,0.2941,-0.0075,0.22,True,,,,280.0000,U4,1.6000,,,,200.0000,L,,883,78,805,3750.0,4862.0,8332.0,3269.0,0.0,0.0,1280.0,0,
67311201,2FGA81_677138159,VPST_800A,Recloser,4N1.5_677400260,TRIPSAVER_II_100A,TripSaver,Recloser-TripSaver,2604.0,0.2246,0.1292,0.0955,0.22,True,2015.0,0.2806,0.1851,0.0956,0.22,True,400.0000,U4,1.0000,280.0000,U4,1.6000,,TS80T,,,TS80T,,883,25,858,3750.0,4862.0,8332.0,3269.0,230.0,0.0,112.0,0,
67311201,2FGA81_677138159,VPST_800A,Recloser,1YHK66_677400287,TRIPSAVER_II_200A,TripSaver,Recloser-TripSaver,,,,,0.22,False,2629.0,0.2065,0.2286,-0.0221,0.22,True,,,,280.0000,U4,1.6000,,,,,TS150E,,883,14,869,3750.0,4862.0,8332.0,3269.0,0.0,0.0,245.0,0,
67311201,2FGA81_677138159,VPST_800A,Recloser,4N6-1_677400269,TRIPSAVER_II_100A,TripSaver,Recloser-TripSaver,,,,,0.22,False,1885.0,0.3065,0.2052,0.1014,0.22,True,,,,280.0000,U4,1.6000,,,,,TS80T,,883,14,869,3750.0,4862.0,8332.0,3269.0,198.0,0.0,0.0,0,
67311201,67311201,DEFAULT_BREAKER,Breaker,2FGA81_677138159,VPST_800A,Recloser,Breaker-Recloser,3240.0,0.0110,0.1756,-0.1646,0.2,True,2753.0,0.0158,0.1973,-0.1814,0.2,True,800.0000,121,1.0000,400.0000,102,1.0000,400.0000,U4,1.0000,280.0000,U4,1.6000,1320,883,437,7170.0,5977.0,10335.0,3269.0,3750.0,4862.0,8332.0,3269.0,
67311201,2FGA81_677138159,VPST_800A,Recloser,01AJ744_39010527,VPST_800A,Recloser,Recloser-Recloser,2476.0,0.2395,0.5396,-0.3001,0.22,True,1875.0,0.3088,0.6645,-0.3558,0.22,True,400.0000,U4,1.0000,280.0000,U4,1.6000,550.0000,U4,1.5000,360.0000,U4,2.5000,883,681,202,3750.0,4862.0,8332.0,3269.0,2667.0,4762.0,6265.0,3194.0,
67311202,67311202,DEFAULT_BREAKER,Breaker,5P3_753970634,K_80A,Fuse,Breaker-Fuse,,,,,0.0,False,2876.0,0.0158,0.0381,-0.0223,0.0,True,,,,400.0000,102,1.0000,,,,,80K,,1401,17,1384,7284.0,7247.0,7088.0,3537.5,0.0,175.0,0.0,0,
67311202,67311202,DEFAULT_BREAKER,Breaker,38932771,K_80A,Fuse,Breaker-Fuse,,,,,0.0,False,2920.0,0.0158,0.0373,-0.0215,0.0,True,,,,400.0000,102,1.0000,,,,,80K,,1401,6,1395,7284.0,7247.0,7088.0,3537.5,0.0,0.0,90.0,0,
67311202,67311202,DEFAULT_BREAKER,Breaker,1N7R33_38927848,K_80A,Fuse,Breaker-Fuse,,,,,0.0,False,3538.0,0.0158,0.0291,-0.0133,0.0,True,,,,400.0000,102,1.0000,,,,,80K,,1401,4,1397,7284.0,7247.0,7088.0,3537.5,0.0,0.0,25.0,0,
67311202,67311202,DEFAULT_BREAKER,Breaker,2P13_38916573,T_80A,Fuse,Breaker-Fuse,3433.0,0.0110,0.0702,-0.0592,0.0,True,3031.0,0.0158,0.0864,-0.0706,0.0,True,800.0000,121,1.0000,400.0000,102,1.0000,,80T,,,80T,,1401,4,1397,7284.0,7247.0,7088.0,3537.5,202.0,125.0,135.0,375.0,
67311202,67311202,DEFAULT_BREAKER,Breaker,2P4_38918294,K_80A,Fuse,Breaker-Fuse,3832.0,0.0110,0.0264,-0.0154,0.0,True,3633.0,0.0157,0.0282,-0.0124,0.0,True,800.0000,121,1.0000,400.0000,102,1.0000,,80K,,,80K,,1401,2,1399,7284.0,7247.0,7088.0,3537.5,50.0,50.0,50.0,150.0,
67311202,67311202,DEFAULT_BREAKER,Breaker,21HC07_38933139,T_40A,Fuse,Breaker-Fuse,,,,,0.0,False,2070.0,0.0159,0.0570,-0.0411,0.0,True,,,,400.0000,102,1.0000,,,,,40T,,1401,3,1398,7284.0,7247.0,7088.0,3537.5,0.0,0.0,50.0,0,
67311202,67311202,DEFAULT_BREAKER,Breaker,5P3_753970630,K_80A,Fuse,Breaker-Fuse,,,,,0.0,False,2876.0,0.0158,0.0381,-0.0223,0.0,True,,,,400.0000,102,1.0000,,,,,80K,,1401,2,1399,7284.0,7247.0,7088.0,3537.5,0.0,15.0,0.0,0,
67311202,67311202,DEFAULT_BREAKER,Breaker,5P2_38927881,K_80A,Fuse,Breaker-Fuse,,,,,0.0,False,2929.0,0.0158,0.0372,-0.0213,0.0,True,,,,400.0000,102,1.0000,,,,,80K,,1401,5,1396,7284.0,7247.0,7088.0,3537.5,0.0,75.0,0.0,0,
67311202,67311202,DEFAULT_BREAKER,Breaker,38919284,T_40A,Fuse,Breaker-Fuse,,,,,0.0,False,2180.0,0.0159,0.0527,-0.0368,0.0,True,,,,400.0000,102,1.0000,,,,,40T,,1401,40,1361,7284.0,7247.0,7088.0,3537.5,0.0,0.0,510.0,0,
67311202,67311202,DEFAULT_BREAKER,Breaker,5P3_753970629,K_80A,Fuse,Breaker-Fuse,,,,,0.0,False,2876.0,0.0158,0.0381,-0.0223,0.0,True,,,,400.0000,102,1.0000,,,,,80K,,1401,1,1400,7284.0,7247.0,7088.0,3537.5,0.0,15.0,0.0,0,
67311202,67311202,DEFAULT_BREAKER,Breaker,38928232,K_80A,Fuse,Breaker-Fuse,,,,,0.0,False,4773.0,0.0157,0.0208,-0.0051,0.0,True,,,,400.0000,102,1.0000,,,,,80K,,1401,4,1397,7284.0,7247.0,7088.0,3537.5,25.0,0.0,0.0,0,
67311202,67311202,DEFAULT_BREAKER,Breaker,38918030,T_80A,Fuse,Breaker-Fuse,,,,,0.0,False,2408.0,0.0159,0.1281,-0.1123,0.0,True,,,,400.0000,102,1.0000,,,,,80T,,1401,8,1393,7284.0,7247.0,7088.0,3537.5,0.0,88.0,145.0,0,
67311202,67311202,DEFAULT_BREAKER,Breaker,P12_38917424,T_80A,Fuse,Breaker-Fuse,,,,,0.0,False,3880.0,0.0157,0.0572,-0.0415,0.0,True,,,,400.0000,102,1.0000,,,,,80T,,1401,3,1398,7284.0,7247.0,7088.0,3537.5,0.0,15.0,0.0,0,
67311202,67311202,DEFAULT_BREAKER,Breaker,38931873,K_80A,Fuse,Breaker-Fuse,,,,,0.0,False,2804.0,0.0158,0.0395,-0.0237,0.0,True,,,,400.0000,102,1.0000,,,,,80K,,1401,12,1389,7284.0,7247.0,7088.0,3537.5,0.0,0.0,100.0,0,
67311202,67311202,DEFAULT_BREAKER,Breaker,38931197,K_80A,Fuse,Breaker-Fuse,,,,,0.0,False,3426.0,0.0158,0.0302,-0.0144,0.0,True,,,,400.0000,102,1.0000,,,,,80K,,1401,9,1392,7284.0,7247.0,7088.0,3537.5,50.0,0.0,0.0,0,
67311202,67311202,DEFAULT_BREAKER,Breaker,3P9-6_38925190,K_80A,Fuse,Breaker-Fuse,,,,,0.0,False,2990.0,0.0158,0.0361,-0.0203,0.0,True,,,,400.0000,102,1.0000,,,,,80K,,1401,3,1398,7284.0,7247.0,7088.0,3537.5,0.0,25.0,0.0,0,
67311202,67311202,DEFAULT_BREAKER,Breaker,2P8_130787424,K_80A,Fuse,Breaker-Fuse,,,,,0.0,False,3196.0,0.0158,0.0329,-0.0171,0.0,True,,,,400.0000,102,1.0000,,,,,80K,,1401,5,1396,7284.0,7247.0,7088.0,3537.5,167.0,0.0,0.0,0,
67311202,67311202,DEFAULT_BREAKER,Breaker,38929134,T_40A,Fuse,Breaker-Fuse,,,,,0.0,False,2180.0,0.0159,0.0527,-0.0368,0.0,True,,,,400.0000,102,1.0000,,,,,40T,,1401,1,1400,7284.0,7247.0,7088.0,3537.5,0.0,0.0,15.0,0,
67311202,38925290,T_80A,Fuse,38930013,T_80A,Fuse,Fuse-Fuse,,,,,0.0,False,4185.0,0.0279,0.0505,-0.0226,0.0,True,,,,,80T,,,,,,80T,,57,12,45,190.0,212.0,192.0,0,0.0,0.0,65.0,0,
67311202,67311202,DEFAULT_BREAKER,Breaker,7P1_38927476,T_80A,Fuse,Breaker-Fuse,,,,,0.0,False,2627.0,0.0158,0.1096,-0.0937,0.0,True,,,,400.0000,102,1.0000,,,,,80T,,1401,4,1397,7284.0,7247.0,7088.0,3537.5,75.0,0.0,75.0,0,
67311202,67311202,DEFAULT_BREAKER,Breaker,2A5X39_38917334,K_80A,Fuse,Breaker-Fuse,3125.0,0.0110,0.0340,-0.0230,0.0,True,2651.0,0.0158,0.0427,-0.0268,0.0,True,800.0000,121,1.0000,400.0000,102,1.0000,,80K,,,80K,,1401,7,1394,7284.0,7247.0,7088.0,3537.5,215.0,225.0,215.0,600.0,
67311202,67311202,DEFAULT_BREAKER,Breaker,2DCC07_38952186,K_80A,Fuse,Breaker-Fuse,3136.0,0.0110,0.0338,-0.0228,0.0,True,2664.0,0.0158,0.0424,-0.0266,0.0,True,800.0000,121,1.0000,400.0000,102,1.0000,,80K,,,80K,,1401,8,1393,7284.0,7247.0,7088.0,3537.5,112.0,188.0,138.0,262.5,
67311202,67311202,DEFAULT_BREAKER,Breaker,P12_654578881,TRIPSAVER_II_200A,TripSaver,Breaker-TripSaver,,,,,0.2,False,3880.0,0.0157,0.1072,-0.0915,0.2,True,,,,400.0000,102,1.0000,,,,,TS100T,,1401,52,1349,7284.0,7247.0,7088.0,3537.5,0.0,805.0,0.0,0,
67311202,67311202,DEFAULT_BREAKER,Breaker,3P12-1_654578866,TRIPSAVER_II_100A,TripSaver,Breaker-TripSaver,3464.0,0.0110,0.0932,-0.0822,0.2,True,3097.0,0.0158,0.1050,-0.0892,0.2,True,800.0000,121,1.0000,400.0000,102,1.0000,,TS80T,,,TS80T,,1401,40,1361,7284.0,7247.0,7088.0,3537.5,414.0,240.0,290.0,550.0,
67311202,67311202,DEFAULT_BREAKER,Breaker,3P13_654578857,TRIPSAVER_II_200A,TripSaver,Breaker-TripSaver,3466.0,0.0110,0.1226,-0.1116,0.2,True,3100.0,0.0158,0.1417,-0.1259,0.2,True,800.0000,121,1.0000,400.0000,102,1.0000,,TS100T,,,TS100T,,1401,63,1338,7284.0,7247.0,7088.0,3537.5,112.0,628.0,220.0,337.5,
67311202,67311202,DEFAULT_BREAKER,Breaker,2FGA74_657038354,VPST_800A,Recloser,Breaker-Recloser,2849.0,0.0111,0.2018,-0.1907,0.2,True,2313.0,0.0159,0.2372,-0.2213,0.2,True,800.0000,121,1.0000,400.0000,102,1.0000,400.0000,U4,1.0000,280.0000,U4,1.6000,1401,324,1077,7284.0,7247.0,7088.0,3537.5,1618.0,15.0,2532.0,0,
67311202,67311202,DEFAULT_BREAKER,Breaker,1W6Q08_657218811,TRIPSAVER_II_200A,TripSaver,Breaker-TripSaver,4377.0,0.0110,0.1316,-0.1206,0.2,True,4627.0,0.0157,0.1259,-0.1102,0.2,True,800.0000,121,1.0000,400.0000,102,1.0000,,TS150E,,,TS150E,,1401,74,1327,7284.0,7247.0,7088.0,3537.5,240.0,262.0,245.0,0,
67311202,67311202,DEFAULT_BREAKER,Breaker,2P14_654578888,TRIPSAVER_II_200A,TripSaver,Breaker-TripSaver,3417.0,0.0110,0.1248,-0.1138,0.2,True,3008.0,0.0158,0.1476,-0.1318,0.2,True,800.0000,121,1.0000,400.0000,102,1.0000,,TS100T,,,TS100T,,1401,1,1400,7284.0,7247.0,7088.0,3537.5,15.0,0.0,0.0,0,
67311202,67311202,DEFAULT_BREAKER,Breaker,P15_654578898,TRIPSAVER_II_200A,TripSaver,Breaker-TripSaver,3856.0,0.0110,0.1079,-0.0969,0.2,True,3663.0,0.0157,0.1146,-0.0989,0.2,True,800.0000,121,1.0000,400.0000,102,1.0000,,TS100T,,,TS100T,,1401,56,1345,7284.0,7247.0,7088.0,3537.5,519.0,272.0,362.0,500.0,
67311202,67311202,DEFAULT_BREAKER,Breaker,1W8H20_657592092,VPST_800A,Recloser,Breaker-Recloser,2887.0,0.0110,0.5179,-0.5069,0.2,True,2352.0,0.0159,0.5380,-0.5222,0.2,True,800.0000,121,1.0000,400.0000,102,1.0000,680.0000,U3,1.4000,440.0000,U3,2.0000,1401,359,1042,7284.0,7247.0,7088.0,3537.5,945.0,3462.0,690.0,225.0,
67311202,67311202,DEFAULT_BREAKER,Breaker,3P1_769927347,TRIPSAVER_II_100A,TripSaver,Breaker-TripSaver,3626.0,0.0110,0.0891,-0.0781,0.2,True,3307.0,0.0158,0.0978,-0.0820,0.2,True,800.0000,121,1.0000,400.0000,102,1.0000,,TS80T,,,TS80T,,1401,28,1373,7284.0,7247.0,7088.0,3537.5,50.0,50.0,300.0,150.0,
67311202,67311202,DEFAULT_BREAKER,Breaker,25GB47_753970618,CMR_140A,Recloser,Breaker-Recloser,,,,,0.2,False,2824.0,0.0158,0.2898,-0.2740,0.2,True,,,,400.0000,102,1.0000,,,,280.0000,L,,1401,111,1290,7284.0,7247.0,7088.0,3537.5,1632.0,0.0,0.0,0,
67321202,16LKK4_38932320,T_50A,Fuse,2A6E09_784446291,T_50A,Fuse,Fuse-Fuse,,,,,0.0,False,1424.0,0.0924,0.1543,-0.0619,0.0,True,,,,,50T,,,,,,50T,,6,4,2,130.0,0.0,0.0,0,115.0,0.0,0.0,0,
67321202,67321202,DEFAULT_BREAKER,Breaker,2M2E62_38931603,T_80A,Fuse,Breaker-Fuse,,,,,0.0,False,2510.0,0.0335,0.1182,-0.0848,0.0,True,,,,300.0000,105,1.0000,,,,,80T,,852,11,841,4155.0,4425.0,4988.0,150.0,0.0,0.0,340.0,0,
67321202,67321202,DEFAULT_BREAKER,Breaker,1K3N89_38917776,T_80A,Fuse,Breaker-Fuse,,,,,0.0,False,2724.0,0.0292,0.1032,-0.0740,0.0,True,,,,300.0000,105,1.0000,,,,,80T,,852,29,823,4155.0,4425.0,4988.0,150.0,0.0,0.0,490.0,0,
67321202,16A6_38930099,T_80A,Fuse,2A5Q72_783557076,T_80A,Fuse,Fuse-Fuse,,,,,0.0,False,1291.0,0.2766,0.4342,-0.1575,0.0,True,,,,,80T,,,,,,80T,,1,1,0,0.0,15.0,0.0,0,0.0,15.0,0.0,0,
67321202,67321202,DEFAULT_BREAKER,Breaker,38920889,K_65A,Fuse,Breaker-Fuse,,,,,0.0,False,3069.0,0.0236,0.0248,-0.0012,0.0,True,,,,300.0000,105,1.0000,,,,,65K,,852,3,849,4155.0,4425.0,4988.0,150.0,25.0,0.0,0.0,0,
67321202,67321202,DEFAULT_BREAKER,Breaker,38921323,K_65A,Fuse,Breaker-Fuse,,,,,0.0,False,2914.0,0.0259,0.0262,-0.0003,0.0,True,,,,300.0000,105,1.0000,,,,,65K,,852,1,851,4155.0,4425.0,4988.0,150.0,140.0,0.0,0.0,0,
67321202,18A7_38920271,T_40A,Fuse,18AF2_38934205,T_100A,Fuse,Fuse-Fuse,,,,,0.0,False,1598.0,0.0480,0.4941,-0.4461,0.0,True,,,,,40T,,,,,,100T,,21,19,2,25.0,290.0,25.0,75.0,0.0,265.0,0.0,0,
67321202,67321202,DEFAULT_BREAKER,Breaker,01BD561_39010910,VPST_800A,Recloser,Breaker-Recloser,2607.0,0.0208,0.4236,-0.4027,0.2,True,1988.0,0.0481,0.6029,-0.5548,0.2,True,560.0000,104,1.0000,300.0000,105,1.0000,500.0000,U4,1.5000,360.0000,U4,2.5000,852,358,494,4155.0,4425.0,4988.0,150.0,2408.0,1392.0,2050.0,75.0,
67321202,67321202,DEFAULT_BREAKER,Breaker,8A5_671028653,TRIPSAVER_II_100A,TripSaver,Breaker-TripSaver,,,,,0.2,False,2357.0,0.0372,0.1476,-0.1104,0.2,True,,,,300.0000,105,1.0000,,,,,TS80T,,852,33,819,4155.0,4425.0,4988.0,150.0,392.0,0.0,0.0,0,
67321202,67321202,DEFAULT_BREAKER,Breaker,8A5-1_779605770,CMR_140A,Recloser,Breaker-Recloser,,,,,0.2,False,2319.0,0.0382,0.3427,-0.3045,0.2,True,,,,300.0000,105,1.0000,,,,280.0000,L,,852,82,770,4155.0,4425.0,4988.0,150.0,0.0,0.0,1512.0,0,
67321202,67321202,DEFAULT_BREAKER,Breaker,1YDD89_675807101,VPST_800A,Recloser,Breaker-Recloser,2572.0,0.0214,0.4328,-0.4114,0.2,True,1955.0,0.0493,0.6197,-0.5705,0.2,True,560.0000,104,1.0000,300.0000,105,1.0000,500.0000,U4,1.5000,360.0000,U4,2.5000,852,246,606,4155.0,4425.0,4988.0,150.0,25.0,3008.0,500.0,75.0,
67351201,67351201,DEFAULT_BREAKER,Breaker,38920869,K_80A,Fuse,Breaker-Fuse,,,,,0.0,False,3521.0,0.0158,0.0292,-0.0135,0.0,True,,,,400.0000,102,1.0000,,,,,80K,,884,8,876,5580.0,3837.0,5304.0,2458.5,0.0,0.0,78.0,0,
67351201,67351201,DEFAULT_BREAKER,Breaker,38926820,K_80A,Fuse,Breaker-Fuse,,,,,0.0,False,3312.0,0.0158,0.0314,-0.0156,0.0,True,,,,400.0000,102,1.0000,,,,,80K,,884,8,876,5580.0,3837.0,5304.0,2458.5,0.0,0.0,75.0,0,
67351201,1KA17_38932711,T_80A,Fuse,1KAP4_38929682,T_80A,Fuse,Fuse-Fuse,,,,,0.0,False,1553.0,0.1927,0.2997,-0.1070,0.0,True,,,,,80T,,,,,,80T,,16,9,7,0.0,0.0,250.0,0,0.0,0.0,135.0,0,
67351201,1MJF88_39011046,VPSS_800A,Recloser,1KA17_38932711,T_80A,Fuse,Recloser-Fuse,,,,,0.0,False,1610.0,0.2180,0.2795,-0.0614,0.0,True,,,,300.0000,U5,1.5000,,,,,80T,,105,16,89,0.0,0.0,1328.0,0,0.0,0.0,250.0,0,
67351201,67351201,DEFAULT_BREAKER,Breaker,38925679,K_80A,Fuse,Breaker-Fuse,,,,,0.0,False,4376.0,0.0157,0.0226,-0.0069,0.0,True,,,,400.0000,102,1.0000,,,,,80K,,884,1,883,5580.0,3837.0,5304.0,2458.5,25.0,50.0,0.0,0,
67351201,67351201,DEFAULT_BREAKER,Breaker,2K2_38929526,K_80A,Fuse,Breaker-Fuse,3568.0,0.0110,0.0288,-0.0178,0.0,True,2999.0,0.0158,0.0360,-0.0201,0.0,True,850.0000,121,1.0000,400.0000,102,1.0000,,80K,,,80K,,884,2,882,5580.0,3837.0,5304.0,2458.5,25.0,10.0,25.0,0,
67351201,67351201,DEFAULT_BREAKER,Breaker,2K9_169235210,K_80A,Fuse,Breaker-Fuse,,,,,0.0,False,2705.0,0.0158,0.0415,-0.0257,0.0,True,,,,400.0000,102,1.0000,,,,,80K,,884,0,884,5580.0,3837.0,5304.0,2458.5,50.0,0.0,0.0,0,
67351201,67351201,DEFAULT_BREAKER,Breaker,38928378,K_80A,Fuse,Breaker-Fuse,,,,,0.0,False,2742.0,0.0158,0.0407,-0.0249,0.0,True,,,,400.0000,102,1.0000,,,,,80K,,884,2,882,5580.0,3837.0,5304.0,2458.5,0.0,0.0,25.0,0,
67351201,67351201,DEFAULT_BREAKER,Breaker,38925590,K_80A,Fuse,Breaker-Fuse,,,,,0.0,False,2919.0,0.0158,0.0373,-0.0215,0.0,True,,,,400.0000,102,1.0000,,,,,80K,,884,6,878,5580.0,3837.0,5304.0,2458.5,0.0,25.0,0.0,0,
67351201,1MJF88_39011046,VPSS_800A,Recloser,1KA17_38932682,T_80A,Fuse,Recloser-Fuse,,,,,0.0,False,1610.0,0.2180,0.2795,-0.0614,0.0,True,,,,300.0000,U5,1.5000,,,,,80T,,105,33,72,0.0,0.0,1328.0,0,0.0,0.0,430.0,0,
67351201,67351201,DEFAULT_BREAKER,Breaker,38916029,K_65A,Fuse,Breaker-Fuse,3235.0,0.0110,0.0234,-0.0124,0.0,True,2602.0,0.0158,0.0302,-0.0144,0.0,True,850.0000,121,1.0000,400.0000,102,1.0000,,65K,,,65K,,884,2,882,5580.0,3837.0,5304.0,2458.5,100.0,100.0,100.0,300.0,
67351201,67351201,DEFAULT_BREAKER,Breaker,38931867,K_65A,Fuse,Breaker-Fuse,,,,,0.0,False,2650.0,0.0158,0.0295,-0.0136,0.0,True,,,,400.0000,102,1.0000,,,,,65K,,884,2,882,5580.0,3837.0,5304.0,2458.5,0.0,0.0,25.0,0,
67351201,67351201,DEFAULT_BREAKER,Breaker,2K6_38928138,T_80A,Fuse,Breaker-Fuse,3445.0,0.0110,0.0698,-0.0588,0.0,True,2847.0,0.0158,0.0959,-0.0800,0.0,True,850.0000,121,1.0000,400.0000,102,1.0000,,80T,,,80T,,884,16,868,5580.0,3837.0,5304.0,2458.5,692.0,632.0,680.0,1776.0,
67351201,67351201,DEFAULT_BREAKER,Breaker,38933171,K_80A,Fuse,Breaker-Fuse,,,,,0.0,False,5046.0,0.0157,0.0197,-0.0041,0.0,True,,,,400.0000,102,1.0000,,,,,80K,,884,20,864,5580.0,3837.0,5304.0,2458.5,200.0,0.0,0.0,0,
67351201,67351201,DEFAULT_BREAKER,Breaker,1MJF88_39011046,VPSS_800A,Recloser,Breaker-Recloser,,,,,0.2,False,3170.0,0.0158,0.1742,-0.1584,0.2,True,,,,400.0000,102,1.0000,,,,300.0000,U5,1.5000,884,105,779,5580.0,3837.0,5304.0,2458.5,0.0,0.0,1328.0,0,
67351201,67351201,DEFAULT_BREAKER,Breaker,K23_650687762,TRIPSAVER_II_100A,TripSaver,Breaker-TripSaver,,,,,0.2,False,3430.0,0.0158,0.0941,-0.0784,0.2,True,,,,400.0000,102,1.0000,,,,,TS80T,,884,45,839,5580.0,3837.0,5304.0,2458.5,0.0,388.0,0.0,0,
67351201,67351201,DEFAULT_BREAKER,Breaker,2K9_650687751,TRIPSAVER_II_100A,TripSaver,Breaker-TripSaver,,,,,0.2,False,2705.0,0.0158,0.1232,-0.1073,0.2,True,,,,400.0000,102,1.0000,,,,,TS80T,,884,13,871,5580.0,3837.0,5304.0,2458.5,230.0,0.0,0.0,0,
67351201,67351201,DEFAULT_BREAKER,Breaker,3K5_39010894,L_200A,Recloser,Breaker-Recloser,,,,,0.2,False,2507.0,0.0159,0.4562,-0.4403,0.2,True,,,,400.0000,102,1.0000,,,,400.0000,L,,884,166,718,5580.0,3837.0,5304.0,2458.5,2408.0,0.0,0.0,0,
67351201,67351201,DEFAULT_BREAKER,Breaker,1TJJ18_676399512,VPST_800A,Recloser,Breaker-Recloser,3128.0,0.0110,0.4683,-0.4573,0.2,True,2478.0,0.0159,0.4599,-0.4440,0.2,True,850.0000,121,1.0000,400.0000,102,1.0000,680.0000,U3,1.4000,360.0000,U3,2.2000,884,411,473,5580.0,3837.0,5304.0,2458.5,1528.0,2088.0,2558.0,75.0,
67351201,67351201,DEFAULT_BREAKER,Breaker,2K6_769154282,TRIPSAVER_II_100A,TripSaver,Breaker-TripSaver,,,,,0.2,False,2847.0,0.0158,0.1157,-0.0999,0.2,True,,,,400.0000,102,1.0000,,,,,TS80T,,884,8,876,5580.0,3837.0,5304.0,2458.5,40.0,0.0,0.0,0,
67351201,67351201,DEFAULT_BREAKER,Breaker,1WFA67_650687746,TRIPSAVER_II_200A,TripSaver,Breaker-TripSaver,,,,,0.2,False,3871.0,0.0157,0.1075,-0.0917,0.2,True,,,,400.0000,102,1.0000,,,,,TS100T,,884,14,870,5580.0,3837.0,5304.0,2458.5,0.0,190.0,0.0,0,
67351203,67351203,DEFAULT_BREAKER,Breaker,J15_38917342,T_80A,Fuse,Breaker-Fuse,4198.0,0.0110,0.0502,-0.0392,0.0,True,3858.0,0.0157,0.0578,-0.0421,0.0,True,850.0000,121,1.0000,400.0000,102,1.0000,,80T,,,80T,,292,13,279,1662.0,2575.0,1350.0,2082.5,40.0,40.0,140.0,120.0,
67351203,67351203,DEFAULT_BREAKER,Breaker,38916015,K_80A,Fuse,Breaker-Fuse,4937.0,0.0110,0.0201,-0.0091,0.0,True,5095.0,0.0156,0.0196,-0.0039,0.0,True,850.0000,121,1.0000,400.0000,102,1.0000,,80K,,,80K,,292,1,291,1662.0,2575.0,1350.0,2082.5,50.0,50.0,50.0,150.0,
67351203,67351203,DEFAULT_BREAKER,Breaker,165585365,K_80A,Fuse,Breaker-Fuse,4488.0,0.0110,0.0220,-0.0110,0.0,True,4305.0,0.0157,0.0230,-0.0074,0.0,True,850.0000,121,1.0000,400.0000,102,1.0000,,80K,,,80K,,292,10,282,1662.0,2575.0,1350.0,2082.5,375.0,375.0,325.0,975.0,
67351203,3J.5_39010802,VPSS_800A,Recloser,38929116,T_80A,Fuse,Recloser-Fuse,,,,,0.0,False,2580.0,0.1078,0.1129,-0.0051,0.0,True,,,,200.0000,132,1.0000,,,,,80T,,107,4,103,0.0,1170.0,0.0,112.5,0.0,55.0,0.0,0,
67351203,67351203,DEFAULT_BREAKER,Breaker,38931252,K_80A,Fuse,Breaker-Fuse,4092.0,0.0110,0.0245,-0.0135,0.0,True,3709.0,0.0157,0.0275,-0.0117,0.0,True,850.0000,121,1.0000,400.0000,102,1.0000,,80K,,,80K,,292,2,290,1662.0,2575.0,1350.0,2082.5,100.0,100.0,100.0,300.0,
67351203,67351203,DEFAULT_BREAKER,Breaker,38920261,K_65A,Fuse,Breaker-Fuse,,,,,0.0,False,3980.0,0.0157,0.0191,-0.0034,0.0,True,,,,400.0000,102,1.0000,,,,,65K,,292,25,267,1662.0,2575.0,1350.0,2082.5,0.0,0.0,185.0,0,
67351203,67351203,DEFAULT_BREAKER,Breaker,38928619,K_80A,Fuse,Breaker-Fuse,,,,,0.0,False,3961.0,0.0157,0.0254,-0.0097,0.0,True,,,,400.0000,102,1.0000,,,,,80K,,292,3,289,1662.0,2575.0,1350.0,2082.5,0.0,0.0,50.0,0,
67351203,67351203,DEFAULT_BREAKER,Breaker,38928046,K_80A,Fuse,Breaker-Fuse,,,,,0.0,False,3709.0,0.0157,0.0275,-0.0117,0.0,True,,,,400.0000,102,1.0000,,,,,80K,,292,3,289,1662.0,2575.0,1350.0,2082.5,0.0,0.0,15.0,0,
67351203,67351203,DEFAULT_BREAKER,Breaker,38917692,K_80A,Fuse,Breaker-Fuse,4033.0,0.0110,0.0249,-0.0139,0.0,True,3625.0,0.0157,0.0282,-0.0125,0.0,True,850.0000,121,1.0000,400.0000,102,1.0000,,80K,,,80K,,292,1,291,1662.0,2575.0,1350.0,2082.5,50.0,100.0,50.0,200.0,
67351203,67351203,DEFAULT_BREAKER,Breaker,38919678,K_65A,Fuse,Breaker-Fuse,,,,,0.0,False,3803.0,0.0157,0.0198,-0.0041,0.0,True,,,,400.0000,102,1.0000,,,,,65K,,292,35,257,1662.0,2575.0,1350.0,2082.5,405.0,0.0,0.0,0,
67351203,3J.5_39010802,VPSS_800A,Recloser,38931981,T_80A,Fuse,Recloser-Fuse,,,,,0.0,False,2613.0,0.1068,0.1106,-0.0038,0.0,True,,,,200.0000,132,1.0000,,,,,80T,,107,7,100,0.0,1170.0,0.0,112.5,0.0,125.0,0.0,0,
67351203,67351203,DEFAULT_BREAKER,Breaker,38925539,K_80A,Fuse,Breaker-Fuse,5081.0,0.0110,0.0196,-0.0086,0.0,True,5348.0,0.0156,0.0187,-0.0031,0.0,True,850.0000,121,1.0000,400.0000,102,1.0000,,80K,,,80K,,292,4,288,1662.0,2575.0,1350.0,2082.5,50.0,0.0,25.0,0,
67351203,67351203,DEFAULT_BREAKER,Breaker,3J.5_39010802,VPSS_800A,Recloser,Breaker-Recloser,,,,,0.2,False,4569.0,0.0157,0.0823,-0.0666,0.2,True,,,,400.0000,102,1.0000,,,,200.0000,132,1.0000,292,107,185,1662.0,2575.0,1350.0,2082.5,0.0,1170.0,0.0,112.5,
67351203,67351203,DEFAULT_BREAKER,Breaker,J18_669340536,TRIPSAVER_II_200A,TripSaver,Breaker-TripSaver,3951.0,0.0110,0.1050,-0.0940,0.2,True,3508.0,0.0158,0.1208,-0.1050,0.2,True,850.0000,121,1.0000,400.0000,102,1.0000,,TS100T,,,TS100T,,292,13,279,1662.0,2575.0,1350.0,2082.5,140.0,50.0,125.0,75.0,
67351203,67351203,DEFAULT_BREAKER,Breaker,J15_669340526,TRIPSAVER_II_100A,TripSaver,Breaker-TripSaver,4198.0,0.0110,0.0783,-0.0673,0.2,True,3858.0,0.0157,0.0842,-0.0684,0.2,True,850.0000,121,1.0000,400.0000,102,1.0000,,TS80T,,,TS80T,,292,40,252,1662.0,2575.0,1350.0,2082.5,50.0,465.0,50.0,0,
67351204,67351204,DEFAULT_BREAKER,Breaker,38950326,SMU-20_(E)_125A,Fuse,Breaker-Fuse,3389.0,0.0110,0.1052,-0.0942,0.0,True,2784.0,0.0158,0.1458,-0.1300,0.0,True,850.0000,121,1.0000,400.0000,102,1.0000,,125E_14.4kV,,,125E_14.4kV,,462,1,461,4518.0,5413.0,5788.0,10916.0,667.0,667.0,667.0,2000.0,
67351204,67351204,DEFAULT_BREAKER,Breaker,2H6K85_38920791,SMU-20_(E)_50A,Fuse,Breaker-Fuse,2946.0,0.0112,0.0380,-0.0268,0.0,True,2287.0,0.0159,0.0485,-0.0326,0.0,True,850.0000,121,1.0000,400.0000,102,1.0000,,50E_14.4kV,,,50E_14.4kV,,462,1,461,4518.0,5413.0,5788.0,10916.0,333.0,333.0,333.0,1000.0,
67351204,67351204,DEFAULT_BREAKER,Breaker,38930479,K_65A,Fuse,Breaker-Fuse,4531.0,0.0110,0.0173,-0.0063,0.0,True,4363.0,0.0157,0.0178,-0.0021,0.0,True,850.0000,121,1.0000,400.0000,102,1.0000,,65K,,,65K,,462,2,460,4518.0,5413.0,5788.0,10916.0,257.0,242.0,242.0,725.0,
67351204,67351204,DEFAULT_BREAKER,Breaker,1KLN82_38919244,K_65A,Fuse,Breaker-Fuse,2938.0,0.0112,0.0260,-0.0148,0.0,True,2277.0,0.0159,0.0360,-0.0201,0.0,True,850.0000,121,1.0000,400.0000,102,1.0000,,65K,,,65K,,462,1,461,4518.0,5413.0,5788.0,10916.0,100.0,100.0,100.0,300.0,
67351204,67351204,DEFAULT_BREAKER,Breaker,38920190,K_65A,Fuse,Breaker-Fuse,3921.0,0.0110,0.0193,-0.0083,0.0,True,3472.0,0.0158,0.0217,-0.0060,0.0,True,850.0000,121,1.0000,400.0000,102,1.0000,,65K,,,65K,,462,4,458,4518.0,5413.0,5788.0,10916.0,40.0,15.0,40.0,45.0,
67351204,67351204,DEFAULT_BREAKER,Breaker,5H6_38917144,K_65A,Fuse,Breaker-Fuse,,,,,0.0,False,2330.0,0.0159,0.0349,-0.0190,0.0,True,,,,400.0000,102,1.0000,,,,,65K,,462,4,458,4518.0,5413.0,5788.0,10916.0,0.0,0.0,105.0,0,
67351204,67351204,DEFAULT_BREAKER,Breaker,38936892,K_65A,Fuse,Breaker-Fuse,,,,,0.0,False,3369.0,0.0158,0.0225,-0.0067,0.0,True,,,,400.0000,102,1.0000,,,,,65K,,462,7,455,4518.0,5413.0,5788.0,10916.0,75.0,0.0,0.0,0,
67351204,67351204,DEFAULT_BREAKER,Breaker,5H8_38918348,SMU-20_(E)_50A,Fuse,Breaker-Fuse,2989.0,0.0111,0.0376,-0.0265,0.0,True,2333.0,0.0159,0.0475,-0.0316,0.0,True,850.0000,121,1.0000,400.0000,102,1.0000,,50E_14.4kV,,,50E_14.4kV,,462,1,461,4518.0,5413.0,5788.0,10916.0,333.0,333.0,333.0,1000.0,
67351204,67351204,DEFAULT_BREAKER,Breaker,1KLN82_38930372,K_65A,Fuse,Breaker-Fuse,,,,,0.0,False,2277.0,0.0159,0.0360,-0.0201,0.0,True,,,,400.0000,102,1.0000,,,,,65K,,462,7,455,4518.0,5413.0,5788.0,10916.0,25.0,0.0,0.0,0,
67351204,67351204,DEFAULT_BREAKER,Breaker,H11_38926906,K_65A,Fuse,Breaker-Fuse,,,,,0.0,False,4123.0,0.0157,0.0186,-0.0029,0.0,True,,,,400.0000,102,1.0000,,,,,65K,,462,5,457,4518.0,5413.0,5788.0,10916.0,0.0,0.0,50.0,0,
67351204,67351204,DEFAULT_BREAKER,Breaker,1K3F81_38922472,K_30A,Fuse,Breaker-Fuse,2862.0,0.0114,0.0155,-0.0041,0.0,True,2198.0,0.0159,0.0182,-0.0024,0.0,True,850.0000,121,1.0000,400.0000,102,1.0000,,30K,,,30K,,462,8,454,4518.0,5413.0,5788.0,10916.0,167.0,167.0,167.0,500.0,
67351204,67351204,DEFAULT_BREAKER,Breaker,1EWQ51_38928224,K_30A,Fuse,Breaker-Fuse,2859.0,0.0114,0.0155,-0.0041,0.0,True,2196.0,0.0159,0.0183,-0.0024,0.0,True,850.0000,121,1.0000,400.0000,102,1.0000,,30K,,,30K,,462,3,459,4518.0,5413.0,5788.0,10916.0,50.0,50.0,100.0,150.0,
67351204,67351204,DEFAULT_BREAKER,Breaker,2QEY65_828033555,SMU-20_(E)_50A,Fuse,Breaker-Fuse,2994.0,0.0111,0.0375,-0.0264,0.0,True,2338.0,0.0159,0.0474,-0.0315,0.0,True,850.0000,121,1.0000,400.0000,102,1.0000,,50E_14.4kV,,,50E_14.4kV,,462,0,462,4518.0,5413.0,5788.0,10916.0,0.0,0.0,0.0,1000.0,
67351204,67351204,DEFAULT_BREAKER,Breaker,5H6_355504566,K_65A,Fuse,Breaker-Fuse,2988.0,0.0111,0.0255,-0.0144,0.0,True,2332.0,0.0159,0.0349,-0.0190,0.0,True,850.0000,121,1.0000,400.0000,102,1.0000,,65K,,,65K,,462,3,459,4518.0,5413.0,5788.0,10916.0,25.0,25.0,50.0,100.0,
67351204,67351204,DEFAULT_BREAKER,Breaker,H10_38934541,K_65A,Fuse,Breaker-Fuse,,,,,0.0,False,4242.0,0.0157,0.0182,-0.0025,0.0,True,,,,400.0000,102,1.0000,,,,,65K,,462,17,445,4518.0,5413.0,5788.0,10916.0,0.0,0.0,100.0,0,
67351204,67351204,DEFAULT_BREAKER,Breaker,1EWQ51_38933812,K_65A,Fuse,Breaker-Fuse,,,,,0.0,False,2179.0,0.0159,0.0381,-0.0222,0.0,True,,,,400.0000,102,1.0000,,,,,65K,,462,7,455,4518.0,5413.0,5788.0,10916.0,0.0,130.0,0.0,0,
67351204,67351204,DEFAULT_BREAKER,Breaker,2M3W39_38927102,K_65A,Fuse,Breaker-Fuse,,,,,0.0,False,3831.0,0.0157,0.0197,-0.0040,0.0,True,,,,400.0000,102,1.0000,,,,,65K,,462,3,459,4518.0,5413.0,5788.0,10916.0,50.0,0.0,0.0,0,
67351204,67351204,DEFAULT_BREAKER,Breaker,H16_677147110,TRIPSAVER_II_200A,TripSaver,Breaker-TripSaver,4059.0,0.0110,0.1020,-0.0910,0.2,True,3660.0,0.0157,0.1147,-0.0990,0.2,True,850.0000,121,1.0000,400.0000,102,1.0000,,TS100T,,,TS100T,,462,65,397,4518.0,5413.0,5788.0,10916.0,455.0,300.0,562.0,750.0,
67351204,67351204,DEFAULT_BREAKER,Breaker,H10_677147094,TRIPSAVER_II_100A,TripSaver,Breaker-TripSaver,4457.0,0.0110,0.0748,-0.0638,0.2,True,4246.0,0.0157,0.0776,-0.0619,0.2,True,850.0000,121,1.0000,400.0000,102,1.0000,,TS80T,,,TS80T,,462,25,437,4518.0,5413.0,5788.0,10916.0,275.0,340.0,295.0,720.0,
67351204,67351204,DEFAULT_BREAKER,Breaker,H12_785209518,TRIPSAVER_II_100A,TripSaver,Breaker-TripSaver,,,,,0.2,False,3975.0,0.0157,0.0820,-0.0663,0.2,True,,,,400.0000,102,1.0000,,,,,TS80T,,462,11,451,4518.0,5413.0,5788.0,10916.0,130.0,0.0,0.0,0,
67351204,67351204,DEFAULT_BREAKER,Breaker,5HL3_677147076,TRIPSAVER_II_100A,TripSaver,Breaker-TripSaver,2890.0,0.0113,0.1136,-0.1023,0.2,True,2228.0,0.0159,0.1597,-0.1438,0.2,True,850.0000,121,1.0000,400.0000,102,1.0000,,TS80T,,,TS80T,,462,107,355,4518.0,5413.0,5788.0,10916.0,627.0,719.0,1412.0,1550.0,
67351204,67351204,DEFAULT_BREAKER,Breaker,677147085,TRIPSAVER_II_100A,TripSaver,Breaker-TripSaver,2831.0,0.0114,0.1164,-0.1050,0.2,True,2167.0,0.0159,0.1662,-0.1503,0.2,True,850.0000,121,1.0000,400.0000,102,1.0000,,TS80T,,,TS80T,,462,10,452,4518.0,5413.0,5788.0,10916.0,267.0,217.0,322.0,651.0,
67351204,67351204,DEFAULT_BREAKER,Breaker,H8-1B_677147103,TRIPSAVER_II_200A,TripSaver,Breaker-TripSaver,,,,,0.2,False,4373.0,0.0157,0.0943,-0.0786,0.2,True,,,,400.0000,102,1.0000,,,,,TS100T,,462,103,359,4518.0,5413.0,5788.0,10916.0,0.0,1218.0,0.0,0,
67361201,67361201,DEFAULT_BREAKER,Breaker,V42_38921167,K_65A,Fuse,Breaker-Fuse,,,,,0.0,False,1794.0,0.0162,0.0505,-0.0343,0.0,True,,,,480.0000,102,1.0000,,,,,65K,,1356,2,1354,9160.0,7845.0,5508.0,0,30.0,0.0,0.0,0,
67361201,20KC50_668481435,K_25A,Fuse,2LPT76_812390594,K_25A,Fuse,Fuse-Fuse,,,,,0.0,False,1021.0,0.0124,0.0302,-0.0178,0.0,True,,,,,25K,,,,,,25K,,12,5,7,0.0,0.0,225.0,0,0.0,0.0,150.0,0,
67361201,2QEW66_38921513,T_40A,Fuse,38921649,T_40A,Fuse,Fuse-Fuse,,,,,0.0,False,522.0,0.4407,0.6406,-0.1999,0.0,True,,,,,40T,,,,,,40T,,72,2,70,0.0,1118.0,0.0,0,0.0,15.0,0.0,0,
67361201,67361201,DEFAULT_BREAKER,Breaker,38930079,K_80A,Fuse,Breaker-Fuse,,,,,0.0,False,2447.0,0.0159,0.0477,-0.0318,0.0,True,,,,480.0000,102,1.0000,,,,,80K,,1356,3,1353,9160.0,7845.0,5508.0,0,0.0,88.0,0.0,0,
67361201,2QEW66_38921513,T_40A,Fuse,38921657,T_40A,Fuse,Fuse-Fuse,,,,,0.0,False,502.0,0.4770,0.6986,-0.2216,0.0,True,,,,,40T,,,,,,40T,,72,10,62,0.0,1118.0,0.0,0,0.0,160.0,0.0,0,
67361201,2QEW66_38921513,T_40A,Fuse,16KN15_38921683,T_40A,Fuse,Fuse-Fuse,,,,,0.0,False,464.0,0.5595,0.8319,-0.2723,0.0,True,,,,,40T,,,,,,40T,,72,2,70,0.0,1118.0,0.0,0,0.0,25.0,0.0,0,
67361201,2QEW66_38921513,T_40A,Fuse,38921701,T_40A,Fuse,Fuse-Fuse,,,,,0.0,False,452.0,0.5900,0.8816,-0.2916,0.0,True,,,,,40T,,,,,,40T,,72,1,71,0.0,1118.0,0.0,0,0.0,15.0,0.0,0,
67361201,67361201,DEFAULT_BREAKER,Breaker,38923603,T_80A,Fuse,Breaker-Fuse,,,,,0.0,False,3233.0,0.0158,0.0776,-0.0617,0.0,True,,,,480.0000,102,1.0000,,,,,80T,,1356,8,1348,9160.0,7845.0,5508.0,0,0.0,195.0,0.0,0,
67361201,67361201,DEFAULT_BREAKER,Breaker,38917843,K_80A,Fuse,Breaker-Fuse,,,,,0.0,False,2674.0,0.0159,0.0422,-0.0263,0.0,True,,,,480.0000,102,1.0000,,,,,80K,,1356,23,1333,9160.0,7845.0,5508.0,0,288.0,0.0,0.0,0,
67361201,2QEW66_38921513,T_40A,Fuse,38921645,T_40A,Fuse,Fuse-Fuse,,,,,0.0,False,525.0,0.4356,0.6325,-0.1969,0.0,True,,,,,40T,,,,,,40T,,72,2,70,0.0,1118.0,0.0,0,0.0,65.0,0.0,0,
67361201,2QEW66_38921513,T_40A,Fuse,38921621,T_40A,Fuse,Fuse-Fuse,,,,,0.0,False,543.0,0.4068,0.5929,-0.1861,0.0,True,,,,,40T,,,,,,40T,,72,4,68,0.0,1118.0,0.0,0,0.0,60.0,0.0,0,
67361201,2QEW66_38921513,T_40A,Fuse,16K8_38921651,T_40A,Fuse,Fuse-Fuse,,,,,0.0,False,507.0,0.4675,0.6834,-0.2159,0.0,True,,,,,40T,,,,,,40T,,72,2,70,0.0,1118.0,0.0,0,0.0,25.0,0.0,0,
67361201,2QEW66_38921513,T_40A,Fuse,38921705,T_40A,Fuse,Fuse-Fuse,,,,,0.0,False,446.0,0.6062,0.9082,-0.3019,0.0,True,,,,,40T,,,,,,40T,,72,5,67,0.0,1118.0,0.0,0,0.0,45.0,0.0,0,
67361201,2QEW66_38921513,T_40A,Fuse,38921697,T_40A,Fuse,Fuse-Fuse,,,,,0.0,False,450.0,0.5954,0.8904,-0.2950,0.0,True,,,,,40T,,,,,,40T,,72,4,68,0.0,1118.0,0.0,0,0.0,70.0,0.0,0,
67361201,2QEW66_38921513,T_40A,Fuse,38921691,T_40A,Fuse,Fuse-Fuse,,,,,0.0,False,458.0,0.5745,0.8562,-0.2817,0.0,True,,,,,40T,,,,,,40T,,72,3,69,0.0,1118.0,0.0,0,0.0,25.0,0.0,0,
67361201,2QEW66_38921513,T_40A,Fuse,38921709,T_40A,Fuse,Fuse-Fuse,,,,,0.0,False,446.0,0.6062,0.9082,-0.3019,0.0,True,,,,,40T,,,,,,40T,,72,3,69,0.0,1118.0,0.0,0,0.0,70.0,0.0,0,
67361201,2QEW66_38921513,T_40A,Fuse,16KN15_740341932,T_40A,Fuse,Fuse-Fuse,,,,,0.0,False,464.0,0.5595,0.8319,-0.2723,0.0,True,,,,,40T,,,,,,40T,,72,0,72,0.0,1118.0,0.0,0,0.0,10.0,0.0,0,
67361201,2QEW66_38921513,T_40A,Fuse,2QEW66_38925049,T_40A,Fuse,Fuse-Fuse,,,,,0.0,False,552.0,0.3935,0.5747,-0.1812,0.0,True,,,,,40T,,,,,,40T,,72,1,71,0.0,1118.0,0.0,0,0.0,15.0,0.0,0,
67361201,2QEW66_38921513,T_40A,Fuse,38921617,T_40A,Fuse,Fuse-Fuse,,,,,0.0,False,533.0,0.4224,0.6142,-0.1918,0.0,True,,,,,40T,,,,,,40T,,72,4,68,0.0,1118.0,0.0,0,0.0,40.0,0.0,0,
67361201,2QEW66_38921513,T_40A,Fuse,38919058,T_40A,Fuse,Fuse-Fuse,,,,,0.0,False,519.0,0.4459,0.6488,-0.2030,0.0,True,,,,,40T,,,,,,40T,,72,5,67,0.0,1118.0,0.0,0,0.0,55.0,0.0,0,
67361201,67361201,DEFAULT_BREAKER,Breaker,38931555,K_65A,Fuse,Breaker-Fuse,,,,,0.0,False,1991.0,0.0160,0.0432,-0.0272,0.0,True,,,,480.0000,102,1.0000,,,,,65K,,1356,1,1355,9160.0,7845.0,5508.0,0,0.0,15.0,0.0,0,
67361201,67361201,DEFAULT_BREAKER,Breaker,V30_38934243,K_65A,Fuse,Breaker-Fuse,,,,,0.0,False,2127.0,0.0160,0.0393,-0.0234,0.0,True,,,,480.0000,102,1.0000,,,,,65K,,1356,1,1355,9160.0,7845.0,5508.0,0,0.0,15.0,0.0,0,
67361201,67361201,DEFAULT_BREAKER,Breaker,38916051,K_80A,Fuse,Breaker-Fuse,,,,,0.0,False,2441.0,0.0159,0.0479,-0.0320,0.0,True,,,,480.0000,102,1.0000,,,,,80K,,1356,1,1355,9160.0,7845.0,5508.0,0,0.0,15.0,0.0,0,
67361201,67361201,DEFAULT_BREAKER,Breaker,38936367,K_80A,Fuse,Breaker-Fuse,,,,,0.0,False,2435.0,0.0159,0.0480,-0.0321,0.0,True,,,,480.0000,102,1.0000,,,,,80K,,1356,2,1354,9160.0,7845.0,5508.0,0,30.0,0.0,0.0,0,
67361201,2QEW66_38921513,T_40A,Fuse,16K14_38921677,T_40A,Fuse,Fuse-Fuse,,,,,0.0,False,470.0,0.5451,0.8085,-0.2633,0.0,True,,,,,40T,,,,,,40T,,72,3,69,0.0,1118.0,0.0,0,0.0,25.0,0.0,0,
67361201,67361201,DEFAULT_BREAKER,Breaker,38919136,K_80A,Fuse,Breaker-Fuse,,,,,0.0,False,2841.0,0.0159,0.0388,-0.0229,0.0,True,,,,480.0000,102,1.0000,,,,,80K,,1356,1,1355,9160.0,7845.0,5508.0,0,25.0,0.0,0.0,0,
67361201,2QEW66_38921513,T_40A,Fuse,16K12_38921671,T_40A,Fuse,Fuse-Fuse,,,,,0.0,False,483.0,0.5158,0.7610,-0.2452,0.0,True,,,,,40T,,,,,,40T,,72,2,70,0.0,1118.0,0.0,0,0.0,15.0,0.0,0,
67361201,67361201,DEFAULT_BREAKER,Breaker,V10_38917837,T_80A,Fuse,Breaker-Fuse,,,,,0.0,False,3078.0,0.0158,0.0842,-0.0683,0.0,True,,,,480.0000,102,1.0000,,,,,80T,,1356,5,1351,9160.0,7845.0,5508.0,0,75.0,0.0,0.0,0,
67361201,2QEW66_38921513,T_40A,Fuse,38921665,T_40A,Fuse,Fuse-Fuse,,,,,0.0,False,498.0,0.4848,0.7111,-0.2263,0.0,True,,,,,40T,,,,,,40T,,72,4,68,0.0,1118.0,0.0,0,0.0,68.0,0.0,0,
67361201,67361201,DEFAULT_BREAKER,Breaker,01AR559_168363495,VPST_800A,Recloser,Breaker-Recloser,2147.0,0.0112,0.6309,-0.6196,0.2,True,1761.0,0.0163,0.7304,-0.7140,0.2,True,620.0000,121,1.0000,480.0000,102,1.0000,560.0000,U4,1.3000,350.0000,U4,2.6000,1356,869,487,9160.0,7845.0,5508.0,0,5980.0,6162.0,2248.0,0,
67361201,67361201,DEFAULT_BREAKER,Breaker,V30_724097266,TRIPSAVER_II_100A,TripSaver,Breaker-TripSaver,,,,,0.2,False,2120.0,0.0160,0.1717,-0.1557,0.2,True,,,,480.0000,102,1.0000,,,,,TS80T,,1356,13,1343,9160.0,7845.0,5508.0,0,178.0,0.0,0.0,0,
67361201,67361201,DEFAULT_BREAKER,Breaker,V32_39010993,CMR_140A,Recloser,Breaker-Recloser,,,,,0.2,False,2051.0,0.0160,0.3879,-0.3720,0.2,True,,,,480.0000,102,1.0000,,,,280.0000,L,,1356,64,1292,9160.0,7845.0,5508.0,0,982.0,0.0,0.0,0,
67361201,67361201,DEFAULT_BREAKER,Breaker,V5_39011015,CMR_140A,Recloser,Breaker-Recloser,,,,,0.2,False,3480.0,0.0158,0.2435,-0.2277,0.2,True,,,,480.0000,102,1.0000,,,,280.0000,L,,1356,75,1281,9160.0,7845.0,5508.0,0,1402.0,0.0,0.0,0,
67361201,67361201,DEFAULT_BREAKER,Breaker,V27_39010834,CMR_140A,Recloser,Breaker-Recloser,,,,,0.2,False,2207.0,0.0159,0.3595,-0.3435,0.2,True,,,,480.0000,102,1.0000,,,,280.0000,L,,1356,180,1176,9160.0,7845.0,5508.0,0,0.0,0.0,3208.0,0,
67361201,67361201,DEFAULT_BREAKER,Breaker,01AR558_39010984,CMR_100A,Recloser,Breaker-Recloser,,,,,0.2,False,1781.0,0.0163,0.3222,-0.3060,0.2,True,,,,480.0000,102,1.0000,,,,200.0000,L,,1356,84,1272,9160.0,7845.0,5508.0,0,0.0,1115.0,0.0,0,
67361201,67361201,DEFAULT_BREAKER,Breaker,V10_737915354,TRIPSAVER_II_100A,TripSaver,Breaker-TripSaver,,,,,0.2,False,3082.0,0.0158,0.1055,-0.0897,0.2,True,,,,480.0000,102,1.0000,,,,,TS80T,,1356,8,1348,9160.0,7845.0,5508.0,0,0.0,160.0,0.0,0,
67361202,67361202,DEFAULT_BREAKER,Breaker,3L24_38919878,T_80A,Fuse,Breaker-Fuse,,,,,0.0,False,1789.0,0.0162,0.2278,-0.2116,0.0,True,,,,480.0000,102,1.0000,,,,,80T,,1112,3,1109,6845.0,7232.0,5622.0,0,0.0,0.0,65.0,0,
67361202,1K3C68_543294077,T_30A,Fuse,38933600,K_25A,Fuse,Fuse-Fuse,,,,,0.0,False,2264.0,0.0142,0.0145,-0.0003,0.0,True,,,,,30T,,,,,,25K,,10,2,8,90.0,0.0,0.0,0,15.0,0.0,0.0,0,
67361202,67361202,DEFAULT_BREAKER,Breaker,38931203,K_80A,Fuse,Breaker-Fuse,,,,,0.0,False,3078.0,0.0158,0.0347,-0.0188,0.0,True,,,,480.0000,102,1.0000,,,,,80K,,1112,3,1109,6845.0,7232.0,5622.0,0,25.0,0.0,0.0,0,
67361202,67361202,DEFAULT_BREAKER,Breaker,38923627,K_140A,Fuse,Breaker-Fuse,,,,,0.0,False,3219.0,0.0158,0.0804,-0.0645,0.0,True,,,,480.0000,102,1.0000,,,,,140K,,1112,101,1011,6845.0,7232.0,5622.0,0,1808.0,0.0,0.0,0,
67361202,67361202,DEFAULT_BREAKER,Breaker,38923631,T_80A,Fuse,Breaker-Fuse,,,,,0.0,False,3219.0,0.0158,0.0781,-0.0623,0.0,True,,,,480.0000,102,1.0000,,,,,80T,,1112,52,1060,6845.0,7232.0,5622.0,0,790.0,0.0,0.0,0,
67361202,67361202,DEFAULT_BREAKER,Breaker,3L19_38933173,K_25A,Fuse,Breaker-Fuse,,,,,0.0,False,1981.0,0.0160,0.0161,-0.0001,0.0,True,,,,480.0000,102,1.0000,,,,,25K,,1112,2,1110,6845.0,7232.0,5622.0,0,0.0,0.0,50.0,0,
67361202,255D02_779670607,T_80A,Fuse,255D16_779670611,T_65A,Fuse,Fuse-Fuse,,,,,0.0,False,1638.0,0.1736,0.1796,-0.0060,0.0,True,,,,,80T,,,,,,65T,,8,2,6,0.0,0.0,170.0,0,0.0,0.0,30.0,0,
67361202,67361202,DEFAULT_BREAKER,Breaker,38917823,T_50A,Fuse,Breaker-Fuse,,,,,0.0,False,2253.0,0.0159,0.0714,-0.0554,0.0,True,,,,480.0000,102,1.0000,,,,,50T,,1112,2,1110,6845.0,7232.0,5622.0,0,40.0,0.0,0.0,0,
67361202,67361202,DEFAULT_BREAKER,Breaker,3L23-1_39011050,CMR_140A,Recloser,Breaker-Recloser,,,,,0.2,False,1806.0,0.0162,0.4428,-0.4266,0.2,True,,,,480.0000,102,1.0000,,,,280.0000,L,,1112,258,854,6845.0,7232.0,5622.0,0,0.0,4955.0,0.0,0,
67361202,67361202,DEFAULT_BREAKER,Breaker,1RKJ56_668962832,VPSS_800A,Recloser,Breaker-Recloser,,,,,0.2,False,1809.0,0.0161,0.2429,-0.2267,0.2,True,,,,480.0000,102,1.0000,,,,200.0000,U4,1.9000,1112,103,1009,6845.0,7232.0,5622.0,0,0.0,0.0,1900.0,0,
67361202,67361202,DEFAULT_BREAKER,Breaker,249W17_781684172,VPST_800A,Recloser,Breaker-Recloser,2114.0,0.0113,0.3457,-0.3344,0.2,True,1723.0,0.0165,0.4252,-0.4087,0.2,True,620.0000,121,1.0000,480.0000,102,1.0000,420.0000,U4,1.1000,300.0000,U4,1.8000,1112,584,528,6845.0,7232.0,5622.0,0,4142.0,2278.0,3582.0,0,
67371201,2A7M19_783665945,K_40A,Fuse,1CMP49_38931475,K_100A,Fuse,Fuse-Fuse,,,,,0.0,False,983.0,0.0323,0.3717,-0.3394,0.0,True,,,,,40K,,,,,,100K,,540,97,443,2372.0,2498.0,4622.0,750.0,0.0,1380.0,0.0,0,
67371201,2A7M19_783665945,K_40A,Fuse,1CMP42_452291903,T_80A,Fuse,Fuse-Fuse,,,,,0.0,False,1350.0,0.0173,0.3931,-0.3758,0.0,True,,,,,40K,,,,,,80T,,540,2,538,2372.0,2498.0,4622.0,750.0,0.0,25.0,0.0,0,
67371201,39082892,T_50A,Fuse,2MXR93_530021302,T_50A,Fuse,Fuse-Fuse,,,,,0.0,False,579.0,0.5200,0.8841,-0.3641,0.0,True,,,,,50T,,,,,,50T,,98,53,45,0.0,0.0,1570.0,0,0.0,0.0,795.0,0,
67371201,2A7M19_783665945,K_40A,Fuse,38936325,T_65A,Fuse,Fuse-Fuse,,,,,0.0,False,1388.0,0.0163,0.2436,-0.2273,0.0,True,,,,,40K,,,,,,65T,,540,0,540,2372.0,2498.0,4622.0,750.0,0.0,10.0,0.0,0,
67371201,67371201,DEFAULT_BREAKER,Breaker,38936036,K_65A,Fuse,Breaker-Fuse,,,,,0.0,False,3922.0,0.0157,0.0193,-0.0036,0.0,True,,,,400.0000,102,1.0000,,,,,65K,,930,2,928,5742.0,3310.0,7730.0,1537.5,0.0,0.0,25.0,0,
67371201,2A7M19_783665945,K_40A,Fuse,38930921,T_65A,Fuse,Fuse-Fuse,,,,,0.0,False,899.0,0.0385,0.5733,-0.5348,0.0,True,,,,,40K,,,,,,65T,,540,6,534,2372.0,2498.0,4622.0,750.0,100.0,0.0,0.0,0,
67371201,2A7M19_783665945,K_40A,Fuse,1CMP44_363044914,T_80A,Fuse,Fuse-Fuse,,,,,0.0,False,1263.0,0.0197,0.4561,-0.4364,0.0,True,,,,,40K,,,,,,80T,,540,1,539,2372.0,2498.0,4622.0,750.0,25.0,0.0,0.0,0,
67371201,2A7M19_783665945,K_40A,Fuse,1CMP43_38925009,T_80A,Fuse,Fuse-Fuse,,,,,0.0,False,1309.0,0.0184,0.4209,-0.4025,0.0,True,,,,,40K,,,,,,80T,,540,7,533,2372.0,2498.0,4622.0,750.0,0.0,95.0,0.0,0,
67371201,2A7M19_783665945,K_40A,Fuse,38921559,K_25A,Fuse,Fuse-Fuse,1533.0,0.0134,0.0198,-0.0064,0.0,True,1121.0,0.0249,0.0268,-0.0019,0.0,True,,40K,,,40K,,,25K,,,25K,,540,2,538,2372.0,2498.0,4622.0,750.0,75.0,50.0,50.0,150.0,
67371201,2A7M19_783665945,K_40A,Fuse,1CMP44_38924943,T_80A,Fuse,Fuse-Fuse,,,,,0.0,False,1263.0,0.0197,0.4561,-0.4364,0.0,True,,,,,40K,,,,,,80T,,540,47,493,2372.0,2498.0,4622.0,750.0,690.0,0.0,0.0,0,
67371201,39082892,T_50A,Fuse,1CMP52_39085141,T_65A,Fuse,Fuse-Fuse,,,,,0.0,False,589.0,0.5024,1.3484,-0.8460,0.0,True,,,,,50T,,,,,,65T,,98,45,53,0.0,0.0,1570.0,0,0.0,0.0,775.0,0,
67371201,2A7M19_783665945,K_40A,Fuse,1CMP49_38922508,K_100A,Fuse,Fuse-Fuse,,,,,0.0,False,983.0,0.0323,0.3717,-0.3394,0.0,True,,,,,40K,,,,,,100K,,540,0,540,2372.0,2498.0,4622.0,750.0,0.0,0.0,0.0,0,
67371201,2A7M19_783665945,K_40A,Fuse,1CMP45_38923746,T_80A,Fuse,Fuse-Fuse,1688.0,0.0111,0.2550,-0.2439,0.0,True,1244.0,0.0203,0.4719,-0.4516,0.0,True,,40K,,,40K,,,80T,,,80T,,540,1,539,2372.0,2498.0,4622.0,750.0,50.0,50.0,50.0,150.0,
67371201,67371201,DEFAULT_BREAKER,Breaker,38932779,K_65A,Fuse,Breaker-Fuse,,,,,0.0,False,3696.0,0.0157,0.0203,-0.0046,0.0,True,,,,400.0000,102,1.0000,,,,,65K,,930,3,927,5742.0,3310.0,7730.0,1537.5,0.0,40.0,0.0,0,
67371201,2A7M19_783665945,K_40A,Fuse,1XPQ81_655059440,T_80A,Fuse,Fuse-Fuse,,,,,0.0,False,1366.0,0.0169,0.3842,-0.3673,0.0,True,,,,,40K,,,,,,80T,,540,21,519,2372.0,2498.0,4622.0,750.0,0.0,342.0,0.0,0,
67371201,2A7M19_783665945,K_40A,Fuse,2E6_38922948,K_25A,Fuse,Fuse-Fuse,,,,,0.0,False,1177.0,0.0226,0.0252,-0.0025,0.0,True,,,,,40K,,,,,,25K,,540,1,539,2372.0,2498.0,4622.0,750.0,0.0,0.0,25.0,0,
67371201,2A7M19_783665945,K_40A,Fuse,1CMP43_38928477,T_80A,Fuse,Fuse-Fuse,,,,,0.0,False,1309.0,0.0184,0.4209,-0.4025,0.0,True,,,,,40K,,,,,,80T,,540,1,539,2372.0,2498.0,4622.0,750.0,0.0,30.0,0.0,0,
67371201,2A7M19_783665945,K_40A,Fuse,38926087,T_65A,Fuse,Fuse-Fuse,,,,,0.0,False,854.0,0.0425,0.6344,-0.5919,0.0,True,,,,,40K,,,,,,65T,,540,37,503,2372.0,2498.0,4622.0,750.0,790.0,0.0,0.0,0,
67371201,2A7M19_783665945,K_40A,Fuse,1CMP41_38934509,T_80A,Fuse,Fuse-Fuse,,,,,0.0,False,1454.0,0.0149,0.3404,-0.3255,0.0,True,,,,,40K,,,,,,80T,,540,10,530,2372.0,2498.0,4622.0,750.0,0.0,100.0,0.0,0,
67371201,67371201,DEFAULT_BREAKER,Breaker,2ACF99_39084989,K_40A,Fuse,Breaker-Fuse,2796.0,0.0112,0.0180,-0.0068,0.0,True,2386.0,0.0159,0.0204,-0.0045,0.0,True,800.0000,121,1.0000,400.0000,102,1.0000,,40K,,,40K,,930,666,264,5742.0,3310.0,7730.0,1537.5,4475.0,2900.0,4790.0,1057.5,
67371201,2A7M19_783665945,K_40A,Fuse,1CMP48_38920064,K_100A,Fuse,Fuse-Fuse,,,,,0.0,False,1054.0,0.0281,0.3230,-0.2949,0.0,True,,,,,40K,,,,,,100K,,540,11,529,2372.0,2498.0,4622.0,750.0,0.0,0.0,238.0,0,
67371201,67371201,DEFAULT_BREAKER,Breaker,2F6_38918264,K_80A,Fuse,Breaker-Fuse,3190.0,0.0110,0.0330,-0.0220,0.0,True,2910.0,0.0158,0.0375,-0.0217,0.0,True,800.0000,121,1.0000,400.0000,102,1.0000,,80K,,,80K,,930,2,928,5742.0,3310.0,7730.0,1537.5,50.0,50.0,50.0,150.0,
67371201,67371201,DEFAULT_BREAKER,Breaker,2F4_38929077,K_80A,Fuse,Breaker-Fuse,3288.0,0.0110,0.0317,-0.0207,0.0,True,3077.0,0.0158,0.0347,-0.0189,0.0,True,800.0000,121,1.0000,400.0000,102,1.0000,,80K,,,80K,,930,11,919,5742.0,3310.0,7730.0,1537.5,265.0,10.0,25.0,0,
67371201,2A7M19_783665945,K_40A,Fuse,38933968,K_25A,Fuse,Fuse-Fuse,,,,,0.0,False,1074.0,0.0271,0.0283,-0.0012,0.0,True,,,,,40K,,,,,,25K,,540,1,539,2372.0,2498.0,4622.0,750.0,0.0,25.0,0.0,0,
67371201,2A7M19_783665945,K_40A,Fuse,1CMP47_38929666,K_100A,Fuse,Fuse-Fuse,,,,,0.0,False,1130.0,0.0245,0.2845,-0.2600,0.0,True,,,,,40K,,,,,,100K,,540,58,482,2372.0,2498.0,4622.0,750.0,0.0,0.0,850.0,0,
67371201,2A7M19_783665945,K_40A,Fuse,1CMP42_38936383,T_80A,Fuse,Fuse-Fuse,,,,,0.0,False,1350.0,0.0173,0.3931,-0.3758,0.0,True,,,,,40K,,,,,,80T,,540,5,535,2372.0,2498.0,4622.0,750.0,0.0,55.0,0.0,0,
67371201,2A7M19_783665945,K_40A,Fuse,38930007,T_65A,Fuse,Fuse-Fuse,,,,,0.0,False,1058.0,0.0279,0.4160,-0.3880,0.0,True,,,,,40K,,,,,,65T,,540,8,532,2372.0,2498.0,4622.0,750.0,0.0,0.0,165.0,0,
67371201,2A7M19_783665945,K_40A,Fuse,363044899,T_65A,Fuse,Fuse-Fuse,,,,,0.0,False,1272.0,0.0194,0.2893,-0.2699,0.0,True,,,,,40K,,,,,,65T,,540,1,539,2372.0,2498.0,4622.0,750.0,0.0,0.0,15.0,0,
67371201,2A7M19_783665945,K_40A,Fuse,38932895,T_65A,Fuse,Fuse-Fuse,,,,,0.0,False,854.0,0.0425,0.6344,-0.5919,0.0,True,,,,,40K,,,,,,65T,,540,12,528,2372.0,2498.0,4622.0,750.0,392.0,0.0,0.0,0,
67371201,67371201,DEFAULT_BREAKER,Breaker,F10_655909615,TRIPSAVER_II_100A,TripSaver,Breaker-TripSaver,,,,,0.2,False,3521.0,0.0158,0.0917,-0.0760,0.2,True,,,,400.0000,102,1.0000,,,,,TS80T,,930,12,918,5742.0,3310.0,7730.0,1537.5,0.0,160.0,0.0,0,
67371201,67371201,DEFAULT_BREAKER,Breaker,1CLW94_457920889,VPST_800A,Recloser,Breaker-Recloser,2815.0,0.0111,0.2883,-0.2772,0.2,True,2410.0,0.0159,0.2936,-0.2777,0.2,True,800.0000,121,1.0000,400.0000,102,1.0000,680.0000,U4,0.6000,360.0000,U4,1.5000,930,196,734,5742.0,3310.0,7730.0,1537.5,442.0,85.0,2670.0,180.0,
67371201,67371201,DEFAULT_BREAKER,Breaker,2F7_655909620,TRIPSAVER_II_200A,TripSaver,Breaker-TripSaver,,,,,0.2,False,2841.0,0.0158,0.1599,-0.1441,0.2,True,,,,400.0000,102,1.0000,,,,,TS100T,,930,26,904,5742.0,3310.0,7730.0,1537.5,370.0,0.0,0.0,0,
67371202,67371202,DEFAULT_BREAKER,Breaker,38917070,K_80A,Fuse,Breaker-Fuse,3299.0,0.0110,0.0316,-0.0206,0.0,True,3161.0,0.0158,0.0334,-0.0176,0.0,True,680.0000,121,1.0000,430.0000,102,1.0000,,80K,,,80K,,1137,12,1125,8293.0,5831.0,7286.0,2125.0,397.0,242.0,242.0,725.0,
67371202,67371202,DEFAULT_BREAKER,Breaker,2QKM33_38920554,K_65A,Fuse,Breaker-Fuse,,,,,0.0,False,2090.0,0.0159,0.0403,-0.0243,0.0,True,,,,430.0000,102,1.0000,,,,,65K,,1137,0,1137,8293.0,5831.0,7286.0,2125.0,15.0,0.0,0.0,0,
67371202,67371202,DEFAULT_BREAKER,Breaker,1EHY82_38936988,K_65A,Fuse,Breaker-Fuse,,,,,0.0,False,2423.0,0.0159,0.0332,-0.0173,0.0,True,,,,430.0000,102,1.0000,,,,,65K,,1137,0,1137,8293.0,5831.0,7286.0,2125.0,0.0,0.0,0.0,0,
67371202,67371202,DEFAULT_BREAKER,Breaker,G2_38936469,K_65A,Fuse,Breaker-Fuse,,,,,0.0,False,4310.0,0.0157,0.0180,-0.0022,0.0,True,,,,430.0000,102,1.0000,,,,,65K,,1137,13,1124,8293.0,5831.0,7286.0,2125.0,0.0,288.0,0.0,0,
67371202,1GH11_49282703,K_65A,Fuse,38925198,K_65A,Fuse,Fuse-Fuse,,,,,0.0,False,1332.0,0.0454,0.0792,-0.0339,0.0,True,,,,,65K,,,,,,65K,,29,3,26,620.0,0.0,0.0,0,75.0,0.0,0.0,0,
67371202,G15_38923488,K_80A,Fuse,38932584,K_40A,Fuse,Fuse-Fuse,,,,,0.0,False,2594.0,0.0188,0.0191,-0.0003,0.0,True,,,,,80K,,,,,,40K,,5,3,2,185.0,100.0,100.0,300.0,75.0,0.0,0.0,0,
67371202,1GH11_49282703,K_65A,Fuse,38934744,K_65A,Fuse,Fuse-Fuse,,,,,0.0,False,1332.0,0.0454,0.0792,-0.0339,0.0,True,,,,,65K,,,,,,65K,,29,6,23,620.0,0.0,0.0,0,225.0,0.0,0.0,0,
67371202,67371202,DEFAULT_BREAKER,Breaker,G15_38923488,K_80A,Fuse,Breaker-Fuse,3034.0,0.0110,0.0354,-0.0244,0.0,True,2747.0,0.0158,0.0406,-0.0248,0.0,True,680.0000,121,1.0000,430.0000,102,1.0000,,80K,,,80K,,1137,5,1132,8293.0,5831.0,7286.0,2125.0,185.0,100.0,100.0,300.0,
67371202,67371202,DEFAULT_BREAKER,Breaker,2M3W42_38923971,T_65A,Fuse,Breaker-Fuse,2867.0,0.0110,0.0696,-0.0586,0.0,True,2502.0,0.0159,0.0865,-0.0706,0.0,True,680.0000,121,1.0000,430.0000,102,1.0000,,65T,,,65T,,1137,3,1134,8293.0,5831.0,7286.0,2125.0,197.0,167.0,167.0,500.0,
67371202,10GGJ8_38933343,T_40A,Fuse,1NCE67_575348938,T_40A,Fuse,Fuse-Fuse,,,,,0.0,False,844.0,0.1664,0.2569,-0.0905,0.0,True,,,,,40T,,,,,,40T,,31,11,20,0.0,575.0,0.0,0,0.0,138.0,0.0,0,
67371202,67371202,DEFAULT_BREAKER,Breaker,1EHY79_38930585,K_65A,Fuse,Breaker-Fuse,,,,,0.0,False,2520.0,0.0159,0.0315,-0.0156,0.0,True,,,,430.0000,102,1.0000,,,,,65K,,1137,2,1135,8293.0,5831.0,7286.0,2125.0,75.0,0.0,0.0,0,
67371202,67371202,DEFAULT_BREAKER,Breaker,2M3X04_38918134,K_65A,Fuse,Breaker-Fuse,,,,,0.0,False,2965.0,0.0158,0.0257,-0.0099,0.0,True,,,,430.0000,102,1.0000,,,,,65K,,1137,3,1134,8293.0,5831.0,7286.0,2125.0,0.0,0.0,55.0,0,
67371202,67371202,DEFAULT_BREAKER,Breaker,G10_38929452,K_65A,Fuse,Breaker-Fuse,,,,,0.0,False,3129.0,0.0158,0.0243,-0.0085,0.0,True,,,,430.0000,102,1.0000,,,,,65K,,1137,7,1130,8293.0,5831.0,7286.0,2125.0,0.0,0.0,205.0,0,
67371202,10GGJ8_38933343,T_40A,Fuse,1NCE68_564515630,T_40A,Fuse,Fuse-Fuse,,,,,0.0,False,841.0,0.1676,0.2586,-0.0910,0.0,True,,,,,40T,,,,,,40T,,31,9,22,0.0,575.0,0.0,0,0.0,218.0,0.0,0,
67371202,67371202,DEFAULT_BREAKER,Breaker,G11_38926778,K_65A,Fuse,Breaker-Fuse,,,,,0.0,False,3073.0,0.0158,0.0248,-0.0089,0.0,True,,,,430.0000,102,1.0000,,,,,65K,,1137,5,1132,8293.0,5831.0,7286.0,2125.0,70.0,0.0,0.0,0,
67371202,1EJA23_668577028,K_40A,Fuse,1N8W38_49952250,K_40A,Fuse,Fuse-Fuse,,,,,0.0,False,1447.0,0.0151,0.0341,-0.0191,0.0,True,,,,,40K,,,,,,40K,,7,7,0,325.0,0.0,0.0,0,325.0,0.0,0.0,0,
67371202,10GGJ7-1_38924763,K_65A,Fuse,10GGJM1_39085321,T_40A,Fuse,Fuse-Fuse,,,,,0.0,False,900.0,0.0944,0.2274,-0.1330,0.0,True,,,,,65K,,,,,,40T,,1,0,1,0.0,75.0,0.0,0,0.0,50.0,0.0,0,
67371202,67371202,DEFAULT_BREAKER,Breaker,G17_38924897,K_80A,Fuse,Breaker-Fuse,,,,,0.0,False,2615.0,0.0159,0.0435,-0.0276,0.0,True,,,,430.0000,102,1.0000,,,,,80K,,1137,3,1134,8293.0,5831.0,7286.0,2125.0,55.0,0.0,0.0,0,
67371202,67371202,DEFAULT_BREAKER,Breaker,1EHY90_38931573,K_65A,Fuse,Breaker-Fuse,,,,,0.0,False,2179.0,0.0159,0.0381,-0.0222,0.0,True,,,,430.0000,102,1.0000,,,,,65K,,1137,1,1136,8293.0,5831.0,7286.0,2125.0,15.0,0.0,0.0,0,
67371202,67371202,DEFAULT_BREAKER,Breaker,1EHY92_38920680,K_65A,Fuse,Breaker-Fuse,,,,,0.0,False,2061.0,0.0159,0.0410,-0.0251,0.0,True,,,,430.0000,102,1.0000,,,,,65K,,1137,3,1134,8293.0,5831.0,7286.0,2125.0,65.0,0.0,0.0,0,
67371202,67371202,DEFAULT_BREAKER,Breaker,2QKN67_38930573,K_65A,Fuse,Breaker-Fuse,,,,,0.0,False,2262.0,0.0159,0.0363,-0.0204,0.0,True,,,,430.0000,102,1.0000,,,,,65K,,1137,1,1136,8293.0,5831.0,7286.0,2125.0,25.0,0.0,0.0,0,
67371202,67371202,DEFAULT_BREAKER,Breaker,G6_38930859,K_65A,Fuse,Breaker-Fuse,,,,,0.0,False,3535.0,0.0158,0.0213,-0.0056,0.0,True,,,,430.0000,102,1.0000,,,,,65K,,1137,7,1130,8293.0,5831.0,7286.0,2125.0,0.0,0.0,80.0,0,
67371202,1Q5J07_752476292,L_140A,Recloser,1Q5F61_463108005,VPST_800A,Recloser,Recloser-Recloser,1885.0,0.4235,0.3253,0.0982,0.22,True,1381.0,0.6181,0.4898,0.1283,0.22,True,280.0000,L,,280.0000,L,,400.0000,U4,0.9000,280.0000,U4,1.6000,30,230,-200,0.0,540.0,0.0,0,2328.0,540.0,695.0,0,
67371202,67371202,DEFAULT_BREAKER,Breaker,1EJA37_473014171,VPST_800A,Recloser,Breaker-Recloser,2482.0,0.0110,0.5543,-0.5433,0.2,True,2016.0,0.0159,0.6703,-0.6543,0.2,True,680.0000,121,1.0000,430.0000,102,1.0000,560.0000,U4,1.5000,340.0000,U4,3.2000,1137,747,390,8293.0,5831.0,7286.0,2125.0,6585.0,3450.0,2542.0,0,
67371202,67371202,DEFAULT_BREAKER,Breaker,2M3W42_656037598,TRIPSAVER_II_100A,TripSaver,Breaker-TripSaver,,,,,0.2,False,2502.0,0.0159,0.1362,-0.1203,0.2,True,,,,430.0000,102,1.0000,,,,,TS80T,,1137,10,1127,8293.0,5831.0,7286.0,2125.0,130.0,0.0,0.0,0,
67371202,67371202,DEFAULT_BREAKER,Breaker,1EHY91_522133289,L_200A,Recloser,Breaker-Recloser,,,,,0.2,False,2133.0,0.0159,0.5589,-0.5430,0.2,True,,,,430.0000,102,1.0000,,,,400.0000,L,,1137,203,934,8293.0,5831.0,7286.0,2125.0,0.0,0.0,3545.0,0,
67371202,67371202,DEFAULT_BREAKER,Breaker,1EHY79_473014182,L_140A,Recloser,Breaker-Recloser,,,,,0.2,False,2514.0,0.0159,0.3200,-0.3041,0.2,True,,,,430.0000,102,1.0000,,,,280.0000,L,,1137,79,1058,8293.0,5831.0,7286.0,2125.0,0.0,1295.0,0.0,0,
67381202,67381202,DEFAULT_BREAKER,Breaker,2L5_38930553,T_80A,Fuse,Breaker-Fuse,,,,,0.0,False,3155.0,0.0158,0.0808,-0.0650,0.0,True,,,,450.0000,102,1.0000,,,,,80T,,918,6,912,3844.0,5270.0,8170.0,1950.0,75.0,0.0,0.0,0,
67381202,67381202,DEFAULT_BREAKER,Breaker,38921947,T_80A,Fuse,Breaker-Fuse,,,,,0.0,False,3821.0,0.0158,0.0587,-0.0430,0.0,True,,,,450.0000,102,1.0000,,,,,80T,,918,12,906,3844.0,5270.0,8170.0,1950.0,0.0,215.0,0.0,0,
67381202,67381202,DEFAULT_BREAKER,Breaker,2L1_38931897,T_80A,Fuse,Breaker-Fuse,,,,,0.0,False,3615.0,0.0158,0.0644,-0.0486,0.0,True,,,,450.0000,102,1.0000,,,,,80T,,918,2,916,3844.0,5270.0,8170.0,1950.0,50.0,0.0,0.0,0,
67381202,67381202,DEFAULT_BREAKER,Breaker,2L10_846923072,T_80A,Fuse,Breaker-Fuse,,,,,0.0,False,2673.0,0.0159,0.1065,-0.0906,0.0,True,,,,450.0000,102,1.0000,,,,,80T,,918,61,857,3844.0,5270.0,8170.0,1950.0,0.0,1548.0,0.0,75.0,
67381202,67381202,DEFAULT_BREAKER,Breaker,2L10_678649723,TRIPSAVER_II_100A,TripSaver,Breaker-TripSaver,,,,,0.2,False,2683.0,0.0159,0.1244,-0.1086,0.2,True,,,,450.0000,102,1.0000,,,,,TS80T,,918,24,894,3844.0,5270.0,8170.0,1950.0,100.0,0.0,380.0,75.0,
67381202,67381202,DEFAULT_BREAKER,Breaker,1TRF02_670216247,VPST_800A,Recloser,Breaker-Recloser,2605.0,0.0116,0.3021,-0.2905,0.2,True,2268.0,0.0159,0.3720,-0.3561,0.2,True,800.0000,121,1.0000,450.0000,102,1.0000,560.0000,U4,0.8000,340.0000,U4,2.0000,918,496,422,3844.0,5270.0,8170.0,1950.0,2400.0,2347.0,5190.0,1725.0,
67381202,1TRF02_670216247,VPST_800A,Recloser,1YMM09_678649732,TRIPSAVER_II_100A,TripSaver,Recloser-TripSaver,,,,,0.22,False,2246.0,0.3772,0.1579,0.2193,0.22,True,,,,340.0000,U4,2.0000,,,,,TS80T,,496,29,467,2400.0,2347.0,5190.0,1725.0,0.0,540.0,0.0,0,
67381202,67381202,DEFAULT_BREAKER,Breaker,2L5_678649718,TRIPSAVER_II_200A,TripSaver,Breaker-TripSaver,,,,,0.2,False,3155.0,0.0158,0.1384,-0.1225,0.2,True,,,,450.0000,102,1.0000,,,,,TS100T,,918,87,831,3844.0,5270.0,8170.0,1950.0,0.0,1042.0,0.0,0,
67381202,67381202,DEFAULT_BREAKER,Breaker,2L13-1_39010918,L_140A,Recloser,Breaker-Recloser,,,,,0.2,False,2350.0,0.0159,0.3389,-0.3230,0.2,True,,,,450.0000,102,1.0000,,,,280.0000,L,,918,200,718,3844.0,5270.0,8170.0,1950.0,1114.0,0.0,2220.0,0,
67381203,67381203,DEFAULT_BREAKER,Breaker,1T6G79_652902943,K_65A,Fuse,Breaker-Fuse,3064.0,0.0110,0.0248,-0.0138,0.0,True,3057.0,0.0158,0.0249,-0.0091,0.0,True,800.0000,121,1.0000,450.0000,102,1.0000,,65K,,,65K,,900,1,899,6051.0,6366.0,5451.0,5537.5,50.0,50.0,50.0,150.0,
67381203,67381203,DEFAULT_BREAKER,Breaker,38937104,K_65A,Fuse,Breaker-Fuse,,,,,0.0,False,2122.0,0.0159,0.0395,-0.0235,0.0,True,,,,450.0000,102,1.0000,,,,,65K,,900,3,897,6051.0,6366.0,5451.0,5537.5,30.0,0.0,0.0,0,
67381203,67381203,DEFAULT_BREAKER,Breaker,38924710,K_140A,Fuse,Breaker-Fuse,,,,,0.0,False,2205.0,0.0159,0.1561,-0.1401,0.0,True,,,,450.0000,102,1.0000,,,,,140K,,900,49,851,6051.0,6366.0,5451.0,5537.5,505.0,0.0,0.0,0,
67381203,67381203,DEFAULT_BREAKER,Breaker,2M3X22_38917891,K_65A,Fuse,Breaker-Fuse,,,,,0.0,False,2749.0,0.0159,0.0281,-0.0122,0.0,True,,,,450.0000,102,1.0000,,,,,65K,,900,1,899,6051.0,6366.0,5451.0,5537.5,30.0,0.0,0.0,0,
67381203,67381203,DEFAULT_BREAKER,Breaker,786344067,T_80A,Fuse,Breaker-Fuse,,,,,0.0,False,2571.0,0.0159,0.1136,-0.0977,0.0,True,,,,450.0000,102,1.0000,,,,,80T,,900,16,884,6051.0,6366.0,5451.0,5537.5,0.0,0.0,195.0,0,
67381203,67381203,DEFAULT_BREAKER,Breaker,1T9B86_786344049,K_65A,Fuse,Breaker-Fuse,,,,,0.0,False,4005.0,0.0158,0.0190,-0.0033,0.0,True,,,,450.0000,102,1.0000,,,,,65K,,900,26,874,6051.0,6366.0,5451.0,5537.5,0.0,372.0,0.0,0,
67381203,67381203,DEFAULT_BREAKER,Breaker,38925492,K_65A,Fuse,Breaker-Fuse,,,,,0.0,False,2623.0,0.0159,0.0299,-0.0140,0.0,True,,,,450.0000,102,1.0000,,,,,65K,,900,2,898,6051.0,6366.0,5451.0,5537.5,15.0,0.0,0.0,0,
67381203,1XMY99_39083094,SMU-20_(E)_125A,Fuse,38918922,SMU-20_(E)_125A,Fuse,Fuse-Fuse,2201.0,0.1527,0.2224,-0.0698,0.0,True,1868.0,0.2121,0.3006,-0.0886,0.0,True,,125E_14.4kV,,,125E_14.4kV,,,125E_14.4kV,,,125E_14.4kV,,12,0,12,1062.0,1062.0,1088.0,3187.5,833.0,833.0,833.0,2500.0,
67381203,67381203,DEFAULT_BREAKER,Breaker,38933956,T_80A,Fuse,Breaker-Fuse,,,,,0.0,False,3103.0,0.0158,0.0831,-0.0672,0.0,True,,,,450.0000,102,1.0000,,,,,80T,,900,0,900,6051.0,6366.0,5451.0,5537.5,0.0,0.0,0.0,0,
67381203,67381203,DEFAULT_BREAKER,Breaker,38924507,K_65A,Fuse,Breaker-Fuse,,,,,0.0,False,3572.0,0.0158,0.0211,-0.0053,0.0,True,,,,450.0000,102,1.0000,,,,,65K,,900,0,900,6051.0,6366.0,5451.0,5537.5,15.0,0.0,0.0,0,
67381203,67381203,DEFAULT_BREAKER,Breaker,38916775,K_65A,Fuse,Breaker-Fuse,,,,,0.0,False,2802.0,0.0159,0.0274,-0.0115,0.0,True,,,,450.0000,102,1.0000,,,,,65K,,900,2,898,6051.0,6366.0,5451.0,5537.5,15.0,0.0,0.0,0,
67381203,67381203,DEFAULT_BREAKER,Breaker,J26_38934874,K_65A,Fuse,Breaker-Fuse,,,,,0.0,False,2349.0,0.0159,0.0345,-0.0186,0.0,True,,,,450.0000,102,1.0000,,,,,65K,,900,1,899,6051.0,6366.0,5451.0,5537.5,0.0,25.0,0.0,0,
67381203,67381203,DEFAULT_BREAKER,Breaker,1XMY99_39083094,SMU-20_(E)_125A,Fuse,Breaker-Fuse,2348.0,0.0122,0.1978,-0.1856,0.0,True,2056.0,0.0159,0.2521,-0.2361,0.0,True,800.0000,121,1.0000,450.0000,102,1.0000,,125E_14.4kV,,,125E_14.4kV,,900,12,888,6051.0,6366.0,5451.0,5537.5,1062.0,1062.0,1088.0,3187.5,
67381203,38930338,K_40A,Fuse,38927784,K_25A,Fuse,Fuse-Fuse,,,,,0.0,False,1117.0,0.0251,0.0269,-0.0018,0.0,True,,,,,40K,,,,,,25K,,31,2,29,0.0,0.0,422.0,0,0.0,0.0,25.0,0,
67381203,67381203,DEFAULT_BREAKER,Breaker,2M2E63_38929396,K_30A,Fuse,Breaker-Fuse,2840.0,0.0111,0.0155,-0.0045,0.0,True,2727.0,0.0159,0.0159,-0.0001,0.0,True,800.0000,121,1.0000,450.0000,102,1.0000,,30K,,,30K,,900,2,898,6051.0,6366.0,5451.0,5537.5,167.0,167.0,242.0,500.0,
67381203,67381203,DEFAULT_BREAKER,Breaker,J35_656016303,TRIPSAVER_II_100A,TripSaver,Breaker-TripSaver,,,,,0.2,False,2036.0,0.0160,0.1822,-0.1663,0.2,True,,,,450.0000,102,1.0000,,,,,TS80T,,900,12,888,6051.0,6366.0,5451.0,5537.5,100.0,0.0,0.0,0,
67381203,67381203,DEFAULT_BREAKER,Breaker,1T9C48_656016340,TRIPSAVER_II_100A,TripSaver,Breaker-TripSaver,,,,,0.2,False,3184.0,0.0158,0.1018,-0.0859,0.2,True,,,,450.0000,102,1.0000,,,,,TS80T,,900,25,875,6051.0,6366.0,5451.0,5537.5,415.0,0.0,0.0,0,
67381203,67381203,DEFAULT_BREAKER,Breaker,J36-1_39010408,VPST_800A,Recloser,Breaker-Recloser,2316.0,0.0123,0.2887,-0.2764,0.2,True,2020.0,0.0160,0.3519,-0.3360,0.2,True,800.0000,121,1.0000,450.0000,102,1.0000,560.0000,U4,0.6000,300.0000,U4,1.9000,900,250,650,6051.0,6366.0,5451.0,5537.5,830.0,2612.0,215.0,150.0,
67381203,67381203,DEFAULT_BREAKER,Breaker,1T9C48_656016331,TRIPSAVER_II_200A,TripSaver,Breaker-TripSaver,3154.0,0.0110,0.1384,-0.1274,0.2,True,3206.0,0.0158,0.1354,-0.1196,0.2,True,800.0000,121,1.0000,450.0000,102,1.0000,,TS100T,,,TS100T,,900,74,826,6051.0,6366.0,5451.0,5537.5,75.0,965.0,50.0,150.0,
67381203,1XNA03_674051175,VPST_800A,Recloser,1XNA10_39010591,4H_100A,Recloser,Recloser-Recloser,,,,,0.22,False,1796.0,0.4431,0.2295,0.2136,0.22,True,,,,280.0000,U4,2.3000,,,,200.0000,4H,,376,176,200,2379.0,922.0,3557.0,1400.0,0.0,0.0,2715.0,0,
67381203,67381203,DEFAULT_BREAKER,Breaker,1XNA03_674051175,VPST_800A,Recloser,Breaker-Recloser,2313.0,0.0123,0.3019,-0.2895,0.2,True,2007.0,0.0160,0.3775,-0.3615,0.2,True,800.0000,121,1.0000,450.0000,102,1.0000,400.0000,U4,1.2000,280.0000,U4,2.3000,900,376,524,6051.0,6366.0,5451.0,5537.5,2379.0,922.0,3557.0,1400.0,
67381204,67381204,DEFAULT_BREAKER,Breaker,38925067,K_140A,Fuse,Breaker-Fuse,3520.0,0.0110,0.0699,-0.0589,0.0,True,3833.0,0.0158,0.0611,-0.0454,0.0,True,800.0000,121,1.0000,450.0000,102,1.0000,,140K,,,140K,,377,194,183,3840.0,2825.0,2415.0,1050.0,2425.0,1500.0,525.0,300.0,
67381204,67381204,DEFAULT_BREAKER,Breaker,409776494,K_140A,Fuse,Breaker-Fuse,3522.0,0.0110,0.0698,-0.0588,0.0,True,3837.0,0.0158,0.0610,-0.0453,0.0,True,800.0000,121,1.0000,450.0000,102,1.0000,,140K,,,140K,,377,160,217,3840.0,2825.0,2415.0,1050.0,1400.0,1325.0,1775.0,750.0,
67391201,67391201,DEFAULT_BREAKER,Breaker,9U4_38920552,K_65A,Fuse,Breaker-Fuse,,,,,0.0,False,2618.0,0.0159,0.0300,-0.0141,0.0,True,,,,450.0000,102,1.0000,,,,,65K,,573,1,572,5786.0,5300.0,2770.0,5522.0,25.0,0.0,0.0,0,
67391201,67391201,DEFAULT_BREAKER,Breaker,15U2_38923040,T_40A,Fuse,Breaker-Fuse,,,,,0.0,False,2364.0,0.0159,0.0466,-0.0307,0.0,True,,,,450.0000,102,1.0000,,,,,40T,,573,0,573,5786.0,5300.0,2770.0,5522.0,0.0,15.0,0.0,0,
67391201,67391201,DEFAULT_BREAKER,Breaker,2P18_38922862,K_80A,Fuse,Breaker-Fuse,2988.0,0.0110,0.0361,-0.0251,0.0,True,2390.0,0.0159,0.0493,-0.0334,0.0,True,750.0000,121,1.0000,450.0000,102,1.0000,,80K,,,80K,,573,26,547,5786.0,5300.0,2770.0,5522.0,542.0,50.0,50.0,150.0,
67391201,67391201,DEFAULT_BREAKER,Breaker,38927621,K_65A,Fuse,Breaker-Fuse,,,,,0.0,False,4781.0,0.0157,0.0166,-0.0009,0.0,True,,,,450.0000,102,1.0000,,,,,65K,,573,2,571,5786.0,5300.0,2770.0,5522.0,0.0,25.0,0.0,0,
67391201,67391201,DEFAULT_BREAKER,Breaker,38929212,K_65A,Fuse,Breaker-Fuse,,,,,0.0,False,5008.0,0.0157,0.0160,-0.0003,0.0,True,,,,450.0000,102,1.0000,,,,,65K,,573,6,567,5786.0,5300.0,2770.0,5522.0,0.0,90.0,0.0,0,
67391201,1HTB88_456774441,T_50A,Fuse,11URJC3_38915897,T_50A,Fuse,Fuse-Fuse,,,,,0.0,False,1499.0,0.0838,0.1405,-0.0566,0.0,True,,,,,50T,,,,,,50T,,44,2,42,1038.0,0.0,0.0,0,180.0,0.0,0.0,0,
67391201,11URJ2_38933303,T_65A,Fuse,1HTB88_456774441,T_50A,Fuse,Fuse-Fuse,,,,,0.0,False,1605.0,0.1110,0.1239,-0.0129,0.0,True,,,,,65T,,,,,,50T,,45,44,1,1062.0,0.0,0.0,0,1038.0,0.0,0.0,0,
67391201,67391201,DEFAULT_BREAKER,Breaker,38930883,K_65A,Fuse,Breaker-Fuse,,,,,0.0,False,4526.0,0.0157,0.0173,-0.0016,0.0,True,,,,450.0000,102,1.0000,,,,,65K,,573,1,572,5786.0,5300.0,2770.0,5522.0,0.0,25.0,0.0,0,
67391201,2P18_38922862,K_80A,Fuse,1HTF43_519136042,K_50A,Fuse,Fuse-Fuse,,,,,0.0,False,2275.0,0.0242,0.0256,-0.0014,0.0,True,,,,,80K,,,,,,50K,,26,8,18,542.0,50.0,50.0,150.0,267.0,0.0,0.0,0,
67391201,67391201,DEFAULT_BREAKER,Breaker,38916419,K_80A,Fuse,Breaker-Fuse,3389.0,0.0110,0.0306,-0.0196,0.0,True,2851.0,0.0159,0.0386,-0.0227,0.0,True,750.0000,121,1.0000,450.0000,102,1.0000,,80K,,,80K,,573,10,563,5786.0,5300.0,2770.0,5522.0,162.0,162.0,162.0,487.5,
67391201,67391201,DEFAULT_BREAKER,Breaker,38932324,K_80A,Fuse,Breaker-Fuse,,,,,0.0,False,5645.0,0.0157,0.0178,-0.0022,0.0,True,,,,450.0000,102,1.0000,,,,,80K,,573,22,551,5786.0,5300.0,2770.0,5522.0,0.0,415.0,0.0,0,
67391201,1HTB88_456774441,T_50A,Fuse,11URJC3_794037914,T_50A,Fuse,Fuse-Fuse,,,,,0.0,False,1499.0,0.0838,0.1405,-0.0566,0.0,True,,,,,50T,,,,,,50T,,44,0,44,1038.0,0.0,0.0,0,25.0,0.0,0.0,0,
67391201,2P18_38922862,K_80A,Fuse,1HTF43_519136036,K_50A,Fuse,Fuse-Fuse,,,,,0.0,False,2275.0,0.0242,0.0256,-0.0014,0.0,True,,,,,80K,,,,,,50K,,26,16,10,542.0,50.0,50.0,150.0,200.0,0.0,0.0,0,
67391201,67391201,DEFAULT_BREAKER,Breaker,9U3_38923599,K_80A,Fuse,Breaker-Fuse,3290.0,0.0110,0.0317,-0.0207,0.0,True,2731.0,0.0159,0.0409,-0.0251,0.0,True,750.0000,121,1.0000,450.0000,102,1.0000,,80K,,,80K,,573,3,570,5786.0,5300.0,2770.0,5522.0,62.0,62.0,62.0,187.5,
67391201,67391201,DEFAULT_BREAKER,Breaker,9U8-2_38918810,K_65A,Fuse,Breaker-Fuse,,,,,0.0,False,2438.0,0.0159,0.0329,-0.0170,0.0,True,,,,450.0000,102,1.0000,,,,,65K,,573,5,568,5786.0,5300.0,2770.0,5522.0,0.0,0.0,130.0,0,
67391201,67391201,DEFAULT_BREAKER,Breaker,9U5-2_38927495,K_80A,Fuse,Breaker-Fuse,3165.0,0.0110,0.0334,-0.0224,0.0,True,2586.0,0.0159,0.0442,-0.0283,0.0,True,750.0000,121,1.0000,450.0000,102,1.0000,,80K,,,80K,,573,36,537,5786.0,5300.0,2770.0,5522.0,175.0,217.0,60.0,75.0,
67391201,67391201,DEFAULT_BREAKER,Breaker,2P18_38931799,K_80A,Fuse,Breaker-Fuse,3051.0,0.0110,0.0351,-0.0241,0.0,True,2461.0,0.0159,0.0473,-0.0314,0.0,True,750.0000,121,1.0000,450.0000,102,1.0000,,80K,,,80K,,573,6,567,5786.0,5300.0,2770.0,5522.0,25.0,50.0,0.0,0,
67391201,67391201,DEFAULT_BREAKER,Breaker,15U9_38916242,T_80A,Fuse,Breaker-Fuse,2616.0,0.0112,0.1104,-0.0992,0.0,True,2049.0,0.0160,0.1752,-0.1592,0.0,True,750.0000,121,1.0000,450.0000,102,1.0000,,80T,,,80T,,573,9,564,5786.0,5300.0,2770.0,5522.0,300.0,192.0,165.0,437.5,
67391201,67391201,DEFAULT_BREAKER,Breaker,U20_38921159,K_80A,Fuse,Breaker-Fuse,3560.0,0.0110,0.0288,-0.0178,0.0,True,3062.0,0.0158,0.0349,-0.0191,0.0,True,750.0000,121,1.0000,450.0000,102,1.0000,,80K,,,80K,,573,4,569,5786.0,5300.0,2770.0,5522.0,75.0,75.0,75.0,225.0,
67391201,67391201,DEFAULT_BREAKER,Breaker,2P18_38925960,K_80A,Fuse,Breaker-Fuse,,,,,0.0,False,2344.0,0.0159,0.0506,-0.0347,0.0,True,,,,450.0000,102,1.0000,,,,,80K,,573,15,558,5786.0,5300.0,2770.0,5522.0,75.0,0.0,50.0,0,
67391201,67391201,DEFAULT_BREAKER,Breaker,38927090,K_80A,Fuse,Breaker-Fuse,,,,,0.0,False,3248.0,0.0158,0.0322,-0.0164,0.0,True,,,,450.0000,102,1.0000,,,,,80K,,573,7,566,5786.0,5300.0,2770.0,5522.0,75.0,0.0,0.0,0,
67391201,67391201,DEFAULT_BREAKER,Breaker,1LMG70_567873083,VPST_800A,Recloser,Breaker-Recloser,3054.0,0.0110,0.1743,-0.1633,0.2,True,2468.0,0.0159,0.1947,-0.1788,0.2,True,750.0000,121,1.0000,450.0000,102,1.0000,560.0000,U4,0.5000,300.0000,U4,1.2000,573,272,301,5786.0,5300.0,2770.0,5522.0,2461.0,2482.0,302.0,842.0,
67391201,67391201,DEFAULT_BREAKER,Breaker,1XMX14_670478634,TRIPSAVER_II_100A,TripSaver,Breaker-TripSaver,,,,,0.2,False,4559.0,0.0157,0.0735,-0.0578,0.2,True,,,,450.0000,102,1.0000,,,,,TS80T,,573,36,537,5786.0,5300.0,2770.0,5522.0,0.0,0.0,455.0,0,
67391201,67391201,DEFAULT_BREAKER,Breaker,1XMX15_670478630,TRIPSAVER_II_200A,TripSaver,Breaker-TripSaver,3967.0,0.0110,0.1045,-0.0935,0.2,True,3600.0,0.0158,0.1170,-0.1012,0.2,True,750.0000,121,1.0000,450.0000,102,1.0000,,TS100T,,,TS100T,,573,29,544,5786.0,5300.0,2770.0,5522.0,560.0,550.0,510.0,1230.0,
67391204,67391204,DEFAULT_BREAKER,Breaker,1E5G95_466023541,T_100A,Fuse,Breaker-Fuse,3940.0,0.0110,0.0888,-0.0778,0.0,True,3645.0,0.0158,0.1016,-0.0858,0.0,True,750.0000,121,1.0000,450.0000,102,1.0000,,100T,,,100T,,1098,1,1097,8418.0,12038.0,12273.0,14026.0,848.0,833.0,833.0,2500.0,
67391204,21T4_38933287,T_25A,Fuse,21T4-1_844501068,T_40A,Fuse,Fuse-Fuse,,,,,0.0,False,567.0,0.1201,0.5462,-0.4261,0.0,True,,,,,25T,,,,,,40T,,6,2,4,65.0,0.0,0.0,0,30.0,0.0,0.0,0,
67391204,67391204,DEFAULT_BREAKER,Breaker,38923454,K_100A,Fuse,Breaker-Fuse,4174.0,0.0110,0.0339,-0.0229,0.0,True,4003.0,0.0158,0.0358,-0.0200,0.0,True,750.0000,121,1.0000,450.0000,102,1.0000,,100K,,,100K,,1098,0,1098,8418.0,12038.0,12273.0,14026.0,833.0,833.0,833.0,2500.0,
67391204,67391204,DEFAULT_BREAKER,Breaker,38928036,K_100A,Fuse,Breaker-Fuse,4180.0,0.0110,0.0339,-0.0229,0.0,True,4013.0,0.0158,0.0357,-0.0199,0.0,True,750.0000,121,1.0000,450.0000,102,1.0000,,100K,,,100K,,1098,0,1098,8418.0,12038.0,12273.0,14026.0,833.0,833.0,833.0,2500.0,
67391204,67391204,DEFAULT_BREAKER,Breaker,38922468,K_65A,Fuse,Breaker-Fuse,3916.0,0.0110,0.0194,-0.0084,0.0,True,3606.0,0.0158,0.0209,-0.0051,0.0,True,750.0000,121,1.0000,450.0000,102,1.0000,,65K,,,65K,,1098,1,1097,8418.0,12038.0,12273.0,14026.0,167.0,182.0,167.0,501.0,
67391204,67391204,DEFAULT_BREAKER,Breaker,38919164,K_100A,Fuse,Breaker-Fuse,4169.0,0.0110,0.0340,-0.0230,0.0,True,3994.0,0.0158,0.0359,-0.0201,0.0,True,750.0000,121,1.0000,450.0000,102,1.0000,,100K,,,100K,,1098,0,1098,8418.0,12038.0,12273.0,14026.0,833.0,833.0,833.0,2500.0,
67391204,67391204,DEFAULT_BREAKER,Breaker,38932606,K_65A,Fuse,Breaker-Fuse,,,,,0.0,False,3645.0,0.0158,0.0207,-0.0049,0.0,True,,,,450.0000,102,1.0000,,,,,65K,,1098,1,1097,8418.0,12038.0,12273.0,14026.0,0.0,0.0,10.0,0,
67391204,67391204,DEFAULT_BREAKER,Breaker,38922367,K_100A,Fuse,Breaker-Fuse,4185.0,0.0110,0.0338,-0.0228,0.0,True,4022.0,0.0158,0.0356,-0.0198,0.0,True,750.0000,121,1.0000,450.0000,102,1.0000,,100K,,,100K,,1098,0,1098,8418.0,12038.0,12273.0,14026.0,833.0,833.0,833.0,2500.0,
67391204,21T22_38922651,T_40A,Fuse,2R6X44_864562898,T_40A,Fuse,Fuse-Fuse,,,,,0.0,False,456.0,0.5796,0.8646,-0.2850,0.0,True,,,,,40T,,,,,,40T,,5,3,2,85.0,0.0,0.0,0,30.0,0.0,0.0,0,
67391204,67391204,DEFAULT_BREAKER,Breaker,1MBJ22_52378671,NVSS_800A,Recloser,Breaker-Recloser,3796.0,0.0110,0.3184,-0.3074,0.2,True,3447.0,0.0158,0.3422,-0.3264,0.2,True,750.0000,121,1.0000,450.0000,102,1.0000,600.0000,U3,1.3000,360.0000,U3,2.0000,1098,1091,7,8418.0,12038.0,12273.0,14026.0,3904.0,7539.0,7739.0,575.0,
67391204,1R7G56_54564422,VPST_800A,Recloser,20T18_39010966,CMR_140A,Recloser,Recloser-Recloser,,,,,0.22,False,616.0,1.5638,2.0185,-0.4548,0.22,True,,,,260.0000,U3,1.6000,,,,280.0000,L,,686,119,567,2478.0,3088.0,6465.0,0,1742.0,0.0,0.0,0,
67401201,1F7N12_38923194,T_80A,Fuse,5R9_38925323,T_65A,Fuse,Fuse-Fuse,,,,,0.0,False,1221.0,0.3085,0.3136,-0.0051,0.0,True,,,,,80T,,,,,,65T,,92,2,90,0.0,1755.0,75.0,0,0.0,25.0,0.0,0,
67401201,67401201,DEFAULT_BREAKER,Breaker,28EF61_38930392,K_65A,Fuse,Breaker-Fuse,2165.0,0.0293,0.0384,-0.0092,0.0,True,1562.0,0.0668,0.0621,0.0047,0.0,False,560.0000,104,1.0000,300.0000,105,1.0000,,65K,,,65K,,692,2,690,3132.0,4691.0,5300.0,1617.0,50.0,50.0,50.0,150.0,
67401201,1F7N12_38923194,T_80A,Fuse,2LFC70_852182977,T_65A,Fuse,Fuse-Fuse,,,,,0.0,False,1149.0,0.3475,0.3535,-0.0060,0.0,True,,,,,80T,,,,,,65T,,92,1,91,0.0,1755.0,75.0,0,0.0,25.0,0.0,0,
67401201,67401201,DEFAULT_BREAKER,Breaker,38927695,K_65A,Fuse,Breaker-Fuse,2261.0,0.0270,0.0363,-0.0093,0.0,True,1645.0,0.0625,0.0575,0.0050,0.0,False,560.0000,104,1.0000,300.0000,105,1.0000,,65K,,,65K,,692,5,687,3132.0,4691.0,5300.0,1617.0,115.0,90.0,90.0,270.0,
67401201,38935868,K_20A,Fuse,1H8N57_540855080,K_20A,Fuse,Fuse-Fuse,,,,,0.0,False,546.0,0.0237,0.0524,-0.0287,0.0,True,,,,,20K,,,,,,20K,,4,1,3,55.0,0.0,0.0,0,25.0,0.0,0.0,0,
67401201,1F7N12_38923194,T_80A,Fuse,5R12_38921267,T_65A,Fuse,Fuse-Fuse,,,,,0.0,False,1121.0,0.3647,0.3711,-0.0065,0.0,True,,,,,80T,,,,,,65T,,92,28,64,0.0,1755.0,75.0,0,0.0,550.0,0.0,0,
67401201,38935868,K_20A,Fuse,38921181,K_20A,Fuse,Fuse-Fuse,,,,,0.0,False,552.0,0.0232,0.0516,-0.0284,0.0,True,,,,,20K,,,,,,20K,,4,0,4,55.0,0.0,0.0,0,0.0,0.0,0.0,0,
67401201,5R12_38921267,T_65A,Fuse,2LFC75_852182993,T_65A,Fuse,Fuse-Fuse,,,,,0.0,False,1034.0,0.2570,0.4352,-0.1782,0.0,True,,,,,65T,,,,,,65T,,28,1,27,0.0,550.0,0.0,0,0.0,25.0,0.0,0,
67401201,67401201,DEFAULT_BREAKER,Breaker,1F7N12_38923194,T_80A,Fuse,Breaker-Fuse,,,,,0.0,False,1677.0,0.0609,0.2582,-0.1973,0.0,True,,,,300.0000,105,1.0000,,,,,80T,,692,92,600,3132.0,4691.0,5300.0,1617.0,0.0,1755.0,75.0,0,
67401201,67401201,DEFAULT_BREAKER,Breaker,38925122,K_80A,Fuse,Breaker-Fuse,,,,,0.0,False,2371.0,0.0368,0.0498,-0.0130,0.0,True,,,,300.0000,105,1.0000,,,,,80K,,692,5,687,3132.0,4691.0,5300.0,1617.0,0.0,50.0,0.0,0,
67401201,1F7N12_38923194,T_80A,Fuse,5R2_850327972,T_65A,Fuse,Fuse-Fuse,,,,,0.0,False,1507.0,0.2044,0.2074,-0.0030,0.0,True,,,,,80T,,,,,,65T,,92,1,91,0.0,1755.0,75.0,0,0.0,15.0,0.0,0,
67401201,1F7N12_38923194,T_80A,Fuse,5R7_38933676,T_65A,Fuse,Fuse-Fuse,,,,,0.0,False,1260.0,0.2901,0.2948,-0.0047,0.0,True,,,,,80T,,,,,,65T,,92,1,91,0.0,1755.0,75.0,0,0.0,15.0,0.0,0,
67401201,67401201,DEFAULT_BREAKER,Breaker,38932346,K_80A,Fuse,Breaker-Fuse,,,,,0.0,False,2224.0,0.0410,0.0545,-0.0135,0.0,True,,,,300.0000,105,1.0000,,,,,80K,,692,2,690,3132.0,4691.0,5300.0,1617.0,0.0,0.0,25.0,0,
67401201,1F7N12_38923194,T_80A,Fuse,5R12_38925264,T_65A,Fuse,Fuse-Fuse,,,,,0.0,False,1121.0,0.3647,0.3711,-0.0065,0.0,True,,,,,80T,,,,,,65T,,92,10,82,0.0,1755.0,75.0,0,0.0,155.0,0.0,0,
67401201,67401201,DEFAULT_BREAKER,Breaker,3R20_659021939,TRIPSAVER_II_100A,TripSaver,Breaker-TripSaver,1997.0,0.0392,0.1875,-0.1483,0.2,True,1419.0,0.0757,0.3287,-0.2530,0.2,True,560.0000,104,1.0000,300.0000,105,1.0000,,TS80T,,,TS80T,,692,11,681,3132.0,4691.0,5300.0,1617.0,108.0,68.0,100.0,180.0,
67401201,67401201,DEFAULT_BREAKER,Breaker,1EEE67_39010491,CMR_140A,Recloser,Breaker-Recloser,,,,,0.2,False,1674.0,0.0611,0.4822,-0.4212,0.2,True,,,,300.0000,105,1.0000,,,,280.0000,L,,692,0,692,3132.0,4691.0,5300.0,1617.0,0.0,0.0,0.0,0,
67401201,67401201,DEFAULT_BREAKER,Breaker,3R18_659021948,TRIPSAVER_II_100A,TripSaver,Breaker-TripSaver,,,,,0.2,False,1442.0,0.0741,0.3197,-0.2456,0.2,True,,,,300.0000,105,1.0000,,,,,TS80T,,692,11,681,3132.0,4691.0,5300.0,1617.0,0.0,135.0,0.0,0,
67401201,67401201,DEFAULT_BREAKER,Breaker,3R28_39010669,VPST_800A,Recloser,Breaker-Recloser,1806.0,0.0551,0.3162,-0.2612,0.2,True,1269.0,0.0875,0.5648,-0.4772,0.2,True,560.0000,104,1.0000,300.0000,105,1.0000,400.0000,U4,0.8000,280.0000,U4,1.6000,692,333,359,3132.0,4691.0,5300.0,1617.0,2475.0,2264.0,1985.0,747.0,
67401201,67401201,DEFAULT_BREAKER,Breaker,3R15_39010986,CMR_140A,Recloser,Breaker-Recloser,,,,,0.2,False,1487.0,0.0712,0.5619,-0.4907,0.2,True,,,,300.0000,105,1.0000,,,,280.0000,L,,692,73,619,3132.0,4691.0,5300.0,1617.0,0.0,0.0,935.0,0,
67401201,67401201,DEFAULT_BREAKER,Breaker,28EF61_659021954,TRIPSAVER_II_100A,TripSaver,Breaker-TripSaver,,,,,0.2,False,1560.0,0.0669,0.2793,-0.2124,0.2,True,,,,300.0000,105,1.0000,,,,,TS80T,,692,11,681,3132.0,4691.0,5300.0,1617.0,0.0,0.0,118.0,0,
67401201,67401201,DEFAULT_BREAKER,Breaker,3R26_39010846,CMR_140A,Recloser,Breaker-Recloser,,,,,0.2,False,1291.0,0.0856,0.6904,-0.6048,0.2,True,,,,300.0000,105,1.0000,,,,280.0000,L,,692,101,591,3132.0,4691.0,5300.0,1617.0,0.0,0.0,1778.0,0,
67401202,67401202,DEFAULT_BREAKER,Breaker,49424099,K_80A,Fuse,Breaker-Fuse,,,,,0.0,False,2452.0,0.0348,0.0476,-0.0128,0.0,True,,,,300.0000,105,1.0000,,,,,80K,,379,1,378,842.0,3117.0,3350.0,576.0,0.0,25.0,0.0,0,
67401202,67401202,DEFAULT_BREAKER,Breaker,38926367,K_65A,Fuse,Breaker-Fuse,2071.0,0.0339,0.0407,-0.0068,0.0,True,1482.0,0.0715,0.0672,0.0043,0.0,False,560.0000,104,1.0000,300.0000,105,1.0000,,65K,,,65K,,379,2,377,842.0,3117.0,3350.0,576.0,182.0,167.0,167.0,501.0,
67401202,67401202,DEFAULT_BREAKER,Breaker,38933802,K_80A,Fuse,Breaker-Fuse,,,,,0.0,False,2232.0,0.0407,0.0542,-0.0135,0.0,True,,,,300.0000,105,1.0000,,,,,80K,,379,1,378,842.0,3117.0,3350.0,576.0,0.0,25.0,0.0,0,
67401202,67401202,DEFAULT_BREAKER,Breaker,C5_38917462,T_80A,Fuse,Breaker-Fuse,,,,,0.0,False,2602.0,0.0315,0.1113,-0.0798,0.0,True,,,,300.0000,105,1.0000,,,,,80T,,379,20,359,842.0,3117.0,3350.0,576.0,0.0,380.0,175.0,0,
67401202,67401202,DEFAULT_BREAKER,Breaker,38935932,K_80A,Fuse,Breaker-Fuse,,,,,0.0,False,2178.0,0.0423,0.0561,-0.0138,0.0,True,,,,300.0000,105,1.0000,,,,,80K,,379,7,372,842.0,3117.0,3350.0,576.0,0.0,0.0,85.0,0,
67401202,67401202,DEFAULT_BREAKER,Breaker,C11_38934890,K_80A,Fuse,Breaker-Fuse,,,,,0.0,False,2279.0,0.0393,0.0527,-0.0133,0.0,True,,,,300.0000,105,1.0000,,,,,80K,,379,5,374,842.0,3117.0,3350.0,576.0,0.0,50.0,0.0,0,
67401202,67401202,DEFAULT_BREAKER,Breaker,38922890,K_65A,Fuse,Breaker-Fuse,2142.0,0.0298,0.0390,-0.0091,0.0,True,1548.0,0.0676,0.0630,0.0046,0.0,False,560.0000,104,1.0000,300.0000,105,1.0000,,65K,,,65K,,379,1,378,842.0,3117.0,3350.0,576.0,25.0,25.0,25.0,75.0,
67401202,67401202,DEFAULT_BREAKER,Breaker,CV8_39010653,VPSS_800A,Recloser,Breaker-Recloser,,,,,0.2,False,1496.0,0.0707,0.5507,-0.4800,0.2,True,,,,300.0000,105,1.0000,,,,310.0000,U3,1.8000,379,50,329,842.0,3117.0,3350.0,576.0,0.0,780.0,0.0,0,
67401202,67401202,DEFAULT_BREAKER,Breaker,C3-1_39010593,CMR_140A,Recloser,Breaker-Recloser,,,,,0.2,False,2672.0,0.0302,0.3038,-0.2736,0.2,True,,,,300.0000,105,1.0000,,,,280.0000,L,,379,69,310,842.0,3117.0,3350.0,576.0,0.0,1465.0,0.0,0,
67401202,67401202,DEFAULT_BREAKER,Breaker,1LHD23_568946705,VPSS_800A,Recloser,Breaker-Recloser,,,,,0.2,False,1507.0,0.0700,0.5459,-0.4759,0.2,True,,,,300.0000,105,1.0000,,,,310.0000,U3,1.8000,379,153,226,842.0,3117.0,3350.0,576.0,0.0,0.0,2828.0,0,
67411201,67411201,DEFAULT_BREAKER,Breaker,520274337,T_80A,Fuse,Breaker-Fuse,,,,,0.0,False,2958.0,0.0158,0.0899,-0.0741,0.0,True,,,,400.0000,102,1.0000,,,,,80T,,1527,2,1525,7560.0,7810.0,8230.0,2595.0,0.0,50.0,0.0,0,
67411201,67411201,DEFAULT_BREAKER,Breaker,411124916,K_100A,Fuse,Breaker-Fuse,3133.0,0.0110,0.0496,-0.0386,0.0,True,3223.0,0.0158,0.0474,-0.0316,0.0,True,700.0000,121,1.0000,400.0000,102,1.0000,,100K,,,100K,,1527,0,1527,7560.0,7810.0,8230.0,2595.0,0.0,0.0,0.0,0,
67411201,67411201,DEFAULT_BREAKER,Breaker,1TBA14_38916830,K_65A,Fuse,Breaker-Fuse,,,,,0.0,False,2018.0,0.0159,0.0423,-0.0264,0.0,True,,,,400.0000,102,1.0000,,,,,65K,,1527,17,1510,7560.0,7810.0,8230.0,2595.0,0.0,0.0,320.0,0,
67411201,67411201,DEFAULT_BREAKER,Breaker,38916910,K_65A,Fuse,Breaker-Fuse,,,,,0.0,False,2066.0,0.0159,0.0409,-0.0250,0.0,True,,,,400.0000,102,1.0000,,,,,65K,,1527,2,1525,7560.0,7810.0,8230.0,2595.0,0.0,0.0,30.0,0,
67411201,67411201,DEFAULT_BREAKER,Breaker,M41_38923436,T_80A,Fuse,Breaker-Fuse,,,,,0.0,False,1798.0,0.0160,0.2256,-0.2097,0.0,True,,,,400.0000,102,1.0000,,,,,80T,,1527,31,1496,7560.0,7810.0,8230.0,2595.0,328.0,0.0,355.0,600.0,
67411201,67411201,DEFAULT_BREAKER,Breaker,38916904,K_80A,Fuse,Breaker-Fuse,,,,,0.0,False,2106.0,0.0159,0.0588,-0.0429,0.0,True,,,,400.0000,102,1.0000,,,,,80K,,1527,1,1526,7560.0,7810.0,8230.0,2595.0,15.0,0.0,0.0,0,
67411201,67411201,DEFAULT_BREAKER,Breaker,38916801,K_80A,Fuse,Breaker-Fuse,,,,,0.0,False,2951.0,0.0158,0.0368,-0.0210,0.0,True,,,,400.0000,102,1.0000,,,,,80K,,1527,5,1522,7560.0,7810.0,8230.0,2595.0,0.0,0.0,50.0,0,
67411201,67411201,DEFAULT_BREAKER,Breaker,2M3X32_38916785,K_80A,Fuse,Breaker-Fuse,,,,,0.0,False,3265.0,0.0158,0.0320,-0.0162,0.0,True,,,,400.0000,102,1.0000,,,,,80K,,1527,3,1524,7560.0,7810.0,8230.0,2595.0,0.0,0.0,25.0,0,
67411201,67411201,DEFAULT_BREAKER,Breaker,38918818,T_80A,Fuse,Breaker-Fuse,3075.0,0.0110,0.0843,-0.0733,0.0,True,3117.0,0.0158,0.0824,-0.0666,0.0,True,700.0000,121,1.0000,400.0000,102,1.0000,,80T,,,80T,,1527,6,1521,7560.0,7810.0,8230.0,2595.0,300.0,65.0,50.0,150.0,
67411201,67411201,DEFAULT_BREAKER,Breaker,M22_38916926,K_80A,Fuse,Breaker-Fuse,,,,,0.0,False,2468.0,0.0159,0.0471,-0.0313,0.0,True,,,,400.0000,102,1.0000,,,,,80K,,1527,4,1523,7560.0,7810.0,8230.0,2595.0,0.0,0.0,40.0,0,
67411201,67411201,DEFAULT_BREAKER,Breaker,38931567,K_25A,Fuse,Breaker-Fuse,,,,,0.0,False,1841.0,0.0159,0.0171,-0.0011,0.0,True,,,,400.0000,102,1.0000,,,,,25K,,1527,1,1526,7560.0,7810.0,8230.0,2595.0,0.0,0.0,75.0,0,
67411201,67411201,DEFAULT_BREAKER,Breaker,M41-.3_38916188,T_80A,Fuse,Breaker-Fuse,,,,,0.0,False,1794.0,0.0160,0.2266,-0.2107,0.0,True,,,,400.0000,102,1.0000,,,,,80T,,1527,9,1518,7560.0,7810.0,8230.0,2595.0,140.0,38.0,0.0,0,
67411201,67411201,DEFAULT_BREAKER,Breaker,M37_674549086,K_65A,Fuse,Breaker-Fuse,,,,,0.0,False,1928.0,0.0159,0.0453,-0.0294,0.0,True,,,,400.0000,102,1.0000,,,,,65K,,1527,3,1524,7560.0,7810.0,8230.0,2595.0,0.0,0.0,62.0,0,
67411201,67411201,DEFAULT_BREAKER,Breaker,38923415,T_80A,Fuse,Breaker-Fuse,2598.0,0.0110,0.1116,-0.1006,0.0,True,2352.0,0.0159,0.1341,-0.1182,0.0,True,700.0000,121,1.0000,400.0000,102,1.0000,,80T,,,80T,,1527,2,1525,7560.0,7810.0,8230.0,2595.0,55.0,65.0,50.0,150.0,
67411201,67411201,DEFAULT_BREAKER,Breaker,38916932,K_80A,Fuse,Breaker-Fuse,,,,,0.0,False,2675.0,0.0158,0.0421,-0.0263,0.0,True,,,,400.0000,102,1.0000,,,,,80K,,1527,3,1524,7560.0,7810.0,8230.0,2595.0,0.0,40.0,0.0,0,
67411201,67411201,DEFAULT_BREAKER,Breaker,M38_38916940,K_65A,Fuse,Breaker-Fuse,,,,,0.0,False,1892.0,0.0159,0.0466,-0.0307,0.0,True,,,,400.0000,102,1.0000,,,,,65K,,1527,1,1526,7560.0,7810.0,8230.0,2595.0,0.0,0.0,38.0,0,
67411201,67411201,DEFAULT_BREAKER,Breaker,38917156,K_80A,Fuse,Breaker-Fuse,,,,,0.0,False,2697.0,0.0158,0.0417,-0.0258,0.0,True,,,,400.0000,102,1.0000,,,,,80K,,1527,9,1518,7560.0,7810.0,8230.0,2595.0,0.0,0.0,88.0,0,
67411201,67411201,DEFAULT_BREAKER,Breaker,38950660,K_25A,Fuse,Breaker-Fuse,2122.0,0.0120,0.0153,-0.0032,0.0,True,1743.0,0.0160,0.0178,-0.0019,0.0,True,700.0000,121,1.0000,400.0000,102,1.0000,,25K,,,25K,,1527,1,1526,7560.0,7810.0,8230.0,2595.0,50.0,50.0,50.0,150.0,
67411201,67411201,DEFAULT_BREAKER,Breaker,38916791,K_80A,Fuse,Breaker-Fuse,,,,,0.0,False,3216.0,0.0158,0.0326,-0.0168,0.0,True,,,,400.0000,102,1.0000,,,,,80K,,1527,3,1524,7560.0,7810.0,8230.0,2595.0,0.0,0.0,40.0,0,
67411201,67411201,DEFAULT_BREAKER,Breaker,38916886,K_80A,Fuse,Breaker-Fuse,,,,,0.0,False,2589.0,0.0158,0.0441,-0.0283,0.0,True,,,,400.0000,102,1.0000,,,,,80K,,1527,6,1521,7560.0,7810.0,8230.0,2595.0,0.0,0.0,50.0,0,
67411201,67411201,DEFAULT_BREAKER,Breaker,1TBA11_650907157,TRIPSAVER_II_100A,TripSaver,Breaker-TripSaver,,,,,0.2,False,3402.0,0.0158,0.0949,-0.0791,0.2,True,,,,400.0000,102,1.0000,,,,,TS80T,,1527,27,1500,7560.0,7810.0,8230.0,2595.0,0.0,0.0,225.0,0,
67411201,67411201,DEFAULT_BREAKER,Breaker,1TBA12_650907162,TRIPSAVER_II_100A,TripSaver,Breaker-TripSaver,,,,,0.2,False,2513.0,0.0159,0.1354,-0.1195,0.2,True,,,,400.0000,102,1.0000,,,,,TS80T,,1527,41,1486,7560.0,7810.0,8230.0,2595.0,0.0,0.0,358.0,0,
67411201,67411201,DEFAULT_BREAKER,Breaker,1FDL15_520274323,L_200A,Recloser,Breaker-Recloser,,,,,0.2,False,2950.0,0.0158,0.3852,-0.3694,0.2,True,,,,400.0000,102,1.0000,,,,400.0000,L,,1527,168,1359,7560.0,7810.0,8230.0,2595.0,2132.0,0.0,0.0,0,
67411201,67411201,DEFAULT_BREAKER,Breaker,1TBA13_650907167,TRIPSAVER_II_100A,TripSaver,Breaker-TripSaver,,,,,0.2,False,2430.0,0.0159,0.1415,-0.1257,0.2,True,,,,400.0000,102,1.0000,,,,,TS80T,,1527,45,1482,7560.0,7810.0,8230.0,2595.0,0.0,0.0,520.0,0,
67411201,67411201,DEFAULT_BREAKER,Breaker,1TBA16_650907184,TRIPSAVER_II_100A,TripSaver,Breaker-TripSaver,,,,,0.2,False,1855.0,0.0159,0.2104,-0.1944,0.2,True,,,,400.0000,102,1.0000,,,,,TS80T,,1527,75,1452,7560.0,7810.0,8230.0,2595.0,0.0,0.0,815.0,0,
67411201,67411201,DEFAULT_BREAKER,Breaker,1TBA15_650907178,TRIPSAVER_II_100A,TripSaver,Breaker-TripSaver,,,,,0.2,False,1928.0,0.0159,0.1981,-0.1822,0.2,True,,,,400.0000,102,1.0000,,,,,TS80T,,1527,13,1514,7560.0,7810.0,8230.0,2595.0,0.0,0.0,150.0,0,
67411201,67411201,DEFAULT_BREAKER,Breaker,M27_787644210,TRIPSAVER_II_100A,TripSaver,Breaker-TripSaver,,,,,0.2,False,2213.0,0.0159,0.1612,-0.1453,0.2,True,,,,400.0000,102,1.0000,,,,,TS80T,,1527,25,1502,7560.0,7810.0,8230.0,2595.0,0.0,285.0,0.0,0,
67411201,67411201,DEFAULT_BREAKER,Breaker,M41_39011054,L_200A,Recloser,Breaker-Recloser,,,,,0.2,False,1795.0,0.0160,0.7245,-0.7085,0.2,True,,,,400.0000,102,1.0000,,,,400.0000,L,,1527,199,1328,7560.0,7810.0,8230.0,2595.0,0.0,2600.0,0.0,600.0,
67411201,67411201,DEFAULT_BREAKER,Breaker,27PL51_39010499,VPST_800A,Recloser,Breaker-Recloser,2096.0,0.0121,0.5596,-0.5475,0.2,True,1713.0,0.0160,0.7269,-0.7109,0.2,True,700.0000,121,1.0000,400.0000,102,1.0000,500.0000,U3,1.5000,300.0000,U2,1.8000,1527,738,789,7560.0,7810.0,8230.0,2595.0,4358.0,4468.0,3628.0,1350.0,
67411201,67411201,DEFAULT_BREAKER,Breaker,M41-.3_39010896,CMR_140A,Recloser,Breaker-Recloser,,,,,0.2,False,1793.0,0.0160,0.4461,-0.4302,0.2,True,,,,400.0000,102,1.0000,,,,280.0000,L,,1527,79,1448,7560.0,7810.0,8230.0,2595.0,0.0,0.0,970.0,0,
67411202,67411202,DEFAULT_BREAKER,Breaker,1TKX42_656726228,K_30A,Fuse,Breaker-Fuse,3164.0,0.0110,0.0141,-0.0031,0.0,True,3275.0,0.0158,0.0135,0.0023,0.0,False,600.0000,121,1.0000,400.0000,102,1.0000,,30K,,,30K,,464,1,463,6128.0,4844.0,3842.0,10302.5,100.0,100.0,100.0,300.0,
67411202,67411202,DEFAULT_BREAKER,Breaker,565962157,K_25A,Fuse,Breaker-Fuse,2487.0,0.0110,0.0135,-0.0025,0.0,True,2174.0,0.0159,0.0150,0.0009,0.0,False,600.0000,121,1.0000,400.0000,102,1.0000,,25K,,,25K,,464,5,459,6128.0,4844.0,3842.0,10302.5,75.0,100.0,150.0,225.0,
67411202,67411202,DEFAULT_BREAKER,Breaker,1FDL03_39084453,T_80A,Fuse,Breaker-Fuse,3036.0,0.0110,0.0861,-0.0751,0.0,True,3027.0,0.0158,0.0866,-0.0708,0.0,True,600.0000,121,1.0000,400.0000,102,1.0000,,80T,,,80T,,464,7,457,6128.0,4844.0,3842.0,10302.5,442.0,467.0,442.0,1325.0,
67411202,67411202,DEFAULT_BREAKER,Breaker,38916437,K_40A,Fuse,Breaker-Fuse,,,,,0.0,False,2193.0,0.0159,0.0218,-0.0059,0.0,True,,,,400.0000,102,1.0000,,,,,40K,,464,1,463,6128.0,4844.0,3842.0,10302.5,0.0,0.0,15.0,0,
67411202,67411202,DEFAULT_BREAKER,Breaker,2APC35_771898226,K_65A,Fuse,Breaker-Fuse,2851.0,0.0110,0.0268,-0.0158,0.0,True,2725.0,0.0158,0.0284,-0.0126,0.0,True,600.0000,121,1.0000,400.0000,102,1.0000,,65K,,,65K,,464,0,464,6128.0,4844.0,3842.0,10302.5,250.0,250.0,250.0,750.0,
67411202,67411202,DEFAULT_BREAKER,Breaker,2HKB58_789302190,T_80A,Fuse,Breaker-Fuse,,,,,0.0,False,2693.0,0.0158,0.1052,-0.0893,0.0,True,,,,400.0000,102,1.0000,,,,,80T,,464,1,463,6128.0,4844.0,3842.0,10302.5,25.0,0.0,0.0,0,
67411202,67411202,DEFAULT_BREAKER,Breaker,406701960,K_80A,Fuse,Breaker-Fuse,2817.0,0.0110,0.0392,-0.0282,0.0,True,2671.0,0.0158,0.0422,-0.0264,0.0,True,600.0000,121,1.0000,400.0000,102,1.0000,,80K,,,80K,,464,11,453,6128.0,4844.0,3842.0,10302.5,400.0,350.0,350.0,1050.0,
67411202,67411202,DEFAULT_BREAKER,Breaker,38918780,K_80A,Fuse,Breaker-Fuse,2700.0,0.0110,0.0416,-0.0306,0.0,True,2489.0,0.0159,0.0466,-0.0307,0.0,True,600.0000,121,1.0000,400.0000,102,1.0000,,80K,,,80K,,464,1,463,6128.0,4844.0,3842.0,10302.5,333.0,333.0,333.0,1000.0,
67411202,20MJ54_781702304,K_65A,Fuse,406191010,K_40A,Fuse,Fuse-Fuse,,,,,0.0,False,2493.0,0.0132,0.0197,-0.0065,0.0,True,,,,,65K,,,,,,40K,,64,13,51,0.0,425.0,0.0,0,0.0,75.0,0.0,0,
67411202,67411202,DEFAULT_BREAKER,Breaker,7E3_800942644,K_80A,Fuse,Breaker-Fuse,2672.0,0.0110,0.0422,-0.0312,0.0,True,2445.0,0.0159,0.0478,-0.0319,0.0,True,600.0000,121,1.0000,400.0000,102,1.0000,,80K,,,80K,,464,11,453,6128.0,4844.0,3842.0,10302.5,167.0,167.0,167.0,500.0,
67411202,67411202,DEFAULT_BREAKER,Breaker,38923760,T_80A,Fuse,Breaker-Fuse,3136.0,0.0110,0.0816,-0.0706,0.0,True,3219.0,0.0158,0.0781,-0.0623,0.0,True,600.0000,121,1.0000,400.0000,102,1.0000,,80T,,,80T,,464,3,461,6128.0,4844.0,3842.0,10302.5,300.0,375.0,300.0,900.0,
67411202,67411202,DEFAULT_BREAKER,Breaker,1FDL01_39084383,T_80A,Fuse,Breaker-Fuse,2969.0,0.0110,0.0894,-0.0784,0.0,True,2911.0,0.0158,0.0924,-0.0766,0.0,True,600.0000,121,1.0000,400.0000,102,1.0000,,80T,,,80T,,464,70,394,6128.0,4844.0,3842.0,10302.5,200.0,630.0,175.0,525.0,
67411202,67411202,DEFAULT_BREAKER,Breaker,357488596,K_65A,Fuse,Breaker-Fuse,,,,,0.0,False,2316.0,0.0159,0.0352,-0.0193,0.0,True,,,,400.0000,102,1.0000,,,,,65K,,464,26,438,6128.0,4844.0,3842.0,10302.5,200.0,0.0,0.0,0,
67411202,20MJ54_781702304,K_65A,Fuse,406191012,K_40A,Fuse,Fuse-Fuse,,,,,0.0,False,2495.0,0.0132,0.0197,-0.0065,0.0,True,,,,,65K,,,,,,40K,,64,51,13,0.0,425.0,0.0,0,0.0,325.0,0.0,0,
67411202,67411202,DEFAULT_BREAKER,Breaker,2DMD68_789302154,T_80A,Fuse,Breaker-Fuse,,,,,0.0,False,2683.0,0.0158,0.1058,-0.0900,0.0,True,,,,400.0000,102,1.0000,,,,,80T,,464,66,398,6128.0,4844.0,3842.0,10302.5,1111.0,0.0,0.0,0,
67411202,67411202,DEFAULT_BREAKER,Breaker,7E3_828711944,K_100A,Fuse,Breaker-Fuse,2672.0,0.0110,0.0642,-0.0532,0.0,True,2445.0,0.0159,0.0742,-0.0583,0.0,True,600.0000,121,1.0000,400.0000,102,1.0000,,100K,,,100K,,464,13,451,6128.0,4844.0,3842.0,10302.5,419.0,217.0,217.0,650.0,
67411202,67411202,DEFAULT_BREAKER,Breaker,38925180,K_50A,Fuse,Breaker-Fuse,2595.0,0.0110,0.0228,-0.0118,0.0,True,2328.0,0.0159,0.0251,-0.0092,0.0,True,600.0000,121,1.0000,400.0000,102,1.0000,,50K,,,50K,,464,1,463,6128.0,4844.0,3842.0,10302.5,167.0,167.0,167.0,500.0,
67411202,67411202,DEFAULT_BREAKER,Breaker,357488598,K_65A,Fuse,Breaker-Fuse,,,,,0.0,False,2282.0,0.0159,0.0359,-0.0200,0.0,True,,,,400.0000,102,1.0000,,,,,65K,,464,38,426,6128.0,4844.0,3842.0,10302.5,250.0,0.0,0.0,0,
67411202,67411202,DEFAULT_BREAKER,Breaker,1FDL11_38924965,K_80A,Fuse,Breaker-Fuse,,,,,0.0,False,2856.0,0.0158,0.0385,-0.0227,0.0,True,,,,400.0000,102,1.0000,,,,,80K,,464,1,463,6128.0,4844.0,3842.0,10302.5,0.0,10.0,0.0,0,
67411202,67411202,DEFAULT_BREAKER,Breaker,406779800,K_100A,Fuse,Breaker-Fuse,3255.0,0.0110,0.0467,-0.0357,0.0,True,3455.0,0.0158,0.0433,-0.0275,0.0,True,600.0000,121,1.0000,400.0000,102,1.0000,,100K,,,100K,,464,6,458,6128.0,4844.0,3842.0,10302.5,367.0,342.0,342.0,1025.0,
67411202,67411202,DEFAULT_BREAKER,Breaker,1FDK96_406702003,K_80A,Fuse,Breaker-Fuse,2793.0,0.0110,0.0397,-0.0287,0.0,True,2622.0,0.0158,0.0433,-0.0275,0.0,True,600.0000,121,1.0000,400.0000,102,1.0000,,80K,,,80K,,464,0,464,6128.0,4844.0,3842.0,10302.5,0.0,0.0,0.0,300.0,
67411202,67411202,DEFAULT_BREAKER,Breaker,1FDL11_38921679,K_80A,Fuse,Breaker-Fuse,2939.0,0.0110,0.0370,-0.0260,0.0,True,2862.0,0.0158,0.0384,-0.0225,0.0,True,600.0000,121,1.0000,400.0000,102,1.0000,,80K,,,80K,,464,7,457,6128.0,4844.0,3842.0,10302.5,115.0,115.0,130.0,345.0,
67411202,67411202,DEFAULT_BREAKER,Breaker,387366131,K_80A,Fuse,Breaker-Fuse,3320.0,0.0110,0.0313,-0.0203,0.0,True,3577.0,0.0158,0.0287,-0.0129,0.0,True,600.0000,121,1.0000,400.0000,102,1.0000,,80K,,,80K,,464,9,455,6128.0,4844.0,3842.0,10302.5,65.0,15.0,40.0,45.0,
67411202,67411202,DEFAULT_BREAKER,Breaker,38917632,K_80A,Fuse,Breaker-Fuse,,,,,0.0,False,3131.0,0.0158,0.0339,-0.0181,0.0,True,,,,400.0000,102,1.0000,,,,,80K,,464,2,462,6128.0,4844.0,3842.0,10302.5,0.0,0.0,38.0,0,
67411202,387366131,K_80A,Fuse,387366123,K_40A,Fuse,Fuse-Fuse,,,,,0.0,False,3517.0,0.0106,0.0153,-0.0048,0.0,True,,,,,80K,,,,,,40K,,9,3,6,65.0,15.0,40.0,45.0,0.0,0.0,25.0,0,
67411202,67411202,DEFAULT_BREAKER,Breaker,38931807,K_40A,Fuse,Breaker-Fuse,,,,,0.0,False,2193.0,0.0159,0.0218,-0.0059,0.0,True,,,,400.0000,102,1.0000,,,,,40K,,464,2,462,6128.0,4844.0,3842.0,10302.5,38.0,0.0,0.0,0,
67411202,67411202,DEFAULT_BREAKER,Breaker,1YLR65_669409469,TRIPSAVER_II_200A,TripSaver,Breaker-TripSaver,2692.0,0.0110,0.2215,-0.2105,0.2,True,2466.0,0.0159,0.2499,-0.2340,0.2,True,600.0000,121,1.0000,400.0000,102,1.0000,,TS150E,,,TS150E,,464,144,320,6128.0,4844.0,3842.0,10302.5,670.0,748.0,128.0,112.5,
67421201,67421201,DEFAULT_BREAKER,Breaker,38918459,K_25A,Fuse,Breaker-Fuse,2500.0,0.0110,0.0134,-0.0024,0.0,True,2087.0,0.0160,0.0155,0.0005,0.0,False,650.0000,121,1.0000,480.0000,102,1.0000,,25K,,,25K,,1167,1,1166,6837.0,4360.0,8672.0,1095.0,25.0,25.0,25.0,75.0,
67421201,38929280,K_50A,Fuse,38929055,K_25A,Fuse,Fuse-Fuse,,,,,0.0,False,1736.0,0.0169,0.0179,-0.0010,0.0,True,,,,,50K,,,,,,25K,,9,1,8,0.0,150.0,0.0,0,0.0,25.0,0.0,0,
67421201,67421201,DEFAULT_BREAKER,Breaker,38919336,K_65A,Fuse,Breaker-Fuse,,,,,0.0,False,3549.0,0.0158,0.0212,-0.0054,0.0,True,,,,480.0000,102,1.0000,,,,,65K,,1167,2,1165,6837.0,4360.0,8672.0,1095.0,30.0,0.0,0.0,0,
67421201,390870377,T_80A,Fuse,38918760,T_80A,Fuse,Fuse-Fuse,,,,,0.0,False,1181.0,0.3293,0.5303,-0.2010,0.0,True,,,,,80T,,,,,,80T,,1,0,1,0.0,10.0,0.0,0,0.0,0.0,0.0,0,
67421201,67421201,DEFAULT_BREAKER,Breaker,E22_38925484,K_65A,Fuse,Breaker-Fuse,,,,,0.0,False,2920.0,0.0159,0.0262,-0.0103,0.0,True,,,,480.0000,102,1.0000,,,,,65K,,1167,2,1165,6837.0,4360.0,8672.0,1095.0,0.0,0.0,15.0,0,
67421201,67421201,DEFAULT_BREAKER,Breaker,2M3X07_38921469,T_80A,Fuse,Breaker-Fuse,3959.0,0.0110,0.0554,-0.0444,0.0,True,4270.0,0.0158,0.0488,-0.0331,0.0,True,650.0000,121,1.0000,480.0000,102,1.0000,,80T,,,80T,,1167,2,1165,6837.0,4360.0,8672.0,1095.0,20.0,25.0,15.0,0,
67421201,67421201,DEFAULT_BREAKER,Breaker,E25_38931403,K_65A,Fuse,Breaker-Fuse,,,,,0.0,False,2729.0,0.0159,0.0284,-0.0125,0.0,True,,,,480.0000,102,1.0000,,,,,65K,,1167,2,1165,6837.0,4360.0,8672.0,1095.0,0.0,0.0,10.0,0,
67421201,15E15_38916846,T_50A,Fuse,2AYP46_782853764,T_50A,Fuse,Fuse-Fuse,,,,,0.0,False,968.0,0.1923,0.3195,-0.1272,0.0,True,,,,,50T,,,,,,50T,,22,20,2,0.0,235.0,0.0,0,0.0,210.0,0.0,0,
67421201,67421201,DEFAULT_BREAKER,Breaker,E28_38933151,K_65A,Fuse,Breaker-Fuse,,,,,0.0,False,2524.0,0.0159,0.0314,-0.0155,0.0,True,,,,480.0000,102,1.0000,,,,,65K,,1167,1,1166,6837.0,4360.0,8672.0,1095.0,0.0,15.0,0.0,0,
67421201,38929280,K_50A,Fuse,38930386,K_25A,Fuse,Fuse-Fuse,,,,,0.0,False,1736.0,0.0169,0.0179,-0.0010,0.0,True,,,,,50K,,,,,,25K,,9,8,1,0.0,150.0,0.0,0,0.0,125.0,0.0,0,
67421201,67421201,DEFAULT_BREAKER,Breaker,E21_38932827,K_65A,Fuse,Breaker-Fuse,,,,,0.0,False,3016.0,0.0159,0.0253,-0.0094,0.0,True,,,,480.0000,102,1.0000,,,,,65K,,1167,4,1163,6837.0,4360.0,8672.0,1095.0,35.0,0.0,0.0,0,
67421201,1M6A43_39010952,VPST_800A,Recloser,28HP02_39010505,CMR_100A,Recloser,Recloser-Recloser,,,,,0.22,False,1216.0,0.6835,0.4719,0.2116,0.22,True,,,,380.0000,U3,1.2000,,,,200.0000,L,,356,101,255,3410.0,610.0,2215.0,0,2232.0,0.0,0.0,0,
67421201,28JM55_784230603,VPST_800A,Recloser,2C2Q51_784823201,VPST_800A,Recloser,Recloser-Recloser,2270.0,0.4007,0.2785,0.1222,0.22,True,1825.0,0.6819,0.6239,0.0580,0.22,True,520.0000,U4,1.0000,400.0000,U4,2.0000,410.0000,U4,1.0000,380.0000,U4,2.0000,823,195,628,5772.0,1975.0,6720.0,870.0,1042.0,0.0,2185.0,75.0,
67421201,67421201,DEFAULT_BREAKER,Breaker,2BMA62_671272716,TRIPSAVER_II_100A,TripSaver,Breaker-TripSaver,,,,,0.2,False,2515.0,0.0159,0.1353,-0.1193,0.2,True,,,,480.0000,102,1.0000,,,,,TS80T,,1167,27,1140,6837.0,4360.0,8672.0,1095.0,0.0,0.0,245.0,0,
67421201,28JM55_784230603,VPST_800A,Recloser,1M6A43_39010952,VPST_800A,Recloser,Recloser-Recloser,2221.0,0.4154,0.2680,0.1474,0.22,True,1769.0,0.7205,0.4048,0.3157,0.22,False,520.0000,U4,1.0000,400.0000,U4,2.0000,540.0000,U3,0.6000,380.0000,U3,1.2000,823,356,467,5772.0,1975.0,6720.0,870.0,3410.0,610.0,2215.0,0,
67421201,67421201,DEFAULT_BREAKER,Breaker,1XQB75_39011005,L_200A,Recloser,Breaker-Recloser,2376.0,0.0110,0.4863,-0.4753,0.2,True,1945.0,0.0160,0.6296,-0.6136,0.2,True,650.0000,121,1.0000,480.0000,102,1.0000,400.0000,L,,400.0000,L,,1167,284,883,6837.0,4360.0,8672.0,1095.0,855.0,2185.0,1525.0,75.0,
67421201,67421201,DEFAULT_BREAKER,Breaker,28JM55_784230603,VPST_800A,Recloser,Breaker-Recloser,2382.0,0.0110,0.3706,-0.3596,0.2,True,1951.0,0.0160,0.6076,-0.5916,0.2,True,650.0000,121,1.0000,480.0000,102,1.0000,520.0000,U4,1.0000,400.0000,U4,2.0000,1167,823,344,6837.0,4360.0,8672.0,1095.0,5772.0,1975.0,6720.0,870.0,
67421202,67421202,DEFAULT_BREAKER,Breaker,38931923,K_65A,Fuse,Breaker-Fuse,,,,,0.0,False,2516.0,0.0159,0.0316,-0.0157,0.0,True,,,,480.0000,102,1.0000,,,,,65K,,886,2,884,7146.0,6021.0,6274.0,4301.0,15.0,0.0,0.0,0,
67421202,38929843,T_80A,Fuse,38929022,T_80A,Fuse,Fuse-Fuse,,,,,0.0,False,2646.0,0.0677,0.1083,-0.0406,0.0,True,,,,,80T,,,,,,80T,,11,2,9,15.0,40.0,170.0,0,0.0,0.0,50.0,0,
67421202,67421202,DEFAULT_BREAKER,Breaker,1Q4W37_38940933,SMU-20_(E)_175A,Fuse,Breaker-Fuse,3691.0,0.0110,0.1474,-0.1364,0.0,True,3758.0,0.0158,0.1427,-0.1269,0.0,True,650.0000,121,1.0000,480.0000,102,1.0000,,175E_14.4kV,,,175E_14.4kV,,886,215,671,7146.0,6021.0,6274.0,4301.0,1747.0,1857.0,2342.0,2000.0,
67421202,67421202,DEFAULT_BREAKER,Breaker,1Q4W62_38919518,K_65A,Fuse,Breaker-Fuse,3538.0,0.0110,0.0213,-0.0103,0.0,True,3494.0,0.0158,0.0216,-0.0058,0.0,True,650.0000,121,1.0000,480.0000,102,1.0000,,65K,,,65K,,886,1,885,7146.0,6021.0,6274.0,4301.0,167.0,167.0,167.0,501.0,
67421202,67421202,DEFAULT_BREAKER,Breaker,1Q5A15_38918018,T_80A,Fuse,Breaker-Fuse,3507.0,0.0110,0.0677,-0.0567,0.0,True,3441.0,0.0158,0.0699,-0.0541,0.0,True,650.0000,121,1.0000,480.0000,102,1.0000,,80T,,,80T,,886,4,882,7146.0,6021.0,6274.0,4301.0,100.0,165.0,115.0,300.0,
67421202,67421202,DEFAULT_BREAKER,Breaker,38929843,T_80A,Fuse,Breaker-Fuse,3399.0,0.0110,0.0714,-0.0604,0.0,True,3266.0,0.0158,0.0763,-0.0604,0.0,True,650.0000,121,1.0000,480.0000,102,1.0000,,80T,,,80T,,886,11,875,7146.0,6021.0,6274.0,4301.0,15.0,40.0,170.0,0,
67421202,67421202,DEFAULT_BREAKER,Breaker,A17C17_38929847,K_65A,Fuse,Breaker-Fuse,3097.0,0.0110,0.0246,-0.0136,0.0,True,2804.0,0.0159,0.0274,-0.0115,0.0,True,650.0000,121,1.0000,480.0000,102,1.0000,,65K,,,65K,,886,19,867,7146.0,6021.0,6274.0,4301.0,500.0,25.0,25.0,75.0,
67421202,67421202,DEFAULT_BREAKER,Breaker,38922184,K_65A,Fuse,Breaker-Fuse,,,,,0.0,False,2952.0,0.0159,0.0258,-0.0100,0.0,True,,,,480.0000,102,1.0000,,,,,65K,,886,11,875,7146.0,6021.0,6274.0,4301.0,65.0,0.0,0.0,0,
67421202,67421202,DEFAULT_BREAKER,Breaker,A7-1_654187791,TRIPSAVER_II_100A,TripSaver,Breaker-TripSaver,,,,,0.2,False,3874.0,0.0158,0.0839,-0.0681,0.2,True,,,,480.0000,102,1.0000,,,,,TS80T,,886,10,876,7146.0,6021.0,6274.0,4301.0,0.0,158.0,0.0,0,
67421202,67421202,DEFAULT_BREAKER,Breaker,1W2N10_650812088,VPST_800A,Recloser,Breaker-Recloser,2758.0,0.0110,0.3879,-0.3769,0.2,True,2353.0,0.0159,0.4834,-0.4674,0.2,True,650.0000,121,1.0000,480.0000,102,1.0000,540.0000,U4,1.3000,340.0000,U4,2.9000,886,602,284,7146.0,6021.0,6274.0,4301.0,4512.0,3545.0,3455.0,1425.0,
67421203,67421203,DEFAULT_BREAKER,Breaker,1Q4W37_38918872,K_65A,Fuse,Breaker-Fuse,3561.0,0.0187,0.0212,-0.0024,0.0,True,3624.0,0.0119,0.0208,-0.0089,0.0,True,700.0000,104,1.0000,400.0000,104,1.0000,,65K,,,65K,,966,7,959,7416.0,6355.0,5574.0,3105.0,25.0,75.0,25.0,75.0,
67421203,67421203,DEFAULT_BREAKER,Breaker,1GKK48_38929622,T_80A,Fuse,Breaker-Fuse,,,,,0.0,False,1821.0,0.0217,0.2202,-0.1984,0.0,True,,,,400.0000,104,1.0000,,,,,80T,,966,30,936,7416.0,6355.0,5574.0,3105.0,0.0,0.0,310.0,0,
67421203,67421203,DEFAULT_BREAKER,Breaker,1YCF55_38931833,T_80A,Fuse,Breaker-Fuse,,,,,0.0,False,1812.0,0.0219,0.2223,-0.2004,0.0,True,,,,400.0000,104,1.0000,,,,,80T,,966,10,956,7416.0,6355.0,5574.0,3105.0,0.0,125.0,0.0,0,
67421203,67421203,DEFAULT_BREAKER,Breaker,27XN52_785115275,VPST_800A,Recloser,Breaker-Recloser,2303.0,0.0524,0.6322,-0.5797,0.2,True,1857.0,0.0210,0.6755,-0.6545,0.2,True,700.0000,104,1.0000,400.0000,104,1.0000,560.0000,U4,1.5000,360.0000,U4,2.5000,966,826,140,7416.0,6355.0,5574.0,3105.0,7276.0,5220.0,5124.0,2910.0,
67421203,67421203,DEFAULT_BREAKER,Breaker,5C1-1_676197976,TRIPSAVER_II_100A,TripSaver,Breaker-TripSaver,,,,,0.2,False,1757.0,0.0232,0.2294,-0.2062,0.2,True,,,,400.0000,104,1.0000,,,,,TS80T,,966,25,941,7416.0,6355.0,5574.0,3105.0,0.0,245.0,0.0,0,
67421203,67421203,DEFAULT_BREAKER,Breaker,676197989,TRIPSAVER_II_200A,TripSaver,Breaker-TripSaver,,,,,0.2,False,2730.0,0.0145,0.1694,-0.1549,0.2,True,,,,400.0000,104,1.0000,,,,,TS100T,,966,22,944,7416.0,6355.0,5574.0,3105.0,0.0,375.0,0.0,0,
67421203,67421203,DEFAULT_BREAKER,Breaker,C22_676197982,TRIPSAVER_II_100A,TripSaver,Breaker-TripSaver,,,,,0.2,False,2467.0,0.0156,0.1387,-0.1231,0.2,True,,,,400.0000,104,1.0000,,,,,TS80T,,966,10,956,7416.0,6355.0,5574.0,3105.0,0.0,145.0,0.0,0,
67421204,2BGX62_38925563,T_65A,Fuse,2BGX66_830030243,T_65A,Fuse,Fuse-Fuse,,,,,0.0,False,813.0,0.4116,0.6990,-0.2874,0.0,True,,,,,65T,,,,,,65T,,0,0,0,50.0,0.0,0.0,0,25.0,0.0,0.0,0,
67421204,262E12_741028530,K_20A,Fuse,262E13_741028533,K_20A,Fuse,Fuse-Fuse,,,,,0.0,False,648.0,0.0172,0.0406,-0.0234,0.0,True,,,,,20K,,,,,,20K,,1,1,0,10.0,0.0,0.0,0,10.0,0.0,0.0,0,
67421204,2BGX59_830030231,T_65A,Fuse,2BGX63_38928834,T_65A,Fuse,Fuse-Fuse,,,,,0.0,False,840.0,0.3861,0.6554,-0.2693,0.0,True,,,,,65T,,,,,,65T,,118,3,115,2555.0,0.0,0.0,0,25.0,0.0,0.0,0,
67421204,67421204,DEFAULT_BREAKER,Breaker,G14_38923186,K_65A,Fuse,Breaker-Fuse,,,,,0.0,False,2606.0,0.0159,0.0301,-0.0142,0.0,True,,,,480.0000,102,1.0000,,,,,65K,,1220,1,1219,4515.0,10092.0,4305.0,450.0,0.0,15.0,0.0,0,
67421204,2BGX59_830030231,T_65A,Fuse,2BGX62_38925563,T_65A,Fuse,Fuse-Fuse,,,,,0.0,False,848.0,0.3790,0.6433,-0.2643,0.0,True,,,,,65T,,,,,,65T,,118,0,118,2555.0,0.0,0.0,0,50.0,0.0,0.0,0,
67421204,2BGX59_830030231,T_65A,Fuse,2CRQ25_38921874,T_65A,Fuse,Fuse-Fuse,,,,,0.0,False,777.0,0.4498,0.7642,-0.3144,0.0,True,,,,,65T,,,,,,65T,,118,2,116,2555.0,0.0,0.0,0,30.0,0.0,0.0,0,
67421204,2BGX59_830030231,T_65A,Fuse,2CRQ24_38923026,T_65A,Fuse,Fuse-Fuse,,,,,0.0,False,813.0,0.4116,0.6990,-0.2874,0.0,True,,,,,65T,,,,,,65T,,118,6,112,2555.0,0.0,0.0,0,135.0,0.0,0.0,0,
67421204,67421204,DEFAULT_BREAKER,Breaker,2BAP31_38922299,K_65A,Fuse,Breaker-Fuse,,,,,0.0,False,3196.0,0.0158,0.0238,-0.0079,0.0,True,,,,480.0000,102,1.0000,,,,,65K,,1220,1,1219,4515.0,10092.0,4305.0,450.0,25.0,0.0,0.0,0,
67421204,67421204,DEFAULT_BREAKER,Breaker,38934884,K_65A,Fuse,Breaker-Fuse,,,,,0.0,False,2916.0,0.0159,0.0262,-0.0103,0.0,True,,,,480.0000,102,1.0000,,,,,65K,,1220,1,1219,4515.0,10092.0,4305.0,450.0,15.0,0.0,0.0,0,
67421204,67421204,DEFAULT_BREAKER,Breaker,38935116,K_65A,Fuse,Breaker-Fuse,,,,,0.0,False,2401.0,0.0159,0.0336,-0.0176,0.0,True,,,,480.0000,102,1.0000,,,,,65K,,1220,9,1211,4515.0,10092.0,4305.0,450.0,0.0,92.0,0.0,0,
67421204,67421204,DEFAULT_BREAKER,Breaker,38928048,K_65A,Fuse,Breaker-Fuse,3101.0,0.0110,0.0245,-0.0135,0.0,True,2916.0,0.0159,0.0262,-0.0103,0.0,True,650.0000,121,1.0000,480.0000,102,1.0000,,65K,,,65K,,1220,9,1211,4515.0,10092.0,4305.0,450.0,125.0,25.0,25.0,75.0,
67421204,2B6H05_38923058,T_50A,Fuse,2B6H21_38933738,T_50A,Fuse,Fuse-Fuse,,,,,0.0,False,1350.0,0.1023,0.1702,-0.0679,0.0,True,,,,,50T,,,,,,50T,,51,15,36,0.0,478.0,0.0,0,0.0,148.0,0.0,0,
67421204,2B6H05_38923058,T_50A,Fuse,2B6H20_38935082,T_50A,Fuse,Fuse-Fuse,,,,,0.0,False,1360.0,0.1008,0.1679,-0.0671,0.0,True,,,,,50T,,,,,,50T,,51,24,27,0.0,478.0,0.0,0,0.0,250.0,0.0,0,
67421204,67421204,DEFAULT_BREAKER,Breaker,G12_38930871,K_65A,Fuse,Breaker-Fuse,,,,,0.0,False,2784.0,0.0159,0.0276,-0.0118,0.0,True,,,,480.0000,102,1.0000,,,,,65K,,1220,1,1219,4515.0,10092.0,4305.0,450.0,15.0,0.0,0.0,0,
67421204,2BEJ82_38929488,K_25A,Fuse,2BEK28_38927325,T_65A,Fuse,Fuse-Fuse,,,,,0.0,False,1127.0,0.0101,0.3673,-0.3571,0.0,True,,,,,25K,,,,,,65T,,173,8,165,0.0,2972.0,0.0,0,0.0,170.0,0.0,0,
67421204,1M3M04_39010458,VPST_800A,Recloser,2BGJ05_785093592,VPST_800A,Recloser,Recloser-Recloser,1772.0,0.6491,0.4589,0.1902,0.22,True,1352.0,0.9816,0.3526,0.6290,0.22,False,560.0000,U4,0.9000,300.0000,U4,2.9000,440.0000,U4,1.0000,230.0000,U4,1.5000,808,365,443,3600.0,5868.0,3530.0,375.0,3050.0,2172.0,1645.0,75.0,
67421204,67421204,DEFAULT_BREAKER,Breaker,2BEJ76_39010982,VPSS_800A,Recloser,Breaker-Recloser,,,,,0.2,False,2185.0,0.0160,0.1936,-0.1776,0.2,True,,,,480.0000,102,1.0000,,,,200.0000,U4,1.8000,1220,189,1031,4515.0,10092.0,4305.0,450.0,0.0,3442.0,0.0,0,
67421204,67421204,DEFAULT_BREAKER,Breaker,3G2_672311730,TRIPSAVER_II_100A,TripSaver,Breaker-TripSaver,,,,,0.2,False,2331.0,0.0159,0.1499,-0.1340,0.2,True,,,,480.0000,102,1.0000,,,,,TS80T,,1220,17,1203,4515.0,10092.0,4305.0,450.0,0.0,330.0,0.0,0,
67421204,67421204,DEFAULT_BREAKER,Breaker,G12_672311741,TRIPSAVER_II_100A,TripSaver,Breaker-TripSaver,,,,,0.2,False,2776.0,0.0159,0.1193,-0.1034,0.2,True,,,,480.0000,102,1.0000,,,,,TS80T,,1220,91,1129,4515.0,10092.0,4305.0,450.0,0.0,85.0,710.0,0,
67421204,67421204,DEFAULT_BREAKER,Breaker,1M3M04_39010458,VPST_800A,Recloser,Breaker-Recloser,2433.0,0.0110,0.3699,-0.3589,0.2,True,2020.0,0.0160,0.5035,-0.4875,0.2,True,650.0000,121,1.0000,480.0000,102,1.0000,560.0000,U4,0.9000,300.0000,U4,2.9000,1220,808,412,4515.0,10092.0,4305.0,450.0,3600.0,5868.0,3530.0,375.0,
67421204,67421204,DEFAULT_BREAKER,Breaker,2BAP31_672311748,TRIPSAVER_II_200A,TripSaver,Breaker-TripSaver,,,,,0.2,False,3196.0,0.0158,0.1360,-0.1201,0.2,True,,,,480.0000,102,1.0000,,,,,TS100T,,1220,37,1183,4515.0,10092.0,4305.0,450.0,560.0,0.0,0.0,0,
67421204,1M3M04_39010458,VPST_800A,Recloser,27WQ21_782478645,VPST_800A,Recloser,Recloser-Recloser,1723.0,0.6854,0.4818,0.2036,0.22,True,1302.0,1.0516,0.6102,0.4415,0.22,False,560.0000,U4,0.9000,300.0000,U4,2.9000,440.0000,U4,1.0000,200.0000,U4,3.4000,808,148,660,3600.0,5868.0,3530.0,375.0,140.0,2072.0,465.0,225.0,
67421204,67421204,DEFAULT_BREAKER,Breaker,G1.5_672311753,TRIPSAVER_II_100A,TripSaver,Breaker-TripSaver,,,,,0.2,False,4305.0,0.0157,0.0768,-0.0610,0.2,True,,,,480.0000,102,1.0000,,,,,TS80T,,1220,9,1211,4515.0,10092.0,4305.0,450.0,105.0,0.0,0.0,0,
67421204,27WQ21_782478645,VPST_800A,Recloser,30G3_39011056,CMR_100A,Recloser,Recloser-Recloser,,,,,0.22,False,1240.0,0.6589,0.4613,0.1976,0.22,True,,,,200.0000,U4,3.4000,,,,200.0000,L,,148,106,42,140.0,2072.0,465.0,225.0,0.0,1918.0,0.0,0,
67421204,67421204,DEFAULT_BREAKER,Breaker,G14_672311735,TRIPSAVER_II_100A,TripSaver,Breaker-TripSaver,,,,,0.2,False,2606.0,0.0159,0.1291,-0.1132,0.2,True,,,,480.0000,102,1.0000,,,,,TS80T,,1220,11,1209,4515.0,10092.0,4305.0,450.0,0.0,92.0,0.0,0,
67431201,67431201,DEFAULT_BREAKER,Breaker,25AR36_363358622,K_30A,Fuse,Breaker-Fuse,3115.0,0.0110,0.0143,-0.0033,0.0,True,2798.0,0.0158,0.0157,0.0001,0.0,False,800.0000,121,1.0000,400.0000,102,1.0000,,30K,,,30K,,1156,1,1155,9216.0,7041.0,6739.0,5178.5,167.0,167.0,167.0,500.0,
67431201,2LDT75_38933019,T_65A,Fuse,39085923,T_50A,Fuse,Fuse-Fuse,,,,,0.0,False,873.0,0.3580,0.3914,-0.0334,0.0,True,,,,,65T,,,,,,50T,,43,1,42,0.0,590.0,0.0,0,0.0,25.0,0.0,0,
67431201,67431201,DEFAULT_BREAKER,Breaker,38927270,K_65A,Fuse,Breaker-Fuse,,,,,0.0,False,3081.0,0.0158,0.0247,-0.0089,0.0,True,,,,400.0000,102,1.0000,,,,,65K,,1156,8,1148,9216.0,7041.0,6739.0,5178.5,0.0,98.0,0.0,0,
67431201,67431201,DEFAULT_BREAKER,Breaker,38952680,T_50A,Fuse,Breaker-Fuse,,,,,0.0,False,2909.0,0.0158,0.0482,-0.0324,0.0,True,,,,400.0000,102,1.0000,,,,,50T,,1156,2,1154,9216.0,7041.0,6739.0,5178.5,25.0,0.0,0.0,0,
67431201,67431201,DEFAULT_BREAKER,Breaker,38927911,K_65A,Fuse,Breaker-Fuse,,,,,0.0,False,3043.0,0.0158,0.0250,-0.0092,0.0,True,,,,400.0000,102,1.0000,,,,,65K,,1156,24,1132,9216.0,7041.0,6739.0,5178.5,0.0,0.0,310.0,0,
67431201,67431201,DEFAULT_BREAKER,Breaker,24HR61_38952676,T_50A,Fuse,Breaker-Fuse,,,,,0.0,False,2861.0,0.0158,0.0493,-0.0335,0.0,True,,,,400.0000,102,1.0000,,,,,50T,,1156,5,1151,9216.0,7041.0,6739.0,5178.5,0.0,65.0,0.0,0,
67431201,67431201,DEFAULT_BREAKER,Breaker,356200272,K_40A,Fuse,Breaker-Fuse,3278.0,0.0110,0.0161,-0.0051,0.0,True,3037.0,0.0158,0.0170,-0.0012,0.0,True,800.0000,121,1.0000,400.0000,102,1.0000,,40K,,,40K,,1156,1,1155,9216.0,7041.0,6739.0,5178.5,167.0,167.0,167.0,500.0,
67431201,67431201,DEFAULT_BREAKER,Breaker,20PP57_763563473,K_80A,Fuse,Breaker-Fuse,,,,,0.0,False,2740.0,0.0158,0.0408,-0.0249,0.0,True,,,,400.0000,102,1.0000,,,,,80K,,1156,12,1144,9216.0,7041.0,6739.0,5178.5,0.0,0.0,110.0,0,
67431201,67431201,DEFAULT_BREAKER,Breaker,367115766,K_65A,Fuse,Breaker-Fuse,3733.0,0.0110,0.0201,-0.0091,0.0,True,3767.0,0.0157,0.0200,-0.0042,0.0,True,800.0000,121,1.0000,400.0000,102,1.0000,,65K,,,65K,,1156,1,1155,9216.0,7041.0,6739.0,5178.5,0.0,25.0,0.0,0,
67431201,67431201,DEFAULT_BREAKER,Breaker,5K3_38920526,K_30A,Fuse,Breaker-Fuse,3000.0,0.0110,0.0150,-0.0040,0.0,True,2681.0,0.0158,0.0161,-0.0003,0.0,True,800.0000,121,1.0000,400.0000,102,1.0000,,30K,,,30K,,1156,3,1153,9216.0,7041.0,6739.0,5178.5,75.0,242.0,75.0,225.0,
67431201,67431201,DEFAULT_BREAKER,Breaker,38928750,K_65A,Fuse,Breaker-Fuse,3262.0,0.0110,0.0232,-0.0122,0.0,True,3064.0,0.0158,0.0248,-0.0090,0.0,True,800.0000,121,1.0000,400.0000,102,1.0000,,65K,,,65K,,1156,1,1155,9216.0,7041.0,6739.0,5178.5,100.0,100.0,100.0,300.0,
67431201,67431201,DEFAULT_BREAKER,Breaker,20GN51_39010854,VPST_800A,Recloser,Breaker-Recloser,2995.0,0.0110,0.3973,-0.3863,0.2,True,2675.0,0.0158,0.5005,-0.4846,0.2,True,800.0000,121,1.0000,400.0000,102,1.0000,720.0000,U4,0.9000,360.0000,U4,3.4000,1156,1081,75,9216.0,7041.0,6739.0,5178.5,8475.0,5786.0,5558.0,3152.5,
67431201,67431201,DEFAULT_BREAKER,Breaker,20PP54_680504562,TRIPSAVER_II_100A,TripSaver,Breaker-TripSaver,,,,,0.2,False,2859.0,0.0158,0.1151,-0.0993,0.2,True,,,,400.0000,102,1.0000,,,,,TS80T,,1156,15,1141,9216.0,7041.0,6739.0,5178.5,0.0,225.0,0.0,0,
67431202,67431202,DEFAULT_BREAKER,Breaker,275Y36_737250174,K_65A,Fuse,Breaker-Fuse,4235.0,0.0158,0.0182,-0.0024,0.0,True,4738.0,0.0157,0.0167,-0.0010,0.0,True,600.0000,102,1.0000,500.0000,102,1.0000,,65K,,,65K,,164,163,1,1904.0,1897.0,3599.0,4892.0,1379.0,1372.0,3074.0,3317.0,
67431202,275Y36_737250174,K_65A,Fuse,51141892,K_80A,Fuse,Fuse-Fuse,2700.0,0.0112,0.0416,-0.0304,0.0,True,2228.0,0.0168,0.0544,-0.0376,0.0,True,,65K,,,65K,,,80K,,,80K,,163,2,161,1379.0,1372.0,3074.0,3317.0,100.0,100.0,115.0,300.0,
67431202,275Y36_737250174,K_65A,Fuse,38932596,K_80A,Fuse,Fuse-Fuse,,,,,0.0,False,2454.0,0.0137,0.0475,-0.0338,0.0,True,,,,,65K,,,,,,80K,,163,4,159,1379.0,1372.0,3074.0,3317.0,0.0,25.0,0.0,0,
67431202,275Y36_737250174,K_65A,Fuse,38920316,K_65A,Fuse,Fuse-Fuse,2778.0,0.0106,0.0277,-0.0172,0.0,True,2324.0,0.0153,0.0350,-0.0197,0.0,True,,65K,,,65K,,,65K,,,65K,,163,1,162,1379.0,1372.0,3074.0,3317.0,50.0,50.0,50.0,150.0,
67431202,275Y36_737250174,K_65A,Fuse,38918314,K_65A,Fuse,Fuse-Fuse,,,,,0.0,False,2417.0,0.0141,0.0333,-0.0191,0.0,True,,,,,65K,,,,,,65K,,163,1,162,1379.0,1372.0,3074.0,3317.0,0.0,0.0,15.0,0,
67431202,275Y36_737250174,K_65A,Fuse,1J2E55_38929156,K_65A,Fuse,Fuse-Fuse,,,,,0.0,False,2341.0,0.0151,0.0347,-0.0196,0.0,True,,,,,65K,,,,,,65K,,163,5,158,1379.0,1372.0,3074.0,3317.0,65.0,0.0,0.0,0,
67431202,275Y36_737250174,K_65A,Fuse,38952793,K_65A,Fuse,Fuse-Fuse,2778.0,0.0106,0.0277,-0.0172,0.0,True,2324.0,0.0153,0.0350,-0.0197,0.0,True,,65K,,,65K,,,65K,,,65K,,163,1,162,1379.0,1372.0,3074.0,3317.0,25.0,25.0,25.0,75.0,
67431202,1J2E55_670740230,TRIPSAVER_II_100A,TripSaver,1JLG79_679169254,TRIPSAVER_II_100A,TripSaver,TripSaver-TripSaver,,,,,0.22,False,2047.0,0.1808,0.1808,0.0000,0.22,True,,,,,TS80T,,,,,,TS80T,,70,54,16,0.0,0.0,1392.0,0,0.0,0.0,872.0,0,
67431205,38930925,T_25A,Fuse,22JX66_38946056,K_20A,Fuse,Fuse-Fuse,,,,,0.0,False,1667.0,0.0152,0.0153,-0.0001,0.0,True,,,,,25T,,,,,,20K,,13,4,9,0.0,275.0,0.0,0,0.0,125.0,0.0,0,
67441202,828153927,K_80A,Fuse,38928006,K_65A,Fuse,Fuse-Fuse,,,,,0.0,False,2033.0,0.0300,0.0419,-0.0119,0.0,True,,,,,80K,,,,,,65K,,1528,1,1527,11392.0,6592.0,8037.0,2180.0,0.0,0.0,15.0,0,
67441202,828153927,K_80A,Fuse,38917316,T_80A,Fuse,Fuse-Fuse,3377.0,0.0114,0.0721,-0.0607,0.0,True,2405.0,0.0217,0.1285,-0.1067,0.0,True,,80K,,,80K,,,80T,,,80T,,1528,4,1524,11392.0,6592.0,8037.0,2180.0,257.0,100.0,0.0,0,
67441202,828153927,K_80A,Fuse,122976451,K_65A,Fuse,Fuse-Fuse,,,,,0.0,False,2258.0,0.0245,0.0364,-0.0119,0.0,True,,,,,80K,,,,,,65K,,1528,2,1526,11392.0,6592.0,8037.0,2180.0,25.0,0.0,0.0,0,
67441202,39083598,T_25A,Fuse,38929432,T_25A,Fuse,Fuse-Fuse,,,,,0.0,False,278.0,0.5084,0.8351,-0.3267,0.0,True,,,,,25T,,,,,,25T,,33,4,29,0.0,508.0,0.0,0,0.0,72.0,0.0,0,
67441202,39083598,T_25A,Fuse,39083014,T_25A,Fuse,Fuse-Fuse,,,,,0.0,False,277.0,0.5122,0.8409,-0.3288,0.0,True,,,,,25T,,,,,,25T,,33,22,11,0.0,508.0,0.0,0,0.0,290.0,0.0,0,
67441202,828153927,K_80A,Fuse,1CMM77_38916193,K_65A,Fuse,Fuse-Fuse,3619.0,,0.0208,,0.0,False,2609.0,0.0186,0.0301,-0.0115,0.0,True,,,,,80K,,,65K,,,65K,,1528,3,1525,11392.0,6592.0,8037.0,2180.0,65.0,88.0,65.0,217.5,"Phase upstream: i=3619.0 (log10=3.5586) is outside the data range [10^2.1904, 10^3.5585]."
67441202,828153927,K_80A,Fuse,38919296,K_65A,Fuse,Fuse-Fuse,,,,,0.0,False,2671.0,0.0178,0.0292,-0.0114,0.0,True,,,,,80K,,,,,,65K,,1528,6,1522,11392.0,6592.0,8037.0,2180.0,0.0,0.0,125.0,0,
67441202,67441202,DEFAULT_BREAKER,Breaker,38931827,T_80A,Fuse,Breaker-Fuse,3617.0,0.0110,0.0643,-0.0533,0.0,True,2631.0,0.0158,0.1093,-0.0935,0.0,True,700.0000,121,1.0000,400.0000,102,1.0000,,80T,,,80T,,1846,4,1842,12996.0,10601.0,9180.0,4117.5,50.0,50.0,115.0,150.0,
67441202,67441202,DEFAULT_BREAKER,Breaker,1XPY08_38933505,T_80A,Fuse,Breaker-Fuse,,,,,0.0,False,3025.0,0.0158,0.0866,-0.0708,0.0,True,,,,400.0000,102,1.0000,,,,,80T,,1846,14,1832,12996.0,10601.0,9180.0,4117.5,0.0,0.0,267.0,0,
67441202,39083598,T_25A,Fuse,38930881,T_25A,Fuse,Fuse-Fuse,,,,,0.0,False,277.0,0.5122,0.8409,-0.3288,0.0,True,,,,,25T,,,,,,25T,,33,1,32,0.0,508.0,0.0,0,0.0,15.0,0.0,0,
67441202,828153927,K_80A,Fuse,356204888,T_80A,Fuse,Fuse-Fuse,3165.0,0.0129,0.0804,-0.0675,0.0,True,2226.0,0.0252,0.1492,-0.1240,0.0,True,,80K,,,80K,,,80T,,,80T,,1528,16,1512,11392.0,6592.0,8037.0,2180.0,170.0,0.0,15.0,0,
67441202,67441202,DEFAULT_BREAKER,Breaker,38925120,K_65A,Fuse,Breaker-Fuse,,,,,0.0,False,2729.0,0.0158,0.0284,-0.0125,0.0,True,,,,400.0000,102,1.0000,,,,,65K,,1846,2,1844,12996.0,10601.0,9180.0,4117.5,15.0,0.0,0.0,0,
67441202,828153927,K_80A,Fuse,38919635,K_65A,Fuse,Fuse-Fuse,3348.0,0.0116,0.0226,-0.0110,0.0,True,2380.0,0.0222,0.0339,-0.0118,0.0,True,,80K,,,80K,,,65K,,,65K,,1528,2,1526,11392.0,6592.0,8037.0,2180.0,100.0,100.0,100.0,300.0,
67441202,67441202,DEFAULT_BREAKER,Breaker,467642480,K_65A,Fuse,Breaker-Fuse,,,,,0.0,False,3551.0,0.0158,0.0212,-0.0055,0.0,True,,,,400.0000,102,1.0000,,,,,65K,,1846,2,1844,12996.0,10601.0,9180.0,4117.5,0.0,50.0,50.0,0,
67441202,828153927,K_80A,Fuse,38917742,K_65A,Fuse,Fuse-Fuse,3233.0,0.0124,0.0235,-0.0111,0.0,True,2283.0,0.0240,0.0359,-0.0118,0.0,True,,80K,,,80K,,,65K,,,65K,,1528,3,1525,11392.0,6592.0,8037.0,2180.0,50.0,65.0,75.0,150.0,
67441202,828153927,K_80A,Fuse,38918049,K_80A,Fuse,Fuse-Fuse,3808.0,,0.0266,,0.0,False,2768.0,0.0166,0.0402,-0.0236,0.0,True,,,,,80K,,,80K,,,80K,,1528,29,1499,11392.0,6592.0,8037.0,2180.0,185.0,402.0,240.0,492.5,"Phase upstream: i=3808.0 (log10=3.5807) is outside the data range [10^2.1904, 10^3.5585]."
67441202,67441202,DEFAULT_BREAKER,Breaker,38921179,K_65A,Fuse,Breaker-Fuse,,,,,0.0,False,2845.0,0.0158,0.0269,-0.0111,0.0,True,,,,400.0000,102,1.0000,,,,,65K,,1846,0,1846,12996.0,10601.0,9180.0,4117.5,0.0,0.0,15.0,0,
67441202,67441202,DEFAULT_BREAKER,Breaker,21HW11_38933964,K_65A,Fuse,Breaker-Fuse,,,,,0.0,False,3093.0,0.0158,0.0246,-0.0088,0.0,True,,,,400.0000,102,1.0000,,,,,65K,,1846,7,1839,12996.0,10601.0,9180.0,4117.5,0.0,0.0,65.0,0,
67441202,828153927,K_80A,Fuse,38929610,K_65A,Fuse,Fuse-Fuse,,,,,0.0,False,2315.0,0.0234,0.0352,-0.0118,0.0,True,,,,,80K,,,,,,65K,,1528,1,1527,11392.0,6592.0,8037.0,2180.0,75.0,0.0,0.0,0,
67441202,67441202,DEFAULT_BREAKER,Breaker,828153927,K_80A,Fuse,Breaker-Fuse,4010.0,0.0110,0.0251,-0.0141,0.0,True,2958.0,0.0158,0.0366,-0.0208,0.0,True,700.0000,121,1.0000,400.0000,102,1.0000,,80K,,,80K,,1846,1528,318,12996.0,10601.0,9180.0,4117.5,11392.0,6592.0,8037.0,2180.0,
67441202,828153927,K_80A,Fuse,1CRC46_38916085,K_65A,Fuse,Fuse-Fuse,3064.0,0.0137,0.0248,-0.0111,0.0,True,2141.0,0.0271,0.0390,-0.0119,0.0,True,,80K,,,80K,,,65K,,,65K,,1528,6,1522,11392.0,6592.0,8037.0,2180.0,25.0,25.0,140.0,75.0,
67441202,38922590,T_50A,Fuse,1WHA63_38916591,T_40A,Fuse,Fuse-Fuse,,,,,0.0,False,985.0,0.1860,0.1916,-0.0056,0.0,True,,,,,50T,,,,,,40T,,28,12,16,570.0,0.0,0.0,0,250.0,0.0,0.0,0,
67441202,67441202,DEFAULT_BREAKER,Breaker,38926331,K_65A,Fuse,Breaker-Fuse,,,,,0.0,False,3690.0,0.0157,0.0204,-0.0046,0.0,True,,,,400.0000,102,1.0000,,,,,65K,,1846,2,1844,12996.0,10601.0,9180.0,4117.5,40.0,0.0,0.0,0,
67441202,67441202,DEFAULT_BREAKER,Breaker,38916934,K_65A,Fuse,Breaker-Fuse,3464.0,0.0110,0.0218,-0.0108,0.0,True,2506.0,0.0159,0.0317,-0.0159,0.0,True,700.0000,121,1.0000,400.0000,102,1.0000,,65K,,,65K,,1846,4,1842,12996.0,10601.0,9180.0,4117.5,167.0,167.0,167.0,500.0,
67441202,21CF95_670676071,K_20A,Fuse,21CF95_670676069,K_20A,Fuse,Fuse-Fuse,,,,,0.0,False,303.0,0.0745,0.1397,-0.0652,0.0,True,,,,,20K,,,,,,20K,,2,2,0,50.0,0.0,0.0,0,50.0,0.0,0.0,0,
67441202,828153927,K_80A,Fuse,38925806,T_80A,Fuse,Fuse-Fuse,,,,,0.0,False,1940.0,0.0328,0.1947,-0.1620,0.0,True,,,,,80K,,,,,,80T,,1528,7,1521,11392.0,6592.0,8037.0,2180.0,110.0,0.0,0.0,0,
67441202,828153927,K_80A,Fuse,38935986,K_65A,Fuse,Fuse-Fuse,,,,,0.0,False,2363.0,0.0225,0.0343,-0.0118,0.0,True,,,,,80K,,,,,,65K,,1528,1,1527,11392.0,6592.0,8037.0,2180.0,15.0,0.0,0.0,0,
67441202,828153927,K_80A,Fuse,38919598,K_65A,Fuse,Fuse-Fuse,,,,,0.0,False,2447.0,0.0210,0.0327,-0.0117,0.0,True,,,,,80K,,,,,,65K,,1528,8,1520,11392.0,6592.0,8037.0,2180.0,0.0,0.0,50.0,0,
67441202,67441202,DEFAULT_BREAKER,Breaker,1XPY08_654518763,TRIPSAVER_II_200A,TripSaver,Breaker-TripSaver,,,,,0.2,False,3034.0,0.0158,0.1903,-0.1745,0.2,True,,,,400.0000,102,1.0000,,,,,TS150E,,1846,59,1787,12996.0,10601.0,9180.0,4117.5,892.0,0.0,0.0,0,
67441202,67441202,DEFAULT_BREAKER,Breaker,AC1211_39010916,VPST_800A,Recloser,Breaker-Recloser,,,,,0.2,False,2453.0,0.0159,0.2180,-0.2021,0.2,True,,,,400.0000,102,1.0000,,,,300.0000,U4,1.4000,1846,197,1649,12996.0,10601.0,9180.0,4117.5,0.0,3205.0,0.0,0,
67441203,165267619,T_40A,Fuse,38923321,T_40A,Fuse,Fuse-Fuse,,,,,0.0,False,860.0,0.1602,0.2479,-0.0877,0.0,True,,,,,40T,,,,,,40T,,49,1,48,0.0,0.0,898.0,0,0.0,0.0,15.0,0,
67441203,542469628,T_80A,Fuse,38919540,T_80A,Fuse,Fuse-Fuse,,,,,0.0,False,1209.0,0.3146,0.5031,-0.1886,0.0,True,,,,,80T,,,,,,80T,,29,6,23,450.0,0.0,0.0,0,105.0,0.0,0.0,0,
67441203,67441203,DEFAULT_BREAKER,Breaker,38934395,K_40A,Fuse,Breaker-Fuse,,,,,0.0,False,2736.0,0.0158,0.0183,-0.0025,0.0,True,,,,400.0000,102,1.0000,,,,,40K,,1582,4,1578,9798.0,9178.0,8022.0,4432.5,0.0,0.0,40.0,0,
67441203,19F10_39010806,4H_50A,Recloser,38931431,T_40A,Fuse,Recloser-Fuse,,,,,0.0,False,377.0,0.5485,1.3185,-0.7700,0.0,True,,,,100.0000,4H,,,,,,40T,,96,16,80,1568.0,0.0,0.0,0,282.0,0.0,0.0,0,
67441203,165267619,T_40A,Fuse,38936820,T_40A,Fuse,Fuse-Fuse,,,,,0.0,False,832.0,0.1713,0.2639,-0.0927,0.0,True,,,,,40T,,,,,,40T,,49,1,48,0.0,0.0,898.0,0,0.0,0.0,15.0,0,
67441203,165267619,T_40A,Fuse,39086291,T_40A,Fuse,Fuse-Fuse,,,,,0.0,False,701.0,0.2424,0.3653,-0.1229,0.0,True,,,,,40T,,,,,,40T,,49,9,40,0.0,0.0,898.0,0,0.0,0.0,170.0,0,
67441203,459226298,K_25A,Fuse,38917116,K_25A,Fuse,Fuse-Fuse,,,,,0.0,False,464.0,0.0562,0.0919,-0.0357,0.0,True,,,,,25K,,,,,,25K,,6,1,5,0.0,130.0,0.0,0,0.0,50.0,0.0,0,
67441203,67441203,DEFAULT_BREAKER,Breaker,38929190,K_65A,Fuse,Breaker-Fuse,3979.0,0.0110,0.0191,-0.0081,0.0,True,2949.0,0.0158,0.0259,-0.0101,0.0,True,700.0000,121,1.0000,400.0000,102,1.0000,,65K,,,65K,,1582,4,1578,9798.0,9178.0,8022.0,4432.5,75.0,25.0,65.0,0,
67441203,67441203,DEFAULT_BREAKER,Breaker,459226309,K_65A,Fuse,Breaker-Fuse,,,,,0.0,False,2923.0,0.0158,0.0261,-0.0103,0.0,True,,,,400.0000,102,1.0000,,,,,65K,,1582,20,1562,9798.0,9178.0,8022.0,4432.5,0.0,0.0,75.0,0,
67441203,67441203,DEFAULT_BREAKER,Breaker,38919684,T_80A,Fuse,Breaker-Fuse,4405.0,0.0110,0.0464,-0.0354,0.0,True,3338.0,0.0158,0.0735,-0.0578,0.0,True,700.0000,121,1.0000,400.0000,102,1.0000,,80T,,,80T,,1582,2,1580,9798.0,9178.0,8022.0,4432.5,50.0,50.0,50.0,150.0,
67441203,67441203,DEFAULT_BREAKER,Breaker,38918300,T_80A,Fuse,Breaker-Fuse,3915.0,0.0110,0.0564,-0.0454,0.0,True,2890.0,0.0158,0.0935,-0.0777,0.0,True,700.0000,121,1.0000,400.0000,102,1.0000,,80T,,,80T,,1582,70,1512,9798.0,9178.0,8022.0,4432.5,218.0,165.0,872.0,495.0,
67441203,67441203,DEFAULT_BREAKER,Breaker,38924475,T_80A,Fuse,Breaker-Fuse,3646.0,0.0110,0.0635,-0.0525,0.0,True,2637.0,0.0158,0.1089,-0.0931,0.0,True,700.0000,121,1.0000,400.0000,102,1.0000,,80T,,,80T,,1582,22,1560,9798.0,9178.0,8022.0,4432.5,215.0,50.0,130.0,212.5,
67441203,67441203,DEFAULT_BREAKER,Breaker,38919864,K_40A,Fuse,Breaker-Fuse,,,,,0.0,False,2553.0,0.0159,0.0193,-0.0035,0.0,True,,,,400.0000,102,1.0000,,,,,40K,,1582,4,1578,9798.0,9178.0,8022.0,4432.5,25.0,0.0,0.0,0,
67441203,67441203,DEFAULT_BREAKER,Breaker,4F1_39010874,L_200A,Recloser,Breaker-Recloser,3499.0,0.0110,0.3271,-0.3161,0.2,True,2500.0,0.0159,0.4575,-0.4417,0.2,True,700.0000,121,1.0000,400.0000,102,1.0000,400.0000,L,,400.0000,L,,1582,388,1194,9798.0,9178.0,8022.0,4432.5,1077.0,2078.0,2407.0,500.0,
67441203,67441203,DEFAULT_BREAKER,Breaker,1MBJ79_39010749,NVSS_800A,Recloser,Breaker-Recloser,3537.0,0.0110,0.4027,-0.3917,0.2,True,2535.0,0.0159,0.5148,-0.4990,0.2,True,700.0000,121,1.0000,400.0000,102,1.0000,560.0000,U4,2.0000,310.0000,U4,4.1000,1582,1043,539,9798.0,9178.0,8022.0,4432.5,7642.0,6318.0,3819.0,1825.0,
67441204,67441204,DEFAULT_BREAKER,Breaker,38933666,K_65A,Fuse,Breaker-Fuse,,,,,0.0,False,1829.0,0.0159,0.0490,-0.0331,0.0,True,,,,400.0000,102,1.0000,,,,,65K,,1099,1,1098,6680.0,3595.0,6125.0,950.0,0.0,0.0,30.0,0,
67441204,67441204,DEFAULT_BREAKER,Breaker,38922018,K_80A,Fuse,Breaker-Fuse,,,,,0.0,False,2354.0,0.0159,0.0503,-0.0345,0.0,True,,,,400.0000,102,1.0000,,,,,80K,,1099,2,1097,6680.0,3595.0,6125.0,950.0,15.0,0.0,0.0,0,
67441204,67441204,DEFAULT_BREAKER,Breaker,38921103,K_65A,Fuse,Breaker-Fuse,2419.0,0.0112,0.0332,-0.0220,0.0,True,1590.0,0.0160,0.0605,-0.0445,0.0,True,700.0000,121,1.0000,400.0000,102,1.0000,,65K,,,65K,,1099,2,1097,6680.0,3595.0,6125.0,950.0,10.0,15.0,5.0,0,
67441204,67441204,DEFAULT_BREAKER,Breaker,1T26_38926631,K_65A,Fuse,Breaker-Fuse,,,,,0.0,False,1622.0,0.0160,0.0587,-0.0427,0.0,True,,,,400.0000,102,1.0000,,,,,65K,,1099,2,1097,6680.0,3595.0,6125.0,950.0,0.0,0.0,15.0,0,
67441204,67441204,DEFAULT_BREAKER,Breaker,164658147,K_80A,Fuse,Breaker-Fuse,,,,,0.0,False,3531.0,0.0158,0.0291,-0.0134,0.0,True,,,,400.0000,102,1.0000,,,,,80K,,1099,1,1098,6680.0,3595.0,6125.0,950.0,38.0,0.0,0.0,0,
67441204,67441204,DEFAULT_BREAKER,Breaker,38919508,K_80A,Fuse,Breaker-Fuse,,,,,0.0,False,2910.0,0.0158,0.0375,-0.0217,0.0,True,,,,400.0000,102,1.0000,,,,,80K,,1099,2,1097,6680.0,3595.0,6125.0,950.0,0.0,0.0,25.0,0,
67441204,67441204,DEFAULT_BREAKER,Breaker,38923181,K_80A,Fuse,Breaker-Fuse,,,,,0.0,False,3222.0,0.0158,0.0325,-0.0168,0.0,True,,,,400.0000,102,1.0000,,,,,80K,,1099,3,1096,6680.0,3595.0,6125.0,950.0,25.0,0.0,40.0,0,
67441204,67441204,DEFAULT_BREAKER,Breaker,38917364,K_80A,Fuse,Breaker-Fuse,3406.0,0.0110,0.0304,-0.0194,0.0,True,2360.0,0.0159,0.0502,-0.0343,0.0,True,700.0000,121,1.0000,400.0000,102,1.0000,,80K,,,80K,,1099,0,1099,6680.0,3595.0,6125.0,950.0,50.0,50.0,50.0,150.0,
67441204,67441204,DEFAULT_BREAKER,Breaker,1T33_38925301,K_65A,Fuse,Breaker-Fuse,,,,,0.0,False,1432.0,0.0165,0.0708,-0.0543,0.0,True,,,,400.0000,102,1.0000,,,,,65K,,1099,2,1097,6680.0,3595.0,6125.0,950.0,0.0,0.0,25.0,0,
67441204,67441204,DEFAULT_BREAKER,Breaker,38930446,K_65A,Fuse,Breaker-Fuse,,,,,0.0,False,1590.0,0.0160,0.0605,-0.0445,0.0,True,,,,400.0000,102,1.0000,,,,,65K,,1099,1,1098,6680.0,3595.0,6125.0,950.0,0.0,0.0,25.0,0,
67441204,67441204,DEFAULT_BREAKER,Breaker,38929542,T_65A,Fuse,Breaker-Fuse,,,,,0.0,False,1551.0,0.0160,0.1973,-0.1813,0.0,True,,,,400.0000,102,1.0000,,,,,65T,,1099,1,1098,6680.0,3595.0,6125.0,950.0,0.0,55.0,0.0,0,
67441204,67441204,DEFAULT_BREAKER,Breaker,38924098,K_65A,Fuse,Breaker-Fuse,,,,,0.0,False,1741.0,0.0160,0.0528,-0.0368,0.0,True,,,,400.0000,102,1.0000,,,,,65K,,1099,2,1097,6680.0,3595.0,6125.0,950.0,25.0,0.0,15.0,0,
67441204,67441204,DEFAULT_BREAKER,Breaker,38933427,K_65A,Fuse,Breaker-Fuse,,,,,0.0,False,1932.0,0.0159,0.0452,-0.0292,0.0,True,,,,400.0000,102,1.0000,,,,,65K,,1099,8,1091,6680.0,3595.0,6125.0,950.0,152.0,0.0,0.0,0,
67441204,67441204,DEFAULT_BREAKER,Breaker,38917230,T_50A,Fuse,Breaker-Fuse,,,,,0.0,False,1554.0,0.0160,0.1315,-0.1155,0.0,True,,,,400.0000,102,1.0000,,,,,50T,,1099,4,1095,6680.0,3595.0,6125.0,950.0,100.0,0.0,105.0,0,
67441204,67441204,DEFAULT_BREAKER,Breaker,38921935,K_65A,Fuse,Breaker-Fuse,2564.0,0.0110,0.0308,-0.0198,0.0,True,1697.0,0.0160,0.0549,-0.0389,0.0,True,700.0000,121,1.0000,400.0000,102,1.0000,,65K,,,65K,,1099,5,1094,6680.0,3595.0,6125.0,950.0,25.0,50.0,25.0,100.0,
67441204,67441204,DEFAULT_BREAKER,Breaker,462721470,K_65A,Fuse,Breaker-Fuse,,,,,0.0,False,2020.0,0.0159,0.0423,-0.0263,0.0,True,,,,400.0000,102,1.0000,,,,,65K,,1099,1,1098,6680.0,3595.0,6125.0,950.0,0.0,25.0,0.0,0,
67441204,67441204,DEFAULT_BREAKER,Breaker,38916023,K_80A,Fuse,Breaker-Fuse,,,,,0.0,False,2688.0,0.0158,0.0419,-0.0260,0.0,True,,,,400.0000,102,1.0000,,,,,80K,,1099,6,1093,6680.0,3595.0,6125.0,950.0,75.0,0.0,0.0,0,
67441204,67441204,DEFAULT_BREAKER,Breaker,1YXQ90_161124066,K_80A,Fuse,Breaker-Fuse,,,,,0.0,False,3372.0,0.0158,0.0308,-0.0150,0.0,True,,,,400.0000,102,1.0000,,,,,80K,,1099,4,1095,6680.0,3595.0,6125.0,950.0,0.0,50.0,0.0,0,
67441204,67441204,DEFAULT_BREAKER,Breaker,1T17-3.5_39010832,L_140A,Recloser,Breaker-Recloser,,,,,0.2,False,1917.0,0.0159,0.4162,-0.4002,0.2,True,,,,400.0000,102,1.0000,,,,280.0000,L,,1099,169,930,6680.0,3595.0,6125.0,950.0,2415.0,0.0,0.0,0,
67441204,67441204,DEFAULT_BREAKER,Breaker,1T6-1_654625676,TRIPSAVER_II_200A,TripSaver,Breaker-TripSaver,,,,,0.2,False,2694.0,0.0158,0.1727,-0.1569,0.2,True,,,,400.0000,102,1.0000,,,,,TS100T,,1099,41,1058,6680.0,3595.0,6125.0,950.0,582.0,0.0,0.0,0,
67441204,67441204,DEFAULT_BREAKER,Breaker,1T31_654625662,TRIPSAVER_II_100A,TripSaver,Breaker-TripSaver,,,,,0.2,False,1487.0,0.0162,0.3033,-0.2870,0.2,True,,,,400.0000,102,1.0000,,,,,TS80T,,1099,34,1065,6680.0,3595.0,6125.0,950.0,318.0,0.0,0.0,0,
67441204,67441204,DEFAULT_BREAKER,Breaker,1XQD09_654625649,TRIPSAVER_II_100A,TripSaver,Breaker-TripSaver,,,,,0.2,False,3257.0,0.0158,0.0993,-0.0836,0.2,True,,,,400.0000,102,1.0000,,,,,TS80T,,1099,17,1082,6680.0,3595.0,6125.0,950.0,158.0,0.0,0.0,0,
67441204,67441204,DEFAULT_BREAKER,Breaker,203P71_670993863,VPST_800A,Recloser,Breaker-Recloser,2133.0,0.0120,0.4984,-0.4864,0.2,True,1389.0,0.0167,0.9230,-0.9063,0.2,True,700.0000,121,1.0000,400.0000,102,1.0000,540.0000,U3,1.2000,340.0000,U3,2.5000,1099,706,393,6680.0,3595.0,6125.0,950.0,1902.0,2910.0,5302.0,120.0,
67451202,67451202,DEFAULT_BREAKER,Breaker,1E4X15_813962124,T_80A,Fuse,Breaker-Fuse,,,,,0.0,False,3573.0,0.0120,0.0657,-0.0537,0.0,True,,,,400.0000,104,1.0000,,,,,80T,,1749,14,1735,14880.0,12602.0,12920.0,14890.0,0.0,0.0,230.0,0,
67451202,67451202,DEFAULT_BREAKER,Breaker,370263931,K_65A,Fuse,Breaker-Fuse,,,,,0.0,False,4387.0,0.0112,0.0177,-0.0065,0.0,True,,,,400.0000,104,1.0000,,,,,65K,,1749,1,1748,14880.0,12602.0,12920.0,14890.0,35.0,0.0,0.0,0,
67451202,67451202,DEFAULT_BREAKER,Breaker,1E4X15_38919399,K_65A,Fuse,Breaker-Fuse,,,,,0.0,False,3568.0,0.0120,0.0211,-0.0092,0.0,True,,,,400.0000,104,1.0000,,,,,65K,,1749,4,1745,14880.0,12602.0,12920.0,14890.0,0.0,65.0,0.0,0,
67451202,67451202,DEFAULT_BREAKER,Breaker,38916425,K_65A,Fuse,Breaker-Fuse,,,,,0.0,False,3224.0,0.0128,0.0235,-0.0107,0.0,True,,,,400.0000,104,1.0000,,,,,65K,,1749,5,1744,14880.0,12602.0,12920.0,14890.0,0.0,0.0,45.0,0,
67451202,67451202,DEFAULT_BREAKER,Breaker,N10_38919368,K_100A,Fuse,Breaker-Fuse,,,,,0.0,False,4078.0,0.0115,0.0349,-0.0235,0.0,True,,,,400.0000,104,1.0000,,,,,100K,,1749,5,1744,14880.0,12602.0,12920.0,14890.0,0.0,0.0,25.0,0,
67451202,67451202,DEFAULT_BREAKER,Breaker,2BTB55_38921653,K_100A,Fuse,Breaker-Fuse,,,,,0.0,False,4257.0,0.0113,0.0331,-0.0218,0.0,True,,,,400.0000,104,1.0000,,,,,100K,,1749,1,1748,14880.0,12602.0,12920.0,14890.0,0.0,15.0,0.0,0,
67451202,NH4_38926067,K_65A,Fuse,38932761,K_40A,Fuse,Fuse-Fuse,,,,,0.0,False,1778.0,0.0258,0.0271,-0.0013,0.0,True,,,,,65K,,,,,,40K,,32,7,25,0.0,0.0,430.0,0,0.0,0.0,100.0,0,
67451202,1NL7_38925748,K_50A,Fuse,1NLE2-2_38925989,K_25A,Fuse,Fuse-Fuse,,,,,0.0,False,1639.0,0.0187,0.0188,-0.0001,0.0,True,,,,,50K,,,,,,25K,,14,3,11,0.0,220.0,0.0,0,0.0,50.0,0.0,0,
67451202,38927294,T_65A,Fuse,38927416,T_65A,Fuse,Fuse-Fuse,,,,,0.0,False,1122.0,0.2189,0.3705,-0.1516,0.0,True,,,,,65T,,,,,,65T,,61,23,38,1268.0,0.0,0.0,0,502.0,0.0,0.0,0,
67451202,1NL7_38925748,K_50A,Fuse,2CXH32_38925985,K_25A,Fuse,Fuse-Fuse,,,,,0.0,False,1675.0,0.0180,0.0184,-0.0004,0.0,True,,,,,50K,,,,,,25K,,14,1,13,0.0,220.0,0.0,0,0.0,50.0,0.0,0,
67451202,38927294,T_65A,Fuse,38928118,T_65A,Fuse,Fuse-Fuse,,,,,0.0,False,1122.0,0.2189,0.3705,-0.1516,0.0,True,,,,,65T,,,,,,65T,,61,12,49,1268.0,0.0,0.0,0,275.0,0.0,0.0,0,
67451202,67451202,DEFAULT_BREAKER,Breaker,371014911,K_65A,Fuse,Breaker-Fuse,,,,,0.0,False,4543.0,0.0111,0.0172,-0.0062,0.0,True,,,,400.0000,104,1.0000,,,,,65K,,1749,0,1749,14880.0,12602.0,12920.0,14890.0,0.0,15.0,0.0,0,
67451202,67451202,DEFAULT_BREAKER,Breaker,370263881,K_65A,Fuse,Breaker-Fuse,,,,,0.0,False,4913.0,0.0110,0.0162,-0.0052,0.0,True,,,,400.0000,104,1.0000,,,,,65K,,1749,4,1745,14880.0,12602.0,12920.0,14890.0,0.0,25.0,25.0,0,
67451202,67451202,DEFAULT_BREAKER,Breaker,38916431,T_80A,Fuse,Breaker-Fuse,,,,,0.0,False,3416.0,0.0123,0.0708,-0.0585,0.0,True,,,,400.0000,104,1.0000,,,,,80T,,1749,2,1747,14880.0,12602.0,12920.0,14890.0,0.0,0.0,75.0,0,
67451202,67451202,DEFAULT_BREAKER,Breaker,1E4X16_38919385,K_65A,Fuse,Breaker-Fuse,,,,,0.0,False,3686.0,0.0118,0.0204,-0.0086,0.0,True,,,,400.0000,104,1.0000,,,,,65K,,1749,3,1746,14880.0,12602.0,12920.0,14890.0,50.0,0.0,0.0,0,
67451202,67451202,DEFAULT_BREAKER,Breaker,38919381,K_65A,Fuse,Breaker-Fuse,,,,,0.0,False,3761.0,0.0118,0.0200,-0.0082,0.0,True,,,,400.0000,104,1.0000,,,,,65K,,1749,1,1748,14880.0,12602.0,12920.0,14890.0,0.0,0.0,25.0,0,
67451202,1NL7_38925748,K_50A,Fuse,1NLE2-2_565219247,K_25A,Fuse,Fuse-Fuse,,,,,0.0,False,1639.0,0.0187,0.0188,-0.0001,0.0,True,,,,,50K,,,,,,25K,,14,2,12,0.0,220.0,0.0,0,0.0,25.0,0.0,0,
67451202,1N5_39084839,T_65A,Fuse,1NH6_38919764,SMU-20_(E)_65A,Fuse,Fuse-Fuse,2690.0,0.0429,0.0516,-0.0087,0.0,True,2070.0,0.0695,0.0679,0.0016,0.0,False,,65T,,,65T,,,65E_14.4kV,,,65E_14.4kV,,7,1,6,792.0,792.0,854.0,2375.0,500.0,500.0,500.0,1500.0,
67451202,67451202,DEFAULT_BREAKER,Breaker,370645354,K_65A,Fuse,Breaker-Fuse,,,,,0.0,False,3261.0,0.0127,0.0232,-0.0105,0.0,True,,,,400.0000,104,1.0000,,,,,65K,,1749,1,1748,14880.0,12602.0,12920.0,14890.0,0.0,15.0,0.0,0,
67451202,67451202,DEFAULT_BREAKER,Breaker,N15_38919407,K_100A,Fuse,Breaker-Fuse,,,,,0.0,False,3460.0,0.0122,0.0432,-0.0310,0.0,True,,,,400.0000,104,1.0000,,,,,100K,,1749,3,1746,14880.0,12602.0,12920.0,14890.0,0.0,55.0,0.0,0,
67451202,67451202,DEFAULT_BREAKER,Breaker,38916605,T_50A,Fuse,Breaker-Fuse,3885.0,0.0196,0.0333,-0.0137,0.0,True,3541.0,0.0120,0.0375,-0.0255,0.0,True,800.0000,104,1.0000,400.0000,104,1.0000,,50T,,,50T,,1749,5,1744,14880.0,12602.0,12920.0,14890.0,0.0,0.0,30.0,0,
67451202,67451202,DEFAULT_BREAKER,Breaker,38925479,K_100A,Fuse,Breaker-Fuse,,,,,0.0,False,4878.0,0.0110,0.0277,-0.0167,0.0,True,,,,400.0000,104,1.0000,,,,,100K,,1749,4,1745,14880.0,12602.0,12920.0,14890.0,15.0,0.0,62.0,0,
67451202,67451202,DEFAULT_BREAKER,Breaker,38925580,K_100A,Fuse,Breaker-Fuse,,,,,0.0,False,5131.0,0.0110,0.0260,-0.0150,0.0,True,,,,400.0000,104,1.0000,,,,,100K,,1749,62,1687,14880.0,12602.0,12920.0,14890.0,0.0,942.0,0.0,0,
67451202,67451202,DEFAULT_BREAKER,Breaker,38925156,T_80A,Fuse,Breaker-Fuse,4036.0,0.0189,0.0536,-0.0347,0.0,True,3776.0,0.0117,0.0599,-0.0481,0.0,True,800.0000,104,1.0000,400.0000,104,1.0000,,80T,,,80T,,1749,28,1721,14880.0,12602.0,12920.0,14890.0,320.0,205.0,15.0,45.0,
67451202,67451202,DEFAULT_BREAKER,Breaker,39083466,K_65A,Fuse,Breaker-Fuse,,,,,0.0,False,4550.0,0.0111,0.0172,-0.0061,0.0,True,,,,400.0000,104,1.0000,,,,,65K,,1749,2,1747,14880.0,12602.0,12920.0,14890.0,30.0,0.0,0.0,0,
67451202,67451202,DEFAULT_BREAKER,Breaker,2BTB55_38919362,K_100A,Fuse,Breaker-Fuse,,,,,0.0,False,4257.0,0.0113,0.0331,-0.0218,0.0,True,,,,400.0000,104,1.0000,,,,,100K,,1749,2,1747,14880.0,12602.0,12920.0,14890.0,0.0,38.0,0.0,0,
67451202,67451202,DEFAULT_BREAKER,Breaker,38919411,K_100A,Fuse,Breaker-Fuse,,,,,0.0,False,3388.0,0.0124,0.0444,-0.0320,0.0,True,,,,400.0000,104,1.0000,,,,,100K,,1749,4,1745,14880.0,12602.0,12920.0,14890.0,70.0,0.0,0.0,0,
67451202,67451202,DEFAULT_BREAKER,Breaker,38918563,K_100A,Fuse,Breaker-Fuse,,,,,0.0,False,5328.0,0.0110,0.0248,-0.0138,0.0,True,,,,400.0000,104,1.0000,,,,,100K,,1749,6,1743,14880.0,12602.0,12920.0,14890.0,0.0,0.0,55.0,0,
67451202,67451202,DEFAULT_BREAKER,Breaker,26MT10_527041683,VPST_800A,Recloser,Breaker-Recloser,3713.0,0.0210,0.3281,-0.3071,0.2,True,3285.0,0.0127,0.3224,-0.3097,0.2,True,800.0000,104,1.0000,400.0000,104,1.0000,680.0000,U4,1.2000,350.0000,U4,2.9000,1749,1463,286,14880.0,12602.0,12920.0,14890.0,13922.0,10190.0,12188.0,14695.0,
67451202,67451202,DEFAULT_BREAKER,Breaker,N11_668967065,TRIPSAVER_II_200A,TripSaver,Breaker-TripSaver,,,,,0.2,False,3905.0,0.0116,0.1064,-0.0948,0.2,True,,,,400.0000,104,1.0000,,,,,TS100T,,1749,16,1733,14880.0,12602.0,12920.0,14890.0,152.0,0.0,0.0,0,
67451202,67451202,DEFAULT_BREAKER,Breaker,2BTB55_780693098,TRIPSAVER_II_200A,TripSaver,Breaker-TripSaver,,,,,0.2,False,4257.0,0.0113,0.0969,-0.0856,0.2,True,,,,400.0000,104,1.0000,,,,,TS100T,,1749,11,1738,14880.0,12602.0,12920.0,14890.0,0.0,145.0,0.0,0,
67451202,26MT10_527041683,VPST_800A,Recloser,1FNF52_357720283,VPST_800A,Recloser,Recloser-Recloser,2392.0,0.6883,0.4505,0.2377,0.22,False,1771.0,0.7994,0.5796,0.2198,0.22,True,680.0000,U4,1.2000,350.0000,U4,2.9000,560.0000,U4,1.1000,300.0000,U4,2.7000,1463,882,581,13922.0,10190.0,12188.0,14695.0,6478.0,4168.0,4876.0,1705.0,
67451202,67451202,DEFAULT_BREAKER,Breaker,2BTB55_668967060,TRIPSAVER_II_200A,TripSaver,Breaker-TripSaver,,,,,0.2,False,4257.0,0.0113,0.0969,-0.0856,0.2,True,,,,400.0000,104,1.0000,,,,,TS100T,,1749,35,1714,14880.0,12602.0,12920.0,14890.0,0.0,352.0,0.0,0,
67451203,67451203,DEFAULT_BREAKER,Breaker,38925296,K_80A,Fuse,Breaker-Fuse,,,,,0.0,False,2870.0,0.0158,0.0382,-0.0224,0.0,True,,,,400.0000,102,1.0000,,,,,80K,,877,4,873,4542.0,4108.0,4340.0,1455.0,75.0,0.0,75.0,0,
67451203,67451203,DEFAULT_BREAKER,Breaker,38935774,T_50A,Fuse,Breaker-Fuse,,,,,0.0,False,1841.0,0.0159,0.0975,-0.0816,0.0,True,,,,400.0000,102,1.0000,,,,,50T,,877,3,874,4542.0,4108.0,4340.0,1455.0,0.0,25.0,0.0,0,
67451203,67451203,DEFAULT_BREAKER,Breaker,1DJR79_38935808,T_50A,Fuse,Breaker-Fuse,,,,,0.0,False,1772.0,0.0160,0.1034,-0.0875,0.0,True,,,,400.0000,102,1.0000,,,,,50T,,877,9,868,4542.0,4108.0,4340.0,1455.0,0.0,90.0,0.0,0,
67451203,67451203,DEFAULT_BREAKER,Breaker,1DKM38_38935314,K_80A,Fuse,Breaker-Fuse,,,,,0.0,False,2790.0,0.0158,0.0398,-0.0239,0.0,True,,,,400.0000,102,1.0000,,,,,80K,,877,1,876,4542.0,4108.0,4340.0,1455.0,0.0,0.0,25.0,0,
67451203,67451203,DEFAULT_BREAKER,Breaker,1DJR77_38935784,T_50A,Fuse,Breaker-Fuse,,,,,0.0,False,1701.0,0.0160,0.1114,-0.0955,0.0,True,,,,400.0000,102,1.0000,,,,,50T,,877,2,875,4542.0,4108.0,4340.0,1455.0,0.0,0.0,10.0,0,
67451203,67451203,DEFAULT_BREAKER,Breaker,1DKM27_38925374,T_100A,Fuse,Breaker-Fuse,,,,,0.0,False,2213.0,0.0159,0.2578,-0.2419,0.0,True,,,,400.0000,102,1.0000,,,,,100T,,877,1,876,4542.0,4108.0,4340.0,1455.0,0.0,0.0,38.0,0,
67451203,67451203,DEFAULT_BREAKER,Breaker,38935828,T_50A,Fuse,Breaker-Fuse,,,,,0.0,False,1841.0,0.0159,0.0975,-0.0816,0.0,True,,,,400.0000,102,1.0000,,,,,50T,,877,2,875,4542.0,4108.0,4340.0,1455.0,0.0,25.0,0.0,0,
67451203,67451203,DEFAULT_BREAKER,Breaker,1DJR77_38935778,T_50A,Fuse,Breaker-Fuse,,,,,0.0,False,1701.0,0.0160,0.1114,-0.0955,0.0,True,,,,400.0000,102,1.0000,,,,,50T,,877,35,842,4542.0,4108.0,4340.0,1455.0,0.0,0.0,460.0,0,
67451203,67451203,DEFAULT_BREAKER,Breaker,537595969,K_30A,Fuse,Breaker-Fuse,2461.0,0.0111,0.0170,-0.0059,0.0,True,2300.0,0.0159,0.0177,-0.0019,0.0,True,700.0000,121,1.0000,400.0000,102,1.0000,,30K,,,30K,,877,1,876,4542.0,4108.0,4340.0,1455.0,100.0,100.0,100.0,300.0,
67451203,67451203,DEFAULT_BREAKER,Breaker,38925360,K_80A,Fuse,Breaker-Fuse,2447.0,0.0112,0.0477,-0.0365,0.0,True,2277.0,0.0159,0.0527,-0.0368,0.0,True,700.0000,121,1.0000,400.0000,102,1.0000,,80K,,,80K,,877,1,876,4542.0,4108.0,4340.0,1455.0,10.0,10.0,10.0,30.0,
67451203,67451203,DEFAULT_BREAKER,Breaker,1DJR82_38935768,T_65A,Fuse,Breaker-Fuse,,,,,0.0,False,1892.0,0.0159,0.1400,-0.1241,0.0,True,,,,400.0000,102,1.0000,,,,,65T,,877,26,851,4542.0,4108.0,4340.0,1455.0,0.0,295.0,0.0,0,
67451203,67451203,DEFAULT_BREAKER,Breaker,1DKM37_38935682,K_80A,Fuse,Breaker-Fuse,,,,,0.0,False,2738.0,0.0158,0.0408,-0.0250,0.0,True,,,,400.0000,102,1.0000,,,,,80K,,877,1,876,4542.0,4108.0,4340.0,1455.0,0.0,0.0,25.0,0,
67451203,67451203,DEFAULT_BREAKER,Breaker,38935762,T_50A,Fuse,Breaker-Fuse,,,,,0.0,False,2112.0,0.0159,0.0789,-0.0629,0.0,True,,,,400.0000,102,1.0000,,,,,50T,,877,11,866,4542.0,4108.0,4340.0,1455.0,0.0,50.0,0.0,0,
67451203,67451203,DEFAULT_BREAKER,Breaker,1DKM35_38925303,T_80A,Fuse,Breaker-Fuse,2552.0,0.0110,0.1150,-0.1040,0.0,True,2459.0,0.0159,0.1230,-0.1072,0.0,True,700.0000,121,1.0000,400.0000,102,1.0000,,80T,,,80T,,877,30,847,4542.0,4108.0,4340.0,1455.0,278.0,62.0,125.0,112.5,
67451203,67451203,DEFAULT_BREAKER,Breaker,1DKM28_38927161,K_80A,Fuse,Breaker-Fuse,,,,,0.0,False,2235.0,0.0159,0.0541,-0.0382,0.0,True,,,,400.0000,102,1.0000,,,,,80K,,877,30,847,4542.0,4108.0,4340.0,1455.0,428.0,0.0,0.0,0,
67451203,67451203,DEFAULT_BREAKER,Breaker,1DKM26_38935758,K_65A,Fuse,Breaker-Fuse,,,,,0.0,False,2183.0,0.0159,0.0380,-0.0221,0.0,True,,,,400.0000,102,1.0000,,,,,65K,,877,1,876,4542.0,4108.0,4340.0,1455.0,25.0,0.0,0.0,0,
67451203,67451203,DEFAULT_BREAKER,Breaker,38935676,K_80A,Fuse,Breaker-Fuse,,,,,0.0,False,2870.0,0.0158,0.0382,-0.0224,0.0,True,,,,400.0000,102,1.0000,,,,,80K,,877,1,876,4542.0,4108.0,4340.0,1455.0,25.0,0.0,0.0,0,
67451203,67451203,DEFAULT_BREAKER,Breaker,85111795,K_25A,Fuse,Breaker-Fuse,,,,,0.0,False,1916.0,0.0159,0.0165,-0.0006,0.0,True,,,,400.0000,102,1.0000,,,,,25K,,877,6,871,4542.0,4108.0,4340.0,1455.0,0.0,0.0,75.0,0,
67451203,67451203,DEFAULT_BREAKER,Breaker,J19_392729465,VPST_800A,Recloser,Breaker-Recloser,2358.0,0.0114,0.2856,-0.2742,0.2,True,2130.0,0.0159,0.2629,-0.2470,0.2,True,700.0000,121,1.0000,400.0000,102,1.0000,620.0000,U4,0.5000,350.0000,U4,1.1000,877,238,639,4542.0,4108.0,4340.0,1455.0,968.0,888.0,1592.0,787.5,
67451203,67451203,DEFAULT_BREAKER,Breaker,J9-1_39010757,L_200A,Recloser,Breaker-Recloser,2541.0,0.0110,0.4498,-0.4388,0.2,True,2441.0,0.0159,0.4696,-0.4538,0.2,True,700.0000,121,1.0000,400.0000,102,1.0000,400.0000,L,,400.0000,L,,877,384,493,4542.0,4108.0,4340.0,1455.0,2545.0,1960.0,1315.0,75.0,
67461201,67461201,DEFAULT_BREAKER,Breaker,107710313,K_65A,Fuse,Breaker-Fuse,,,,,0.0,False,4547.0,0.0157,0.0172,-0.0015,0.0,True,,,,400.0000,102,1.0000,,,,,65K,,1703,0,1703,8972.0,6989.0,10742.0,1700.0,0.0,0.0,25.0,0,
67461201,67461201,DEFAULT_BREAKER,Breaker,107710375,K_65A,Fuse,Breaker-Fuse,,,,,0.0,False,3796.0,0.0157,0.0198,-0.0041,0.0,True,,,,400.0000,102,1.0000,,,,,65K,,1703,3,1700,8972.0,6989.0,10742.0,1700.0,0.0,0.0,40.0,0,
67461201,67461201,DEFAULT_BREAKER,Breaker,107710359,K_65A,Fuse,Breaker-Fuse,,,,,0.0,False,3970.0,0.0157,0.0192,-0.0034,0.0,True,,,,400.0000,102,1.0000,,,,,65K,,1703,3,1700,8972.0,6989.0,10742.0,1700.0,0.0,0.0,38.0,0,
67461201,67461201,DEFAULT_BREAKER,Breaker,107710342,K_65A,Fuse,Breaker-Fuse,,,,,0.0,False,4194.0,0.0157,0.0184,-0.0026,0.0,True,,,,400.0000,102,1.0000,,,,,65K,,1703,1,1702,8972.0,6989.0,10742.0,1700.0,25.0,0.0,0.0,0,
67461201,67461201,DEFAULT_BREAKER,Breaker,107710285,K_65A,Fuse,Breaker-Fuse,,,,,0.0,False,4939.0,0.0157,0.0162,-0.0005,0.0,True,,,,400.0000,102,1.0000,,,,,65K,,1703,1,1702,8972.0,6989.0,10742.0,1700.0,0.0,0.0,25.0,0,
67461201,67461201,DEFAULT_BREAKER,Breaker,107710335,K_65A,Fuse,Breaker-Fuse,,,,,0.0,False,4194.0,0.0157,0.0184,-0.0026,0.0,True,,,,400.0000,102,1.0000,,,,,65K,,1703,6,1697,8972.0,6989.0,10742.0,1700.0,0.0,0.0,95.0,0,
67461201,67461201,DEFAULT_BREAKER,Breaker,L2P34_570003255,VPST_800A,Recloser,Breaker-Recloser,3912.0,0.0110,0.3841,-0.3731,0.2,True,3470.0,0.0158,0.4015,-0.3857,0.2,True,800.0000,121,1.0000,400.0000,102,1.0000,680.0000,U4,1.6000,350.0000,U4,4.1000,1703,1265,438,8972.0,6989.0,10742.0,1700.0,6392.0,5557.0,9622.0,1700.0,
67461201,29K7_39010472,VPST_800A,Recloser,4K13_39010940,CMR_100A,Recloser,Recloser-Recloser,,,,,0.22,False,1727.0,0.4836,0.3308,0.1529,0.22,True,,,,300.0000,U4,2.1000,,,,200.0000,L,,250,94,156,645.0,1992.0,2015.0,300.0,0.0,1508.0,0.0,0,
67461201,67461201,DEFAULT_BREAKER,Breaker,1NGD12_39010603,VPST_800A,Recloser,Breaker-Recloser,3940.0,0.0110,0.1343,-0.1233,0.2,True,3512.0,0.0158,0.1627,-0.1469,0.2,True,800.0000,121,1.0000,400.0000,102,1.0000,560.0000,U4,0.5000,300.0000,U4,1.5000,1703,421,1282,8972.0,6989.0,10742.0,1700.0,2555.0,1392.0,898.0,0,
67461202,67461202,DEFAULT_BREAKER,Breaker,84643747,T_80A,Fuse,Breaker-Fuse,,,,,0.0,False,4371.0,0.0112,0.0469,-0.0357,0.0,True,,,,400.0000,104,1.0000,,,,,80T,,933,3,930,4762.0,4774.0,5484.0,1902.5,50.0,0.0,0.0,0,
67461202,67461202,DEFAULT_BREAKER,Breaker,84643698,K_65A,Fuse,Breaker-Fuse,,,,,0.0,False,4842.0,0.0110,0.0164,-0.0054,0.0,True,,,,400.0000,104,1.0000,,,,,65K,,933,4,929,4762.0,4774.0,5484.0,1902.5,90.0,0.0,0.0,0,
67461202,67461202,DEFAULT_BREAKER,Breaker,T10-1_38918486,T_80A,Fuse,Breaker-Fuse,,,,,0.0,False,3906.0,0.0116,0.0566,-0.0450,0.0,True,,,,400.0000,104,1.0000,,,,,80T,,933,44,889,4762.0,4774.0,5484.0,1902.5,232.0,0.0,565.0,150.0,
67461202,67461202,DEFAULT_BREAKER,Breaker,38921757,K_65A,Fuse,Breaker-Fuse,,,,,0.0,False,5053.0,0.0110,0.0159,-0.0049,0.0,True,,,,400.0000,104,1.0000,,,,,65K,,933,2,931,4762.0,4774.0,5484.0,1902.5,0.0,0.0,40.0,0,
67461202,67461202,DEFAULT_BREAKER,Breaker,1YKC06_38921777,K_65A,Fuse,Breaker-Fuse,,,,,0.0,False,5264.0,0.0110,0.0153,-0.0043,0.0,True,,,,400.0000,104,1.0000,,,,,65K,,933,6,927,4762.0,4774.0,5484.0,1902.5,0.0,0.0,95.0,0,
67461202,67461202,DEFAULT_BREAKER,Breaker,1YKC06_679070429,TRIPSAVER_II_100A,TripSaver,Breaker-TripSaver,,,,,0.2,False,5264.0,0.0110,0.0668,-0.0558,0.2,True,,,,400.0000,104,1.0000,,,,,TS80T,,933,19,914,4762.0,4774.0,5484.0,1902.5,178.0,0.0,0.0,0,
67461202,67461202,DEFAULT_BREAKER,Breaker,1R4Q43_565220226,VPST_800A,Recloser,Breaker-Recloser,4379.0,0.0174,0.2515,-0.2340,0.2,True,4191.0,0.0114,0.2348,-0.2234,0.2,True,800.0000,104,1.0000,400.0000,104,1.0000,540.0000,U3,1.2000,340.0000,U3,1.4000,933,334,599,4762.0,4774.0,5484.0,1902.5,1432.0,1695.0,1962.0,0,
67461202,67461202,DEFAULT_BREAKER,Breaker,T10-1_39011037,V4L_200A,Recloser,Breaker-Recloser,,,,,0.2,False,3892.0,0.0116,0.3120,-0.3003,0.2,True,,,,400.0000,104,1.0000,,,,400.0000,V4L_V4E,,933,86,847,4762.0,4774.0,5484.0,1902.5,0.0,1195.0,0.0,150.0,
67461202,67461202,DEFAULT_BREAKER,Breaker,1D9X31_39011007,VPST_800A,Recloser,Breaker-Recloser,4253.0,0.0180,0.2133,-0.1954,0.2,True,3991.0,0.0115,0.1528,-0.1413,0.2,True,800.0000,104,1.0000,400.0000,104,1.0000,400.0000,U4,2.0000,280.0000,U4,1.7000,933,434,499,4762.0,4774.0,5484.0,1902.5,2779.0,1854.0,2822.0,1752.5,
67471202,38933205,T_50A,Fuse,39086024,T_40A,Fuse,Fuse-Fuse,,,,,0.0,False,990.0,0.1842,0.1898,-0.0056,0.0,True,,,,,50T,,,,,,40T,,35,12,23,845.0,0.0,0.0,0,245.0,0.0,0.0,0,
67471202,38931565,T_50A,Fuse,479043012,T_40A,Fuse,Fuse-Fuse,,,,,0.0,False,1261.0,0.1164,0.1260,-0.0096,0.0,True,,,,,50T,,,,,,40T,,11,1,10,0.0,202.0,0.0,0,0.0,25.0,0.0,0,
67471202,1WKB58_692613768,T_80A,Fuse,30D16-1B_38930462,T_80A,Fuse,Fuse-Fuse,,,,,0.0,False,917.0,0.5405,0.9364,-0.3959,0.0,True,,,,,80T,,,,,,80T,,61,61,0,565.0,0.0,400.0,0,565.0,0.0,385.0,0,
67471204,22LJ15_696027579,VPST_800A,Recloser,237C28_695564029,T_80A,Fuse,Recloser-Fuse,,,,,0.0,False,1022.0,0.4872,0.7340,-0.2468,0.0,True,,,,200.0000,U4,1.7000,,,,,80T,,495,1,494,245.0,4362.0,3868.0,0,25.0,0.0,0.0,0,
67471204,22LJ15_696027579,VPST_800A,Recloser,29MW56_786369798,T_80A,Fuse,Recloser-Fuse,,,,,0.0,False,720.0,0.9071,1.6050,-0.6979,0.0,True,,,,200.0000,U4,1.7000,,,,,80T,,495,3,492,245.0,4362.0,3868.0,0,50.0,0.0,0.0,0,
67471204,22LJ15_696027579,VPST_800A,Recloser,23BY99_740792808,T_80A,Fuse,Recloser-Fuse,,,,,0.0,False,914.0,0.5876,0.9433,-0.3558,0.0,True,,,,200.0000,U4,1.7000,,,,,80T,,495,2,493,245.0,4362.0,3868.0,0,0.0,0.0,25.0,0,
67471204,22LJ15_696027579,VPST_800A,Recloser,22ML36_740792662,T_80A,Fuse,Recloser-Fuse,,,,,0.0,False,995.0,0.5091,0.7795,-0.2704,0.0,True,,,,200.0000,U4,1.7000,,,,,80T,,495,21,474,245.0,4362.0,3868.0,0,0.0,0.0,165.0,0,
67471204,22LJ15_696027579,VPST_800A,Recloser,1D0D86_38934093,T_80A,Fuse,Recloser-Fuse,,,,,0.0,False,791.0,0.7602,1.3030,-0.5428,0.0,True,,,,200.0000,U4,1.7000,,,,,80T,,495,3,492,245.0,4362.0,3868.0,0,25.0,0.0,0.0,0,
67471204,22LJ15_696027579,VPST_800A,Recloser,22ML36_740792660,T_80A,Fuse,Recloser-Fuse,,,,,0.0,False,995.0,0.5091,0.7795,-0.2704,0.0,True,,,,200.0000,U4,1.7000,,,,,80T,,495,1,494,245.0,4362.0,3868.0,0,0.0,0.0,25.0,0,
67471204,22LJ15_696027579,VPST_800A,Recloser,23FG24_38934596,T_80A,Fuse,Recloser-Fuse,,,,,0.0,False,868.0,0.6430,1.0594,-0.4164,0.0,True,,,,200.0000,U4,1.7000,,,,,80T,,495,1,494,245.0,4362.0,3868.0,0,0.0,25.0,0.0,0,
67471204,22LJ15_696027579,VPST_800A,Recloser,38930111,T_80A,Fuse,Recloser-Fuse,,,,,0.0,False,771.0,0.7971,1.3791,-0.5820,0.0,True,,,,200.0000,U4,1.7000,,,,,80T,,495,23,472,245.0,4362.0,3868.0,0,0.0,0.0,350.0,0,
67471204,22LJ15_696027579,VPST_800A,Recloser,813429704,T_80A,Fuse,Recloser-Fuse,,,,,0.0,False,771.0,0.7971,1.3791,-0.5820,0.0,True,,,,200.0000,U4,1.7000,,,,,80T,,495,2,493,245.0,4362.0,3868.0,0,15.0,0.0,0.0,0,
67471204,22LJ15_696027579,VPST_800A,Recloser,1D0D85_38916254,T_80A,Fuse,Recloser-Fuse,,,,,0.0,False,795.0,0.7532,1.2885,-0.5354,0.0,True,,,,200.0000,U4,1.7000,,,,,80T,,495,13,482,245.0,4362.0,3868.0,0,0.0,0.0,262.0,0,
67471204,22LJ15_696027579,VPST_800A,Recloser,22ML32_740792689,T_80A,Fuse,Recloser-Fuse,,,,,0.0,False,979.0,0.5230,0.8084,-0.2854,0.0,True,,,,200.0000,U4,1.7000,,,,,80T,,495,1,494,245.0,4362.0,3868.0,0,0.0,0.0,15.0,0,
67471204,22LJ15_696027579,VPST_800A,Recloser,23AG34_740792789,T_80A,Fuse,Recloser-Fuse,,,,,0.0,False,935.0,0.5651,0.8964,-0.3313,0.0,True,,,,200.0000,U4,1.7000,,,,,80T,,495,1,494,245.0,4362.0,3868.0,0,0.0,0.0,25.0,0,
67471204,22LJ15_696027579,VPST_800A,Recloser,23CN15_748500040,T_80A,Fuse,Recloser-Fuse,,,,,0.0,False,908.0,0.5943,0.9574,-0.3631,0.0,True,,,,200.0000,U4,1.7000,,,,,80T,,495,34,461,245.0,4362.0,3868.0,0,0.0,0.0,628.0,0,
67471204,237C21_695563909,T_80A,Fuse,1D0D80_695563925,T_65A,Fuse,Fuse-Fuse,,,,,0.0,False,1072.0,0.3980,0.4053,-0.0073,0.0,True,,,,,80T,,,,,,65T,,67,0,67,0.0,0.0,858.0,0,0.0,0.0,25.0,0,
67471204,38935110,T_65A,Fuse,845622362,T_50A,Fuse,Fuse-Fuse,,,,,0.0,False,718.0,0.5251,0.5748,-0.0497,0.0,True,,,,,65T,,,,,,50T,,13,3,10,225.0,0.0,0.0,0,50.0,0.0,0.0,0,
67471204,22LJ15_696027579,VPST_800A,Recloser,239P51_740792731,T_80A,Fuse,Recloser-Fuse,,,,,0.0,False,956.0,0.5442,0.8527,-0.3085,0.0,True,,,,200.0000,U4,1.7000,,,,,80T,,495,3,492,245.0,4362.0,3868.0,0,0.0,0.0,40.0,0,
67471204,22LJ15_696027579,VPST_800A,Recloser,38928094,T_80A,Fuse,Recloser-Fuse,,,,,0.0,False,771.0,0.7971,1.3791,-0.5820,0.0,True,,,,200.0000,U4,1.7000,,,,,80T,,495,2,493,245.0,4362.0,3868.0,0,40.0,0.0,0.0,0,
67471204,237C21_695563909,T_80A,Fuse,1D0D80_695563929,T_65A,Fuse,Fuse-Fuse,,,,,0.0,False,1072.0,0.3980,0.4053,-0.0073,0.0,True,,,,,80T,,,,,,65T,,67,9,58,0.0,0.0,858.0,0,0.0,0.0,90.0,0,
67471204,22LJ15_696027579,VPST_800A,Recloser,1D0D85_784600333,T_80A,Fuse,Recloser-Fuse,,,,,0.0,False,795.0,0.7532,1.2885,-0.5354,0.0,True,,,,200.0000,U4,1.7000,,,,,80T,,495,1,494,245.0,4362.0,3868.0,0,0.0,0.0,200.0,0,
67471204,22LJ15_696027579,VPST_800A,Recloser,237C28_695564027,CMR_100A,Recloser,Recloser-Recloser,,,,,0.22,False,1021.0,0.4880,0.5913,-0.1033,0.22,True,,,,200.0000,U4,1.7000,,,,200.0000,L,,495,111,384,245.0,4362.0,3868.0,0,0.0,0.0,1928.0,0,
67471204,22LJ15_696027579,VPST_800A,Recloser,18P15-2A_39010936,V4H_140A,Recloser,Recloser-Recloser,,,,,0.22,False,867.0,0.6443,0.7311,-0.0869,0.22,True,,,,200.0000,U4,1.7000,,,,280.0000,V4H,,495,247,248,245.0,4362.0,3868.0,0,0.0,4232.0,0.0,0,
67481203,67481203,DEFAULT_BREAKER,Breaker,G10_38917907,K_80A,Fuse,Breaker-Fuse,,,,,0.0,False,3229.0,0.0158,0.0324,-0.0166,0.0,True,,,,450.0000,102,1.0000,,,,,80K,,1573,1,1572,8865.0,6975.0,9312.0,430.0,0.0,0.0,25.0,0,
67481203,67481203,DEFAULT_BREAKER,Breaker,85082010,K_65A,Fuse,Breaker-Fuse,3564.0,0.0110,0.0212,-0.0102,0.0,True,3889.0,0.0158,0.0195,-0.0037,0.0,True,850.0000,121,1.0000,450.0000,102,1.0000,,65K,,,65K,,1573,2,1571,8865.0,6975.0,9312.0,430.0,25.0,25.0,25.0,75.0,
67481203,67481203,DEFAULT_BREAKER,Breaker,38936211,K_80A,Fuse,Breaker-Fuse,,,,,0.0,False,2587.0,0.0159,0.0442,-0.0283,0.0,True,,,,450.0000,102,1.0000,,,,,80K,,1573,8,1565,8865.0,6975.0,9312.0,430.0,88.0,0.0,0.0,0,
67481203,67481203,DEFAULT_BREAKER,Breaker,G10_38936163,K_80A,Fuse,Breaker-Fuse,3233.0,0.0110,0.0324,-0.0214,0.0,True,3229.0,0.0158,0.0324,-0.0166,0.0,True,850.0000,121,1.0000,450.0000,102,1.0000,,80K,,,80K,,1573,2,1571,8865.0,6975.0,9312.0,430.0,50.0,15.0,15.0,55.0,
67481203,67481203,DEFAULT_BREAKER,Breaker,38933934,K_80A,Fuse,Breaker-Fuse,,,,,0.0,False,2505.0,0.0159,0.0462,-0.0303,0.0,True,,,,450.0000,102,1.0000,,,,,80K,,1573,1,1572,8865.0,6975.0,9312.0,430.0,15.0,0.0,0.0,0,
67481203,67481203,DEFAULT_BREAKER,Breaker,38922779,K_80A,Fuse,Breaker-Fuse,3451.0,0.0110,0.0299,-0.0189,0.0,True,3651.0,0.0158,0.0280,-0.0122,0.0,True,850.0000,121,1.0000,450.0000,102,1.0000,,80K,,,80K,,1573,1,1572,8865.0,6975.0,9312.0,430.0,25.0,40.0,25.0,75.0,
67481203,67481203,DEFAULT_BREAKER,Breaker,38936345,K_80A,Fuse,Breaker-Fuse,,,,,0.0,False,2663.0,0.0159,0.0424,-0.0265,0.0,True,,,,450.0000,102,1.0000,,,,,80K,,1573,2,1571,8865.0,6975.0,9312.0,430.0,0.0,30.0,0.0,0,
67481203,67481203,DEFAULT_BREAKER,Breaker,G7_670955645,TRIPSAVER_II_200A,TripSaver,Breaker-TripSaver,,,,,0.2,False,3558.0,0.0158,0.1187,-0.1029,0.2,True,,,,450.0000,102,1.0000,,,,,TS100T,,1573,48,1525,8865.0,6975.0,9312.0,430.0,725.0,0.0,0.0,0,
67481203,67481203,DEFAULT_BREAKER,Breaker,1CPT82_563940364,VPST_800A,Recloser,Breaker-Recloser,2714.0,0.0117,0.2650,-0.2533,0.2,True,2398.0,0.0159,0.3800,-0.3641,0.2,True,850.0000,121,1.0000,450.0000,102,1.0000,440.0000,U3,1.0000,300.0000,U3,2.0000,1573,646,927,8865.0,6975.0,9312.0,430.0,4125.0,1672.0,5510.0,225.0,
67481203,67481203,DEFAULT_BREAKER,Breaker,G18-4_39010990,VPST_800A,Recloser,Breaker-Recloser,,,,,0.2,False,2276.0,0.0159,0.5579,-0.5420,0.2,True,,,,450.0000,102,1.0000,,,,440.0000,U3,2.0000,1573,387,1186,8865.0,6975.0,9312.0,430.0,2508.0,2858.0,0.0,0,
67481203,67481203,DEFAULT_BREAKER,Breaker,2M3X02_670955650,TRIPSAVER_II_200A,TripSaver,Breaker-TripSaver,,,,,0.2,False,3524.0,0.0158,0.1201,-0.1043,0.2,True,,,,450.0000,102,1.0000,,,,,TS100T,,1573,57,1516,8865.0,6975.0,9312.0,430.0,1000.0,0.0,0.0,0,
67481203,67481203,DEFAULT_BREAKER,Breaker,1K1A02_39010403,L_200A,Recloser,Breaker-Recloser,,,,,0.2,False,3857.0,0.0158,0.3011,-0.2854,0.2,True,,,,450.0000,102,1.0000,,,,400.0000,L,,1573,397,1176,8865.0,6975.0,9312.0,430.0,0.0,2245.0,3625.0,0,
67491201,4R9.8_38935764,K_50A,Fuse,413422069,SMU-20_(E)_30A,Fuse,Fuse-Fuse,,,,,0.0,False,873.0,0.0634,0.0747,-0.0113,0.0,True,,,,,50K,,,,,,30E_14.4kV,,35,7,28,0.0,0.0,1150.0,0,0.0,0.0,125.0,0,
67491201,38917610,T_40A,Fuse,38915672,K_65A,Fuse,Fuse-Fuse,,,,,0.0,False,713.0,0.2342,0.2447,-0.0104,0.0,True,,,,,40T,,,,,,65K,,127,3,124,0.0,0.0,2475.0,0,0.0,0.0,50.0,0,
67491201,38917610,T_40A,Fuse,405263658,K_65A,Fuse,Fuse-Fuse,,,,,0.0,False,771.0,0.1999,0.2104,-0.0105,0.0,True,,,,,40T,,,,,,65K,,127,8,119,0.0,0.0,2475.0,0,0.0,0.0,150.0,0,
67491201,4R9.8_38935764,K_50A,Fuse,413422078,SMU-20_(E)_30A,Fuse,Fuse-Fuse,,,,,0.0,False,873.0,0.0634,0.0747,-0.0113,0.0,True,,,,,50K,,,,,,30E_14.4kV,,35,13,22,0.0,0.0,1150.0,0,0.0,0.0,400.0,0,
67491201,38917610,T_40A,Fuse,38919844,K_65A,Fuse,Fuse-Fuse,,,,,0.0,False,779.0,0.1957,0.2062,-0.0105,0.0,True,,,,,40T,,,,,,65K,,127,29,98,0.0,0.0,2475.0,0,0.0,0.0,450.0,0,
67491202,2W7A60_38923080,K_100A,Fuse,2JYT54_862394178,T_65A,Fuse,Fuse-Fuse,1666.0,0.0846,0.1744,-0.0898,0.0,True,1258.0,0.1456,0.2957,-0.1501,0.0,True,,100K,,,100K,,,65T,,,65T,,293,164,129,2940.0,1025.0,2290.0,75.0,2455.0,625.0,890.0,75.0,
67491202,1LKR13_567211724,VPST_800A,Recloser,24YA56_759003148,VPST_800A,Recloser,Recloser-Recloser,2359.0,0.4878,0.3541,0.1337,0.22,True,1991.0,0.6646,0.4936,0.1710,0.22,True,700.0000,U3,0.9000,430.0000,U4,2.0000,600.0000,U4,0.7000,370.0000,U4,1.9000,1333,967,366,8838.0,5700.0,6105.0,1640.0,6904.0,3400.0,4645.0,400.0,
67491204,67491204,DEFAULT_BREAKER,Breaker,38928102,T_80A,Fuse,Breaker-Fuse,,,,,0.0,False,4136.0,0.0114,0.0515,-0.0401,0.0,True,,,,400.0000,104,1.0000,,,,,80T,,549,1,548,5310.0,3625.0,4940.0,150.0,0.0,0.0,15.0,0,
67491204,67491204,DEFAULT_BREAKER,Breaker,9T30_39009554,VPST_800A,Recloser,Breaker-Recloser,1897.0,0.1129,0.5774,-0.4645,0.2,True,1455.0,0.0362,0.9771,-0.9409,0.2,True,800.0000,104,1.0000,400.0000,104,1.0000,560.0000,U3,1.1000,300.0000,U3,3.4000,549,548,1,5310.0,3625.0,4940.0,150.0,5285.0,3625.0,4925.0,150.0,
67511204,67511204,DEFAULT_BREAKER,Breaker,38917112,SMU-20_(E)_125A,Fuse,Breaker-Fuse,1838.0,0.0120,0.3097,-0.2977,0.0,True,1479.0,0.0163,0.4652,-0.4489,0.0,True,600.0000,121,1.0000,400.0000,102,1.0000,,125E_14.4kV,,,125E_14.4kV,,35,0,35,2970.0,2550.0,2590.0,7650.0,833.0,833.0,833.0,2500.0,
67511204,67511204,DEFAULT_BREAKER,Breaker,2M2E58_38933960,K_65A,Fuse,Breaker-Fuse,,,,,0.0,False,1874.0,0.0159,0.0473,-0.0313,0.0,True,,,,400.0000,102,1.0000,,,,,65K,,35,3,32,2970.0,2550.0,2590.0,7650.0,25.0,0.0,0.0,0,
67511204,67511204,DEFAULT_BREAKER,Breaker,38925838,K_65A,Fuse,Breaker-Fuse,,,,,0.0,False,1737.0,0.0160,0.0530,-0.0370,0.0,True,,,,400.0000,102,1.0000,,,,,65K,,35,1,34,2970.0,2550.0,2590.0,7650.0,15.0,0.0,0.0,0,
67511204,67511204,DEFAULT_BREAKER,Breaker,2M2E60_38922136,K_65A,Fuse,Breaker-Fuse,,,,,0.0,False,1938.0,0.0159,0.0450,-0.0290,0.0,True,,,,400.0000,102,1.0000,,,,,65K,,35,1,34,2970.0,2550.0,2590.0,7650.0,15.0,0.0,0.0,0,
67511204,67511204,DEFAULT_BREAKER,Breaker,1RDX93_674227178,K_140A,Fuse,Breaker-Fuse,1973.0,0.0115,0.1906,-0.1791,0.0,True,1633.0,0.0160,0.2863,-0.2703,0.0,True,600.0000,121,1.0000,400.0000,102,1.0000,,140K,,,140K,,35,4,31,2970.0,2550.0,2590.0,7650.0,1667.0,1667.0,1667.0,5000.0,
67511204,67511204,DEFAULT_BREAKER,Breaker,2M3Y06_38926361,K_65A,Fuse,Breaker-Fuse,,,,,0.0,False,1760.0,0.0160,0.0520,-0.0360,0.0,True,,,,400.0000,102,1.0000,,,,,65K,,35,3,32,2970.0,2550.0,2590.0,7650.0,30.0,0.0,0.0,0,
67511204,67511204,DEFAULT_BREAKER,Breaker,38916561,SMU-20_(E)_125A,Fuse,Breaker-Fuse,1838.0,0.0120,0.3097,-0.2977,0.0,True,1479.0,0.0163,0.4652,-0.4489,0.0,True,600.0000,121,1.0000,400.0000,102,1.0000,,125E_14.4kV,,,125E_14.4kV,,35,0,35,2970.0,2550.0,2590.0,7650.0,0.0,0.0,0.0,2500.0,
67511204,67511204,DEFAULT_BREAKER,Breaker,1RDX92_674227170,K_140A,Fuse,Breaker-Fuse,1967.0,0.0115,0.1917,-0.1801,0.0,True,1626.0,0.0160,0.2890,-0.2730,0.0,True,600.0000,121,1.0000,400.0000,102,1.0000,,140K,,,140K,,35,0,35,2970.0,2550.0,2590.0,7650.0,0.0,0.0,0.0,2500.0,
67511204,67511204,DEFAULT_BREAKER,Breaker,H22_673501286,TRIPSAVER_II_100A,TripSaver,Breaker-TripSaver,,,,,0.2,False,1971.0,0.0159,0.1914,-0.1755,0.2,True,,,,400.0000,102,1.0000,,,,,TS80T,,35,16,19,2970.0,2550.0,2590.0,7650.0,225.0,0.0,0.0,0,
67513403,46MK3_832125745,T_30A,Fuse,46MK3-1_38934045,T_40A,Fuse,Fuse-Fuse,,,,,0.0,False,1296.0,0.0425,0.1205,-0.0779,0.0,True,,,,,30T,,,,,,40T,,5,4,1,0.0,0.0,100.0,0,0.0,0.0,75.0,0,
67513403,286A10_38935990,T_30A,Fuse,286A06_755254841,T_25A,Fuse,Fuse-Fuse,,,,,0.0,False,1211.0,0.0486,0.0567,-0.0081,0.0,True,,,,,30T,,,,,,25T,,30,17,13,570.0,0.0,0.0,0,225.0,0.0,0.0,0,
67513404,2MSN72_786181242,VPST_800A,Recloser,2MDN70_38931597,T_80A,Fuse,Recloser-Fuse,,,,,0.0,False,1288.0,0.3476,0.4364,-0.0889,0.0,True,,,,270.0000,U4,1.0000,,,,,80T,,270,49,221,1412.0,2845.0,1345.0,525.0,950.0,0.0,0.0,0,
67513404,6LA1_38921217,T_40A,Fuse,29HW57_787254205,T_40A,Fuse,Fuse-Fuse,,,,,0.0,False,1631.0,0.0461,0.0826,-0.0365,0.0,True,,,,,40T,,,,,,40T,,3,1,2,125.0,0.0,0.0,0,25.0,0.0,0.0,0,
67513404,2N7N66_828248428,T_25A,Fuse,2N7N71_828248436,T_20A,Fuse,Fuse-Fuse,,,,,0.0,False,1254.0,0.0265,0.0399,-0.0134,0.0,True,,,,,25T,,,,,,20T,,4,3,1,0.0,100.0,0.0,0,0.0,75.0,0.0,0,
67513404,2N7N71_828248436,T_20A,Fuse,1CYC87_410197314,K_25A,Fuse,Fuse-Fuse,,,,,0.0,False,1234.0,0.0172,0.0238,-0.0066,0.0,True,,,,,20T,,,,,,25K,,3,1,2,0.0,75.0,0.0,0,0.0,25.0,0.0,0,
67521206,22NP74_51142265,K_65A,Fuse,22NP75_359081859,K_65A,Fuse,Fuse-Fuse,,,,,0.0,False,1692.0,0.0285,0.0551,-0.0266,0.0,True,,,,,65K,,,,,,65K,,6,2,4,50.0,100.0,0.0,0,0.0,50.0,0.0,0,
67521206,1CKX59_39010862,VPST_800A,Recloser,1GPA52_457388527,CMR_140A,Recloser,Recloser-Recloser,,,,,0.22,False,687.0,1.9005,1.7564,0.1442,0.22,True,,,,280.0000,U4,1.6000,,,,280.0000,L,,360,92,268,2064.0,2460.0,2342.0,762.5,0.0,1568.0,0.0,0,
67521206,1CKX59_39010862,VPST_800A,Recloser,1H7D65_487892874,CMR_140A,Recloser,Recloser-Recloser,,,,,0.22,False,759.0,1.5245,1.5651,-0.0406,0.22,True,,,,280.0000,U4,1.6000,,,,280.0000,L,,360,89,271,2064.0,2460.0,2342.0,762.5,1395.0,0.0,0.0,0,
67521207,1CKY01_362792236,VPST_800A,Recloser,2FGA53_472309987,CMR_140A,Recloser,Recloser-Recloser,1294.0,0.6842,0.6875,-0.0033,0.22,True,882.0,1.1143,1.3132,-0.1988,0.22,True,400.0000,U4,1.0000,280.0000,U4,1.6000,280.0000,L,,280.0000,L,,614,218,396,3175.0,4398.0,2812.0,382.5,388.0,1795.0,1242.0,0,
67521208,1Y2N69_356526956,T_80A,Fuse,1Y4F95_38920960,T_65A,Fuse,Fuse-Fuse,,,,,0.0,False,1423.0,0.2287,0.2320,-0.0033,0.0,True,,,,,80T,,,,,,65T,,38,10,28,462.0,0.0,0.0,0,145.0,0.0,0.0,0,
67521208,1Y2N69_356526956,T_80A,Fuse,22CG59_38932362,T_65A,Fuse,Fuse-Fuse,,,,,0.0,False,1407.0,0.2338,0.2372,-0.0034,0.0,True,,,,,80T,,,,,,65T,,38,17,21,462.0,0.0,0.0,0,268.0,0.0,0.0,0,
67531205,2JNE74_789289125,K_20A,Fuse,2JNE75_789289131,K_20A,Fuse,Fuse-Fuse,,,,,0.0,False,551.0,0.0233,0.0517,-0.0284,0.0,True,,,,,20K,,,,,,20K,,1,1,0,0.0,0.0,25.0,0,0.0,0.0,25.0,0,
67531205,1YYQ30_38929578,T_40A,Fuse,36JF13_38937172,T_40A,Fuse,Fuse-Fuse,,,,,0.0,False,597.0,0.3357,0.4953,-0.1597,0.0,True,,,,,40T,,,,,,40T,,19,2,17,0.0,0.0,505.0,0,0.0,0.0,25.0,0,
67531205,1CWP71_408926397,T_40A,Fuse,1CWP72_397096328,T_40A,Fuse,Fuse-Fuse,,,,,0.0,False,626.0,0.3049,0.4527,-0.1478,0.0,True,,,,,40T,,,,,,40T,,31,24,7,0.0,680.0,0.0,0,0.0,570.0,0.0,0,
67531205,38927432,T_40A,Fuse,2EMP46_805966783,K_100A,Fuse,Fuse-Fuse,,,,,0.0,False,2003.0,0.0310,0.1025,-0.0715,0.0,True,,,,,40T,,,,,,100K,,7,4,3,0.0,0.0,138.0,0,0.0,0.0,112.0,0,
67531205,2FFT68_172481464,NVSS_800A,Recloser,1CWP66_39010645,L_200A,Recloser,Recloser-Recloser,,,,,0.22,False,2002.0,0.6395,0.6066,0.0330,0.22,True,,,,340.0000,U4,3.0000,,,,400.0000,L,,1385,160,1225,9588.0,6895.0,8420.0,1125.0,2368.0,0.0,0.0,0,
67531206,366768204,T_40A,Fuse,1PFN62_566259191,T_40A,Fuse,Fuse-Fuse,,,,,0.0,False,598.0,0.3346,0.4938,-0.1592,0.0,True,,,,,40T,,,,,,40T,,19,8,11,325.0,0.0,0.0,0,145.0,0.0,0.0,0,
67531206,8K19_38932600,T_40A,Fuse,38920328,T_50A,Fuse,Fuse-Fuse,,,,,0.0,False,1159.0,0.0893,0.2251,-0.1358,0.0,True,,,,,40T,,,,,,50T,,44,17,27,0.0,0.0,550.0,0,0.0,0.0,225.0,0,
67551204,20J6_786344077,T_80A,Fuse,2LDC74_816092011,T_80A,Fuse,Fuse-Fuse,,,,,0.0,False,1723.0,0.1573,0.2451,-0.0878,0.0,True,,,,,80T,,,,,,80T,,99,3,96,0.0,0.0,910.0,0,0.0,0.0,25.0,0,
67551204,20J6_786344077,T_80A,Fuse,2LDC74_816092009,T_80A,Fuse,Fuse-Fuse,,,,,0.0,False,1746.0,0.1532,0.2388,-0.0856,0.0,True,,,,,80T,,,,,,80T,,99,82,17,0.0,0.0,910.0,0,0.0,0.0,770.0,0,
