rec_id,unit_cu
581519278,RECL-TRIPSAVER-100-80T-15KV-1P-C
652958578,RECL-TRIPSAVER-200-100T-15KV-1P-C
650963100,RECL-TRIPSAVER-100-80T-15KV-1P-C
658257641,RECL-TRIPSAVER-100-80T-15KV-1P-C
655926134,RECL-TRIPSAVER-100-80T-15KV-1P-C
655814783,RECL-TRIPSAVER-100-80T-15KV-1P-C
657733730,RECL-TRIPSAVER-100-80T-15KV-1P-C
652804953,RECL-TRIPSAVER-200-100T-15KV-1P-C
651138861,RECL-TRIPSAVER-100-80T-29KV-1P-C
652620002,RECL-TRIPSAVER-100-80T-15KV-1P-C
657776965,RECL-TRIPSAVER-200-150E-29KV-1P-C
659635924,RECL-TRIPSAVER-100-80T-15KV-1P-C
654071669,RECL-TRIPSAVER-200-100T-15KV-1P-C
650808592,RECL-TRIPSAVER-100-80T-15KV-1P-C
655682114,RECL-TRIPSAVER-200-100T-15KV-1P-C
662250790,RECL-TRIPSAVER-200-150E-15KV-1P-C
671023381,RECL-TRIPSAVER-100-80T-15KV-1P-C
675622303,RECL-TRIPSAVER-100-80T-15KV-1P-C
668700826,RECL-TRIPSAVER-200-100T-15KV-1P-C
668910859,RECL-TRIPSAVER-200-100T-15KV-1P-C
671109387,RECL-TRIPSAVER-100-80T-29KV-1P-C
669413484,RECL-TRIPSAVER-100-80T-15KV-1P-C
679856167,RECL-TRIPSAVER-100-80T-29KV-1P-C
669134931,RECL-TRIPSAVER-100-80T-15KV-1P-C
674931202,RECL-TRIPSAVER-100-80T-15KV-1P-C
668663012,RECL-TRIPSAVER-100-80T-15KV-1P-C
671101237,RECL-TRIPSAVER-100-80T-15KV-1P-C
677584821,RECL-TRIPSAVER-200-100T-15KV-1P-C
671213221,RECL-TRIPSAVER-200-100T-15KV-1P-C
670942128,RECL-TRIPSAVER-200-150E-15KV-1P-C
677851016,RECL-TRIPSAVER-100-80T-15KV-1P-C
672256396,RECL-TRIPSAVER-100-80T-15KV-1P-C
676803448,RECL-TRIPSAVER-200-150E-15KV-1P-C
676155286,RECL-TRIPSAVER-100-80T-15KV-1P-C
672612584,RECL-TRIPSAVER-100-80T-15KV-1P-C
670014515,RECL-TRIPSAVER-100-80T-15KV-1P-C
680105351,RECL-TRIPSAVER-200-150E-15KV-1P-C
676872542,RECL-TRIPSAVER-100-80T-15KV-1P-C
671638018,RECL-TRIPSAVER-100-80T-29KV-1P-C
671475310,RECL-TRIPSAVER-100-80T-15KV-1P-C
673029378,RECL-TRIPSAVER-100-80T-29KV-1P-C
669362419,RECL-TRIPSAVER-200-100T-15KV-1P-C
696134755,RECL-TRIPSAVER-200-100T-29KV-1P-C
694074087,RECL-TRIPSAVER-100-80T-15KV-1P-C
697324233,RECL-TRIPSAVER-200-100T-15KV-1P-C
709755274,RECL-TRIPSAVER-100-80T-15KV-1P-C
736880517,RECL-TRIPSAVER-100-80T-15KV-1P-C
739676110,RECL-TRIPSAVER-200-150E-29KV-1P-C
756856292,RECL-TRIPSAVER-200-150E-15KV-1P-C
770966253,RECL-TRIPSAVER-200-100T-15KV-1P-C
785545342,RECL-TRIPSAVER-200-100T-15KV-1P-C
651915140,RECL-TRIPSAVER-100-80T-15KV-1P-C
650824619,RECL-TRIPSAVER-200-100T-15KV-1P-C
659425452,RECL-TRIPSAVER-100-80T-29KV-1P-C
650700567,RECL-TRIPSAVER-100-80T-15KV-1P-C
657488863,RECL-TRIPSAVER-200-100T-15KV-1P-C
652190548,RECL-TRIPSAVER-100-80T-15KV-1P-C
659090607,RECL-TRIPSAVER-100-80T-15KV-1P-C
652912290,RECL-TRIPSAVER-100-80T-15KV-1P-C
653474773,RECL-TRIPSAVER-100-80T-15KV-1P-C
651250251,RECL-TRIPSAVER-100-80T-29KV-1P-C
655707233,RECL-TRIPSAVER-200-100T-15KV-1P-C
656364051,RECL-TRIPSAVER-100-80T-15KV-1P-C
653684917,RECL-TRIPSAVER-100-80T-15KV-1P-C
653289800,RECL-TRIPSAVER-100-80T-15KV-1P-C
651010541,RECL-TRIPSAVER-100-80T-15KV-1P-C
653852415,RECL-TRIPSAVER-100-80T-15KV-1P-C
650778830,RECL-TRIPSAVER-200-150E-15KV-1P-C
651044946,RECL-TRIPSAVER-100-80T-15KV-1P-C
656361093,RECL-TRIPSAVER-100-80T-15KV-1P-C
651238410,RECL-TRIPSAVER-200-100T-15KV-1P-C
650762609,RECL-TRIPSAVER-200-150E-15KV-1P-C
650821987,RECL-TRIPSAVER-100-80T-15KV-1P-C
658743303,RECL-TRIPSAVER-200-100T-15KV-1P-C
669610709,RECL-TRIPSAVER-100-80T-15KV-1P-C
668576217,RECL-TRIPSAVER-100-80T-15KV-1P-C
672655136,RECL-TRIPSAVER-100-80T-29KV-1P-C
674256825,RECL-TRIPSAVER-100-80T-29KV-1P-C
675347588,RECL-TRIPSAVER-100-80T-29KV-1P-C
669619457,RECL-TRIPSAVER-100-80T-15KV-1P-C
679478346,RECL-TRIPSAVER-200-100T-15KV-1P-C
668739202,RECL-TRIPSAVER-200-150E-29KV-1P-C
676253822,RECL-TRIPSAVER-100-80T-29KV-1P-C
675291866,RECL-TRIPSAVER-100-80T-15KV-1P-C
677567610,RECL-TRIPSAVER-100-80T-15KV-1P-C
672492625,RECL-TRIPSAVER-200-100T-15KV-1P-C
680830936,RECL-TRIPSAVER-100-80T-15KV-1P-C
675605278,RECL-TRIPSAVER-100-80T-15KV-1P-C
668898206,RECL-TRIPSAVER-100-80T-15KV-1P-C
674763953,RECL-TRIPSAVER-200-150E-15KV-1P-C
669452597,RECL-TRIPSAVER-100-80T-15KV-1P-C
676859319,RECL-TRIPSAVER-100-80T-29KV-1P-C
670319732,RECL-TRIPSAVER-100-80T-29KV-1P-C
675979091,RECL-TRIPSAVER-100-80T-29KV-1P-C
672535557,RECL-TRIPSAVER-100-80T-15KV-1P-C
673617172,RECL-TRIPSAVER-100-80T-15KV-1P-C
680096894,RECL-TRIPSAVER-200-150E-15KV-1P-C
672664733,RECL-TRIPSAVER-100-80T-15KV-1P-C
673510123,RECL-TRIPSAVER-100-80T-15KV-1P-C
680204152,RECL-TRIPSAVER-100-80T-29KV-1P-C
675855074,RECL-TRIPSAVER-100-80T-15KV-1P-C
672918424,RECL-TRIPSAVER-100-80T-15KV-1P-C
697693443,RECL-TRIPSAVER-100-80T-15KV-1P-C
692532211,RECL-TRIPSAVER-200-150E-29KV-1P-C
738975959,RECL-TRIPSAVER-100-80T-15KV-1P-C
738739953,RECL-TRIPSAVER-100-80T-15KV-1P-C
767698556,RECL-TRIPSAVER-100-80T-15KV-1P-C
768978128,RECL-TRIPSAVER-100-80T-15KV-1P-C
766574291,RECL-TRIPSAVER-200-100T-15KV-1P-C
784492712,RECL-TRIPSAVER-100-80T-15KV-1P-C
581519262,RECL-TRIPSAVER-100-80T-15KV-1P-C
571907570,RECL-TRIPSAVER-100-80T-15KV-1P-C
573825551,RECL-TRIPSAVER-100-80T-15KV-1P-C
656153260,RECL-TRIPSAVER-200-100T-15KV-1P-C
655019687,RECL-TRIPSAVER-100-80T-15KV-1P-C
650966728,RECL-TRIPSAVER-100-80T-15KV-1P-C
654221322,RECL-TRIPSAVER-100-80T-15KV-1P-C
654358938,RECL-TRIPSAVER-100-80T-15KV-1P-C
657652269,RECL-TRIPSAVER-200-100T-15KV-1P-C
658588965,RECL-TRIPSAVER-100-80T-29KV-1P-C
657802962,RECL-TRIPSAVER-100-80T-15KV-1P-C
657940409,RECL-TRIPSAVER-200-100T-15KV-1P-C
655682099,RECL-TRIPSAVER-100-80T-15KV-1P-C
659670541,RECL-TRIPSAVER-100-80T-29KV-1P-C
675622313,RECL-TRIPSAVER-100-80T-15KV-1P-C
673552638,RECL-TRIPSAVER-200-100T-29KV-1P-C
670680162,RECL-TRIPSAVER-100-80T-15KV-1P-C
675712608,RECL-TRIPSAVER-100-80T-15KV-1P-C
669529407,RECL-TRIPSAVER-200-100T-15KV-1P-C
673286537,RECL-TRIPSAVER-100-80T-15KV-1P-C
677932533,RECL-TRIPSAVER-100-80T-29KV-1P-C
673226429,RECL-TRIPSAVER-100-80T-15KV-1P-C
671380198,RECL-TRIPSAVER-100-80T-15KV-1P-C
679040489,RECL-TRIPSAVER-100-80T-15KV-1P-C
671586274,RECL-TRIPSAVER-200-100T-15KV-1P-C
677623490,RECL-TRIPSAVER-100-80T-29KV-1P-C
672908751,RECL-TRIPSAVER-100-80T-15KV-1P-C
668572131,RECL-TRIPSAVER-200-150E-15KV-1P-C
669362471,RECL-TRIPSAVER-100-80T-15KV-1P-C
738374935,RECL-TRIPSAVER-100-80T-15KV-1P-C
744446666,RECL-TRIPSAVER-100-80T-15KV-1P-C
740324514,RECL-TRIPSAVER-100-80T-15KV-1P-C
753798982,RECL-TRIPSAVER-100-80T-15KV-1P-C
775784304,RECL-TRIPSAVER-200-150E-15KV-1P-C
771649204,RECL-TRIPSAVER-100-80T-15KV-1P-C
768536157,RECL-TRIPSAVER-100-80T-15KV-1P-C
657510632,RECL-TRIPSAVER-100-80T-15KV-1P-C
657772704,RECL-TRIPSAVER-100-80T-15KV-1P-C
654096990,RECL-TRIPSAVER-100-80T-15KV-1P-C
655367854,RECL-TRIPSAVER-100-80T-15KV-1P-C
656025516,RECL-TRIPSAVER-100-80T-15KV-1P-C
654071679,RECL-TRIPSAVER-100-80T-15KV-1P-C
658442999,RECL-TRIPSAVER-100-80T-15KV-1P-C
652938016,RECL-TRIPSAVER-100-80T-29KV-1P-C
652491743,RECL-TRIPSAVER-100-80T-15KV-1P-C
657459701,RECL-TRIPSAVER-100-80T-15KV-1P-C
652453234,RECL-TRIPSAVER-200-150E-15KV-1P-C
654913157,RECL-TRIPSAVER-100-80T-29KV-1P-C
654913164,RECL-TRIPSAVER-100-80T-29KV-1P-C
671890768,RECL-TRIPSAVER-100-80T-15KV-1P-C
676614170,RECL-TRIPSAVER-100-80T-29KV-1P-C
668906475,RECL-TRIPSAVER-100-80T-15KV-1P-C
669692249,RECL-TRIPSAVER-100-80T-15KV-1P-C
671246768,RECL-TRIPSAVER-100-80T-29KV-1P-C
677361370,RECL-TRIPSAVER-100-80T-15KV-1P-C
682681603,RECL-TRIPSAVER-100-80T-15KV-1P-C
678469245,RECL-TRIPSAVER-100-80T-29KV-1P-C
683664922,RECL-TRIPSAVER-200-100T-15KV-1P-C
678009763,RECL-TRIPSAVER-200-100T-29KV-1P-C
670856200,RECL-TRIPSAVER-100-80T-15KV-1P-C
679087586,RECL-TRIPSAVER-100-80T-29KV-1P-C
678405009,RECL-TRIPSAVER-100-80T-15KV-1P-C
669121586,RECL-TRIPSAVER-200-100T-15KV-1P-C
679096316,RECL-TRIPSAVER-100-80T-29KV-1P-C
673977812,RECL-TRIPSAVER-100-80T-15KV-1P-C
670740442,RECL-TRIPSAVER-200-150E-15KV-1P-C
677237110,RECL-TRIPSAVER-100-80T-29KV-1P-C
678456676,RECL-TRIPSAVER-200-100T-29KV-1P-C
677005473,RECL-TRIPSAVER-200-100T-29KV-1P-C
676417357,RECL-TRIPSAVER-200-150E-15KV-1P-C
675596952,RECL-TRIPSAVER-200-150E-29KV-1P-C
676854973,RECL-TRIPSAVER-200-100T-29KV-1P-C
671115099,RECL-TRIPSAVER-200-100T-15KV-1P-C
736764536,RECL-TRIPSAVER-200-100T-15KV-1P-C
740556571,RECL-TRIPSAVER-200-100T-15KV-1P-C
758689847,RECL-TRIPSAVER-100-80T-15KV-1P-C
771211019,RECL-TRIPSAVER-200-150E-15KV-1P-C
768076584,RECL-TRIPSAVER-100-80T-15KV-1P-C
771769316,RECL-TRIPSAVER-100-80T-15KV-1P-C
787158907,RECL-TRIPSAVER-200-100T-15KV-1P-C
565765111,RECL-TRIPSAVER-100-80T-15KV-1P-C
571907476,RECL-TRIPSAVER-100-80T-15KV-1P-C
571907585,RECL-TRIPSAVER-100-80T-15KV-1P-C
564855539,RECL-TRIPSAVER-100-80T-15KV-1P-C
655376062,RECL-TRIPSAVER-100-80T-15KV-1P-C
650687106,RECL-TRIPSAVER-100-80T-15KV-1P-C
653362263,RECL-TRIPSAVER-100-80T-15KV-1P-C
655925960,RECL-TRIPSAVER-100-80T-15KV-1P-C
657488898,RECL-TRIPSAVER-200-100T-15KV-1P-C
656557245,RECL-TRIPSAVER-100-80T-15KV-1P-C
659142302,RECL-TRIPSAVER-100-80T-15KV-1P-C
661022663,RECL-TRIPSAVER-100-80T-15KV-1P-C
660451805,RECL-TRIPSAVER-200-100T-15KV-1P-C
658764955,RECL-TRIPSAVER-100-80T-15KV-1P-C
654475408,RECL-TRIPSAVER-100-80T-15KV-1P-C
650822067,RECL-TRIPSAVER-200-150E-15KV-1P-C
658382470,RECL-TRIPSAVER-100-80T-15KV-1P-C
675261572,RECL-TRIPSAVER-100-80T-15KV-1P-C
669082523,RECL-TRIPSAVER-100-80T-15KV-1P-C
676433867,RECL-TRIPSAVER-200-100T-15KV-1P-C
671246752,RECL-TRIPSAVER-100-80T-29KV-1P-C
673518417,RECL-TRIPSAVER-200-100T-15KV-1P-C
675540765,RECL-TRIPSAVER-100-80T-15KV-1P-C
677426145,RECL-TRIPSAVER-100-80T-29KV-1P-C
672346577,RECL-TRIPSAVER-100-80T-29KV-1P-C
668602076,RECL-TRIPSAVER-100-80T-29KV-1P-C
668602090,RECL-TRIPSAVER-100-80T-29KV-1P-C
672106250,RECL-TRIPSAVER-100-80T-29KV-1P-C
669135841,RECL-TRIPSAVER-200-100T-15KV-1P-C
670569203,RECL-TRIPSAVER-200-100T-29KV-1P-C
678095797,RECL-TRIPSAVER-100-80T-15KV-1P-C
672625254,RECL-TRIPSAVER-100-80T-15KV-1P-C
670744904,RECL-TRIPSAVER-200-150E-15KV-1P-C
670744919,RECL-TRIPSAVER-100-80T-15KV-1P-C
673617202,RECL-TRIPSAVER-100-80T-15KV-1P-C
677760948,RECL-TRIPSAVER-100-80T-15KV-1P-C
679478437,RECL-TRIPSAVER-100-80T-15KV-1P-C
676597435,RECL-TRIPSAVER-100-80T-29KV-1P-C
679542824,RECL-TRIPSAVER-200-100T-15KV-1P-C
674369716,RECL-TRIPSAVER-100-80T-15KV-1P-C
676288936,RECL-TRIPSAVER-100-80T-15KV-1P-C
693318165,RECL-TRIPSAVER-200-100T-15KV-1P-C
695443868,RECL-TRIPSAVER-100-80T-15KV-1P-C
740865583,RECL-TRIPSAVER-200-100T-15KV-1P-C
744476592,RECL-TRIPSAVER-100-80T-15KV-1P-C
741458204,RECL-TRIPSAVER-200-100T-15KV-1P-C
758998995,RECL-TRIPSAVER-100-80T-29KV-1P-C
767462390,RECL-TRIPSAVER-100-80T-15KV-1P-C
780641803,RECL-TRIPSAVER-200-150E-15KV-1P-C
785621926,RECL-TRIPSAVER-100-80T-29KV-1P-C
785205294,RECL-TRIPSAVER-100-80T-15KV-1P-C
782171178,RECL-TRIPSAVER-100-80T-15KV-1P-C
564185621,RECL-TRIPSAVER-200-150E-29KV-1P-C
564203681,RECL-TRIPSAVER-200-150E-15KV-1P-C
653491699,RECL-TRIPSAVER-100-80T-15KV-1P-C
651202533,RECL-TRIPSAVER-100-80T-15KV-1P-C
657488952,RECL-TRIPSAVER-100-80T-15KV-1P-C
658807555,RECL-TRIPSAVER-200-150E-15KV-1P-C
659021939,RECL-TRIPSAVER-100-80T-15KV-1P-C
653289791,RECL-TRIPSAVER-100-80T-15KV-1P-C
650688549,RECL-TRIPSAVER-200-100T-29KV-1P-C
659043769,RECL-TRIPSAVER-100-80T-29KV-1P-C
654582616,RECL-TRIPSAVER-100-80T-15KV-1P-C
651826040,RECL-TRIPSAVER-100-80T-15KV-1P-C
661911648,RECL-TRIPSAVER-100-80T-15KV-1P-C
660374693,RECL-TRIPSAVER-200-100T-15KV-1P-C
656626412,RECL-TRIPSAVER-100-80T-29KV-1P-C
659143029,RECL-TRIPSAVER-100-80T-15KV-1P-C
651023951,RECL-TRIPSAVER-100-80T-15KV-1P-C
672882690,RECL-TRIPSAVER-100-80T-29KV-1P-C
670525382,RECL-TRIPSAVER-100-80T-15KV-1P-C
670667192,RECL-TRIPSAVER-200-100T-15KV-1P-C
673068565,RECL-TRIPSAVER-100-80T-15KV-1P-C
678868568,RECL-TRIPSAVER-200-150E-29KV-1P-C
675261747,RECL-TRIPSAVER-100-80T-15KV-1P-C
669186957,RECL-TRIPSAVER-100-80T-15KV-1P-C
671551919,RECL-TRIPSAVER-100-80T-29KV-1P-C
669619560,RECL-TRIPSAVER-100-80T-15KV-1P-C
672161771,RECL-TRIPSAVER-200-150E-15KV-1P-C
669319107,RECL-TRIPSAVER-100-80T-29KV-1P-C
676227988,RECL-TRIPSAVER-200-100T-15KV-1P-C
670843261,RECL-TRIPSAVER-200-150E-15KV-1P-C
668954251,RECL-TRIPSAVER-100-80T-15KV-1P-C
670569169,RECL-TRIPSAVER-100-80T-29KV-1P-C
680096910,RECL-TRIPSAVER-200-100T-15KV-1P-C
670903655,RECL-TRIPSAVER-100-80T-15KV-1P-C
675743773,RECL-TRIPSAVER-100-80T-15KV-1P-C
669701721,RECL-TRIPSAVER-200-150E-15KV-1P-C
671282038,RECL-TRIPSAVER-200-100T-15KV-1P-C
669126824,RECL-TRIPSAVER-200-100T-15KV-1P-C
680204058,RECL-TRIPSAVER-100-80T-29KV-1P-C
680204077,RECL-TRIPSAVER-100-80T-29KV-1P-C
668916360,RECL-TRIPSAVER-100-80T-29KV-1P-C
676854937,RECL-TRIPSAVER-100-80T-29KV-1P-C
670637809,RECL-TRIPSAVER-100-80T-15KV-1P-C
673244026,RECL-TRIPSAVER-100-80T-15KV-1P-C
672918419,RECL-TRIPSAVER-100-80T-15KV-1P-C
669362445,RECL-TRIPSAVER-100-80T-15KV-1P-C
695834324,RECL-TRIPSAVER-100-80T-15KV-1P-C
738714164,RECL-TRIPSAVER-200-100T-15KV-1P-C
761545453,RECL-TRIPSAVER-100-80T-15KV-1P-C
766393301,RECL-TRIPSAVER-100-80T-15KV-1P-C
781633175,RECL-TRIPSAVER-100-80T-15KV-1P-C
781031891,RECL-TRIPSAVER-100-80T-15KV-1P-C
785785351,RECL-TRIPSAVER-100-80T-15KV-1P-C
565232763,RECL-TRIPSAVER-200-150E-15KV-1P-C
652482404,RECL-TRIPSAVER-100-80T-15KV-1P-C
651619281,RECL-TRIPSAVER-100-80T-15KV-1P-C
658777615,RECL-TRIPSAVER-100-80T-29KV-1P-C
651434841,RECL-TRIPSAVER-100-80T-15KV-1P-C
652065856,RECL-TRIPSAVER-100-80T-29KV-1P-C
650791851,RECL-TRIPSAVER-100-80T-15KV-1P-C
658589014,RECL-TRIPSAVER-200-100T-29KV-1P-C
659043711,RECL-TRIPSAVER-200-100T-15KV-1P-C
658369785,RECL-TRIPSAVER-100-80T-15KV-1P-C
658537473,RECL-TRIPSAVER-100-80T-15KV-1P-C
650736510,RECL-TRIPSAVER-100-80T-15KV-1P-C
652491794,RECL-TRIPSAVER-100-80T-15KV-1P-C
650706510,RECL-TRIPSAVER-100-80T-15KV-1P-C
672921330,RECL-TRIPSAVER-100-80T-15KV-1P-C
674475759,RECL-TRIPSAVER-100-80T-15KV-1P-C
670332065,RECL-TRIPSAVER-200-100T-15KV-1P-C
672655140,RECL-TRIPSAVER-200-100T-29KV-1P-C
669366404,RECL-TRIPSAVER-200-150E-29KV-1P-C
673299361,RECL-TRIPSAVER-200-150E-29KV-1P-C
671698071,RECL-TRIPSAVER-100-80T-15KV-1P-C
674759653,RECL-TRIPSAVER-200-100T-29KV-1P-C
674759671,RECL-TRIPSAVER-100-80T-29KV-1P-C
674759699,RECL-TRIPSAVER-200-100T-29KV-1P-C
672346610,RECL-TRIPSAVER-100-80T-29KV-1P-C
677670754,RECL-TRIPSAVER-100-80T-15KV-1P-C
668967065,RECL-TRIPSAVER-200-100T-15KV-1P-C
672024395,RECL-TRIPSAVER-100-80T-15KV-1P-C
672651031,RECL-TRIPSAVER-100-80T-15KV-1P-C
671964075,RECL-TRIPSAVER-100-80T-15KV-1P-C
668911057,RECL-TRIPSAVER-100-80T-15KV-1P-C
669147134,RECL-TRIPSAVER-100-80T-15KV-1P-C
672681060,RECL-TRIPSAVER-100-80T-15KV-1P-C
670993871,RECL-TRIPSAVER-100-80T-15KV-1P-C
670787825,RECL-TRIPSAVER-100-80T-15KV-1P-C
672758517,RECL-TRIPSAVER-200-150E-15KV-1P-C
671500947,RECL-TRIPSAVER-200-100T-15KV-1P-C
672904826,RECL-TRIPSAVER-200-150E-15KV-1P-C
671608036,RECL-TRIPSAVER-100-80T-29KV-1P-C
679251361,RECL-TRIPSAVER-100-80T-15KV-1P-C
678581013,RECL-TRIPSAVER-100-80T-15KV-1P-C
670311494,RECL-TRIPSAVER-100-80T-15KV-1P-C
670311513,RECL-TRIPSAVER-200-100T-15KV-1P-C
701450745,RECL-TRIPSAVER-100-80T-29KV-1P-C
739276581,RECL-TRIPSAVER-100-80T-15KV-1P-C
740401626,RECL-TRIPSAVER-100-80T-15KV-1P-C
787961932,RECL-TRIPSAVER-100-80T-15KV-1P-C
784329772,RECL-TRIPSAVER-100-80T-29KV-1P-C
564237369,RECL-TRIPSAVER-100-80T-15KV-1P-C
656840465,RECL-TRIPSAVER-100-80T-15KV-1P-C
652404978,RECL-TRIPSAVER-100-80T-15KV-1P-C
650700621,RECL-TRIPSAVER-100-80T-15KV-1P-C
651147004,RECL-TRIPSAVER-200-100T-15KV-1P-C
658884547,RECL-TRIPSAVER-200-150E-15KV-1P-C
655814776,RECL-TRIPSAVER-100-80T-15KV-1P-C
660357187,RECL-TRIPSAVER-100-80T-29KV-1P-C
660305616,RECL-TRIPSAVER-200-100T-15KV-1P-C
657441994,RECL-TRIPSAVER-100-80T-15KV-1P-C
652783130,RECL-TRIPSAVER-100-80T-15KV-1P-C
652504288,RECL-TRIPSAVER-200-150E-15KV-1P-C
655939410,RECL-TRIPSAVER-100-80T-15KV-1P-C
650748894,RECL-TRIPSAVER-100-80T-15KV-1P-C
655222312,RECL-TRIPSAVER-100-80T-15KV-1P-C
651246684,RECL-TRIPSAVER-100-80T-15KV-1P-C
659588949,RECL-TRIPSAVER-100-80T-15KV-1P-C
656626517,RECL-TRIPSAVER-200-150E-29KV-1P-C
654625649,RECL-TRIPSAVER-100-80T-15KV-1P-C
671418471,RECL-TRIPSAVER-200-150E-29KV-1P-C
671439980,RECL-TRIPSAVER-100-80T-15KV-1P-C
670525424,RECL-TRIPSAVER-200-150E-15KV-1P-C
671689222,RECL-TRIPSAVER-100-80T-29KV-1P-C
672655153,RECL-TRIPSAVER-200-100T-29KV-1P-C
676300848,RECL-TRIPSAVER-200-150E-29KV-1P-C
674789407,RECL-TRIPSAVER-200-100T-15KV-1P-C
679856193,RECL-TRIPSAVER-100-80T-29KV-1P-C
679169254,RECL-TRIPSAVER-100-80T-15KV-1P-C
671964124,RECL-TRIPSAVER-100-80T-15KV-1P-C
669886016,RECL-TRIPSAVER-100-80T-29KV-1P-C
676670138,RECL-TRIPSAVER-100-80T-29KV-1P-C
677644910,RECL-TRIPSAVER-100-80T-15KV-1P-C
668902517,RECL-TRIPSAVER-200-100T-29KV-1P-C
675893135,RECL-TRIPSAVER-100-80T-29KV-1P-C
677125835,RECL-TRIPSAVER-100-80T-29KV-1P-C
679908502,RECL-TRIPSAVER-200-150E-15KV-1P-C
674407950,RECL-TRIPSAVER-100-80T-15KV-1P-C
699956397,RECL-TRIPSAVER-100-80T-15KV-1P-C
759497038,RECL-TRIPSAVER-100-80T-15KV-1P-C
757663636,RECL-TRIPSAVER-200-100T-15KV-1P-C
766844033,RECL-TRIPSAVER-100-80T-15KV-1P-C
767324960,RECL-TRIPSAVER-100-80T-29KV-1P-C
769480517,RECL-TRIPSAVER-100-80T-15KV-1P-C
767209250,RECL-TRIPSAVER-100-80T-29KV-1P-C
808260157,RECL-TRIPSAVER-200-100T-15KV-1P-C
655376076,RECL-TRIPSAVER-200-150E-15KV-1P-C
650963164,RECL-TRIPSAVER-100-80T-15KV-1P-C
653015258,RECL-TRIPSAVER-100-80T-15KV-1P-C
650863363,RECL-TRIPSAVER-100-80T-15KV-1P-C
653281008,RECL-TRIPSAVER-100-80T-15KV-1P-C
654770912,RECL-TRIPSAVER-100-80T-15KV-1P-C
657471871,RECL-TRIPSAVER-200-100T-15KV-1P-C
653311171,RECL-TRIPSAVER-100-80T-15KV-1P-C
650929161,RECL-TRIPSAVER-200-100T-15KV-1P-C
656600573,RECL-TRIPSAVER-100-80T-29KV-1P-C
653633654,RECL-TRIPSAVER-200-150E-29KV-1P-C
659043722,RECL-TRIPSAVER-100-80T-15KV-1P-C
658275518,RECL-TRIPSAVER-100-80T-15KV-1P-C
660451776,RECL-TRIPSAVER-200-100T-15KV-1P-C
656343209,RECL-TRIPSAVER-200-100T-15KV-1P-C
656759301,RECL-TRIPSAVER-100-80T-15KV-1P-C
653105471,RECL-TRIPSAVER-100-80T-15KV-1P-C
650706488,RECL-TRIPSAVER-100-80T-15KV-1P-C
650762633,RECL-TRIPSAVER-100-80T-15KV-1P-C
650822076,RECL-TRIPSAVER-200-150E-15KV-1P-C
669610686,RECL-TRIPSAVER-100-80T-15KV-1P-C
674136530,RECL-TRIPSAVER-100-80T-29KV-1P-C
671418453,RECL-TRIPSAVER-200-100T-29KV-1P-C
669284517,RECL-TRIPSAVER-200-100T-15KV-1P-C
674256862,RECL-TRIPSAVER-100-80T-29KV-1P-C
676163391,RECL-TRIPSAVER-100-80T-15KV-1P-C
671161048,RECL-TRIPSAVER-200-150E-15KV-1P-C
668473851,RECL-TRIPSAVER-200-100T-15KV-1P-C
668765271,RECL-TRIPSAVER-100-80T-15KV-1P-C
679087672,RECL-TRIPSAVER-100-80T-29KV-1P-C
673758877,RECL-TRIPSAVER-100-80T-15KV-1P-C
672603777,RECL-TRIPSAVER-200-100T-15KV-1P-C
672144362,RECL-TRIPSAVER-100-80T-15KV-1P-C
676133471,RECL-TRIPSAVER-200-100T-15KV-1P-C
670886283,RECL-TRIPSAVER-100-80T-29KV-1P-C
677906838,RECL-TRIPSAVER-100-80T-29KV-1P-C
672067181,RECL-TRIPSAVER-100-80T-15KV-1P-C
670645906,RECL-TRIPSAVER-100-80T-15KV-1P-C
677237115,RECL-TRIPSAVER-100-80T-29KV-1P-C
673441147,RECL-TRIPSAVER-200-150E-15KV-1P-C
668916043,RECL-TRIPSAVER-100-80T-15KV-1P-C
668916091,RECL-TRIPSAVER-100-80T-15KV-1P-C
670813713,RECL-TRIPSAVER-100-80T-15KV-1P-C
668533701,RECL-TRIPSAVER-100-80T-15KV-1P-C
675541225,RECL-TRIPSAVER-100-80T-15KV-1P-C
672612547,RECL-TRIPSAVER-100-80T-15KV-1P-C
678048758,RECL-TRIPSAVER-200-100T-15KV-1P-C
680869634,RECL-TRIPSAVER-200-100T-29KV-1P-C
671638014,RECL-TRIPSAVER-100-80T-29KV-1P-C
671217419,RECL-TRIPSAVER-100-80T-29KV-1P-C
671428756,RECL-TRIPSAVER-200-100T-15KV-1P-C
669362499,RECL-TRIPSAVER-200-100T-15KV-1P-C
737219867,RECL-TRIPSAVER-100-80T-15KV-1P-C
759342387,RECL-TRIPSAVER-100-80T-15KV-1P-C
770279353,RECL-TRIPSAVER-100-80T-15KV-1P-C
768784895,RECL-TRIPSAVER-100-80T-15KV-1P-C
572523816,RECL-TRIPSAVER-100-80T-15KV-1P-C
657652261,RECL-TRIPSAVER-100-80T-15KV-1P-C
654578909,RECL-TRIPSAVER-200-150E-15KV-1P-C
654071660,RECL-TRIPSAVER-100-80T-15KV-1P-C
654075882,RECL-TRIPSAVER-200-100T-15KV-1P-C
653745559,RECL-TRIPSAVER-100-80T-29KV-1P-C
652475203,RECL-TRIPSAVER-100-80T-29KV-1P-C
671109371,RECL-TRIPSAVER-100-80T-29KV-1P-C
674694813,RECL-TRIPSAVER-100-80T-29KV-1P-C
677777888,RECL-TRIPSAVER-200-100T-15KV-1P-C
670341673,RECL-TRIPSAVER-100-80T-15KV-1P-C
676305469,RECL-TRIPSAVER-100-80T-15KV-1P-C
669087542,RECL-TRIPSAVER-200-100T-15KV-1P-C
677679272,RECL-TRIPSAVER-100-80T-15KV-1P-C
669237383,RECL-TRIPSAVER-200-100T-29KV-1P-C
671547793,RECL-TRIPSAVER-100-80T-15KV-1P-C
673385445,RECL-TRIPSAVER-100-80T-15KV-1P-C
668761017,RECL-TRIPSAVER-200-100T-15KV-1P-C
668971567,RECL-TRIPSAVER-100-80T-15KV-1P-C
675893132,RECL-TRIPSAVER-100-80T-29KV-1P-C
672479646,RECL-TRIPSAVER-100-80T-15KV-1P-C
668628192,RECL-TRIPSAVER-100-80T-15KV-1P-C
669512451,RECL-TRIPSAVER-100-80T-15KV-1P-C
672672627,RECL-TRIPSAVER-200-150E-15KV-1P-C
669078905,RECL-TRIPSAVER-200-150E-15KV-1P-C
672707187,RECL-TRIPSAVER-100-80T-15KV-1P-C
680204135,RECL-TRIPSAVER-100-80T-29KV-1P-C
669645954,RECL-TRIPSAVER-100-80T-29KV-1P-C
693687155,RECL-TRIPSAVER-100-80T-15KV-1P-C
695834347,RECL-TRIPSAVER-100-80T-15KV-1P-C
738241708,RECL-TRIPSAVER-200-100T-15KV-1P-C
742711791,RECL-TRIPSAVER-100-80T-15KV-1P-C
757676448,RECL-TRIPSAVER-100-80T-15KV-1P-C
760841110,RECL-TRIPSAVER-100-80T-15KV-1P-C
767561347,RECL-TRIPSAVER-100-80T-15KV-1P-C
775337542,RECL-TRIPSAVER-100-80T-15KV-1P-C
780229045,RECL-TRIPSAVER-100-80T-15KV-1P-C
784638673,RECL-TRIPSAVER-100-80T-15KV-1P-C
653349350,RECL-TRIPSAVER-100-80T-15KV-1P-C
657626267,RECL-TRIPSAVER-100-80T-15KV-1P-C
653933991,RECL-TRIPSAVER-100-80T-15KV-1P-C
652404925,RECL-TRIPSAVER-200-100T-15KV-1P-C
652761620,RECL-TRIPSAVER-100-80T-15KV-1P-C
652487025,RECL-TRIPSAVER-100-80T-15KV-1P-C
651714480,RECL-TRIPSAVER-100-80T-15KV-1P-C
656361214,RECL-TRIPSAVER-100-80T-15KV-1P-C
657802962,RECL-TRIPSAVER-100-80T-15KV-1P-C
652813436,RECL-TRIPSAVER-100-80T-15KV-1P-C
660898268,RECL-TRIPSAVER-100-80T-29KV-1P-C
657313564,RECL-TRIPSAVER-200-100T-15KV-1P-C
669713789,RECL-TRIPSAVER-200-100T-15KV-1P-C
670207793,RECL-TRIPSAVER-100-80T-29KV-1P-C
671822100,RECL-TRIPSAVER-200-150E-29KV-1P-C
670211892,RECL-TRIPSAVER-200-100T-15KV-1P-C
669967214,RECL-TRIPSAVER-100-80T-15KV-1P-C
675347501,RECL-TRIPSAVER-200-100T-29KV-1P-C
678799871,RECL-TRIPSAVER-200-100T-15KV-1P-C
672238762,RECL-TRIPSAVER-100-80T-15KV-1P-C
673380964,RECL-TRIPSAVER-100-80T-29KV-1P-C
676150663,RECL-TRIPSAVER-200-100T-15KV-1P-C
672668635,RECL-TRIPSAVER-100-80T-15KV-1P-C
668966987,RECL-TRIPSAVER-100-80T-15KV-1P-C
671642328,RECL-TRIPSAVER-100-80T-15KV-1P-C
677082950,RECL-TRIPSAVER-200-150E-15KV-1P-C
672307700,RECL-TRIPSAVER-200-100T-15KV-1P-C
673003151,RECL-TRIPSAVER-100-80T-29KV-1P-C
668795667,RECL-TRIPSAVER-200-150E-15KV-1P-C
670336784,RECL-TRIPSAVER-100-80T-15KV-1P-C
668872742,RECL-TRIPSAVER-100-80T-15KV-1P-C
676957847,RECL-TRIPSAVER-100-80T-15KV-1P-C
669671319,RECL-TRIPSAVER-100-80T-29KV-1P-C
679491254,RECL-TRIPSAVER-100-80T-15KV-1P-C
676288472,RECL-TRIPSAVER-200-100T-15KV-1P-C
669078854,RECL-TRIPSAVER-100-80T-15KV-1P-C
671281944,RECL-TRIPSAVER-100-80T-15KV-1P-C
672574441,RECL-TRIPSAVER-100-80T-15KV-1P-C
678138893,RECL-TRIPSAVER-200-100T-29KV-1P-C
670045376,RECL-TRIPSAVER-100-80T-29KV-1P-C
692918936,RECL-TRIPSAVER-200-100T-15KV-1P-C
736695976,RECL-TRIPSAVER-100-80T-15KV-1P-C
767681434,RECL-TRIPSAVER-100-80T-15KV-1P-C
783109709,RECL-TRIPSAVER-100-80T-15KV-1P-C
788455899,RECL-TRIPSAVER-100-80T-15KV-1P-C
780885732,RECL-TRIPSAVER-100-80T-15KV-1P-C
788743956,RECL-TRIPSAVER-100-80T-15KV-1P-C
564332528,RECL-TRIPSAVER-100-80T-15KV-1P-C
564550491,RECL-TRIPSAVER-100-80T-15KV-1P-C
655101286,RECL-TRIPSAVER-100-80T-15KV-1P-C
653349360,RECL-TRIPSAVER-100-80T-15KV-1P-C
653934032,RECL-TRIPSAVER-200-100T-15KV-1P-C
654766752,RECL-TRIPSAVER-100-80T-15KV-1P-C
652761594,RECL-TRIPSAVER-100-80T-15KV-1P-C
653049938,RECL-TRIPSAVER-200-150E-15KV-1P-C
652456560,RECL-TRIPSAVER-100-80T-15KV-1P-C
650907157,RECL-TRIPSAVER-100-80T-15KV-1P-C
650713602,RECL-TRIPSAVER-200-100T-15KV-1P-C
655389565,RECL-TRIPSAVER-100-80T-15KV-1P-C
661022668,RECL-TRIPSAVER-100-80T-15KV-1P-C
654496551,RECL-TRIPSAVER-100-80T-15KV-1P-C
659790807,RECL-TRIPSAVER-200-150E-15KV-1P-C
654071685,RECL-TRIPSAVER-100-80T-15KV-1P-C
659747808,RECL-TRIPSAVER-100-80T-15KV-1P-C
659129505,RECL-TRIPSAVER-200-100T-29KV-1P-C
651680664,RECL-TRIPSAVER-100-80T-15KV-1P-C
655678192,RECL-TRIPSAVER-200-100T-15KV-1P-C
672882737,RECL-TRIPSAVER-100-80T-29KV-1P-C
671418480,RECL-TRIPSAVER-100-80T-29KV-1P-C
672509108,RECL-TRIPSAVER-200-150E-15KV-1P-C
668700802,RECL-TRIPSAVER-100-80T-15KV-1P-C
675978808,RECL-TRIPSAVER-100-80T-15KV-1P-C
675347595,RECL-TRIPSAVER-100-80T-29KV-1P-C
681771265,RECL-TRIPSAVER-200-100T-15KV-1P-C
679529833,RECL-TRIPSAVER-200-100T-15KV-1P-C
673419596,RECL-TRIPSAVER-200-100T-15KV-1P-C
678353330,RECL-TRIPSAVER-100-80T-29KV-1P-C
670341650,RECL-TRIPSAVER-200-150E-15KV-1P-C
677670708,RECL-TRIPSAVER-100-80T-15KV-1P-C
677417467,RECL-TRIPSAVER-200-100T-15KV-1P-C
668430429,RECL-TRIPSAVER-200-100T-15KV-1P-C
669937307,RECL-TRIPSAVER-200-100T-15KV-1P-C
677584794,RECL-TRIPSAVER-200-150E-15KV-1P-C
674763936,RECL-TRIPSAVER-200-100T-15KV-1P-C
670989722,RECL-TRIPSAVER-200-100T-15KV-1P-C
670319696,RECL-TRIPSAVER-100-80T-29KV-1P-C
669263289,RECL-TRIPSAVER-200-150E-15KV-1P-C
671509005,RECL-TRIPSAVER-100-80T-15KV-1P-C
678456701,RECL-TRIPSAVER-200-100T-29KV-1P-C
671410440,RECL-TRIPSAVER-200-100T-15KV-1P-C
673312849,RECL-TRIPSAVER-200-100T-15KV-1P-C
669078923,RECL-TRIPSAVER-100-80T-15KV-1P-C
699531374,RECL-TRIPSAVER-200-100T-15KV-1P-C
739796146,RECL-TRIPSAVER-200-100T-15KV-1P-C
741964664,RECL-TRIPSAVER-100-80T-15KV-1P-C
756169401,RECL-TRIPSAVER-100-80T-15KV-1P-C
771541667,RECL-TRIPSAVER-100-80T-15KV-1P-C
780864117,RECL-TRIPSAVER-200-100T-15KV-1P-C
819509923,RECL-TRIPSAVER-100-80T-15KV-1P-C
394524152,RECL-TRIPSAVER-100-80T-15KV-1P-C
563733805,RECL-TRIPSAVER-200-100T-15KV-1P-C
651589415,RECL-TRIPSAVER-200-100T-15KV-1P-C
659464090,RECL-TRIPSAVER-100-80T-29KV-1P-C
650872464,RECL-TRIPSAVER-100-80T-29KV-1P-C
652761587,RECL-TRIPSAVER-100-80T-15KV-1P-C
652761609,RECL-TRIPSAVER-100-80T-15KV-1P-C
657442007,RECL-TRIPSAVER-100-80T-15KV-1P-C
655286435,RECL-TRIPSAVER-100-80T-15KV-1P-C
658961876,RECL-TRIPSAVER-100-80T-15KV-1P-C
656665085,RECL-TRIPSAVER-100-80T-15KV-1P-C
652787949,RECL-TRIPSAVER-100-80T-15KV-1P-C
657558286,RECL-TRIPSAVER-100-80T-29KV-1P-C
652491698,RECL-TRIPSAVER-200-100T-15KV-1P-C
668906480,RECL-TRIPSAVER-100-80T-15KV-1P-C
669284452,RECL-TRIPSAVER-100-80T-15KV-1P-C
669967175,RECL-TRIPSAVER-200-100T-15KV-1P-C
674694822,RECL-TRIPSAVER-100-80T-29KV-1P-C
682423953,RECL-TRIPSAVER-100-80T-15KV-1P-C
675433471,RECL-TRIPSAVER-200-150E-15KV-1P-C
672883067,RECL-TRIPSAVER-100-80T-15KV-1P-C
678405000,RECL-TRIPSAVER-100-80T-15KV-1P-C
671101237,RECL-TRIPSAVER-100-80T-15KV-1P-C
669619674,RECL-TRIPSAVER-100-80T-15KV-1P-C
670272291,RECL-TRIPSAVER-100-80T-15KV-1P-C
679413954,RECL-TRIPSAVER-100-80T-15KV-1P-C
669452491,RECL-TRIPSAVER-100-80T-29KV-1P-C
670942142,RECL-TRIPSAVER-100-80T-15KV-1P-C
670645921,RECL-TRIPSAVER-100-80T-15KV-1P-C
679040483,RECL-TRIPSAVER-100-80T-15KV-1P-C
669542374,RECL-TRIPSAVER-200-100T-29KV-1P-C
670319685,RECL-TRIPSAVER-200-100T-29KV-1P-C
672011688,RECL-TRIPSAVER-100-80T-15KV-1P-C
678456668,RECL-TRIPSAVER-200-100T-29KV-1P-C
669663188,RECL-TRIPSAVER-100-80T-29KV-1P-C
738049059,RECL-TRIPSAVER-100-80T-15KV-1P-C
758346302,RECL-TRIPSAVER-100-80T-15KV-1P-C
765925462,RECL-TRIPSAVER-100-80T-15KV-1P-C
771752168,RECL-TRIPSAVER-100-80T-15KV-1P-C
783178855,RECL-TRIPSAVER-200-100T-15KV-1P-C
654083643,RECL-TRIPSAVER-100-80T-15KV-1P-C
655187212,RECL-TRIPSAVER-200-150E-15KV-1P-C
650963129,RECL-TRIPSAVER-200-100T-15KV-1P-C
651056537,RECL-TRIPSAVER-100-80T-15KV-1P-C
653753069,RECL-TRIPSAVER-200-100T-15KV-1P-C
652933571,RECL-TRIPSAVER-100-80T-15KV-1P-C
652912231,RECL-TRIPSAVER-100-80T-15KV-1P-C
654802347,RECL-TRIPSAVER-100-80T-29KV-1P-C
658884678,RECL-TRIPSAVER-100-80T-29KV-1P-C
650711222,RECL-TRIPSAVER-100-80T-15KV-1P-C
671375488,RECL-TRIPSAVER-100-80T-15KV-1P-C
671628836,RECL-TRIPSAVER-100-80T-15KV-1P-C
674999645,RECL-TRIPSAVER-100-80T-15KV-1P-C
668545762,RECL-TRIPSAVER-200-150E-15KV-1P-C
672217131,RECL-TRIPSAVER-200-100T-15KV-1P-C
668666210,RECL-TRIPSAVER-100-80T-29KV-1P-C
670211896,RECL-TRIPSAVER-100-80T-15KV-1P-C
669623587,RECL-TRIPSAVER-100-80T-29KV-1P-C
677331401,RECL-TRIPSAVER-200-100T-15KV-1P-C
669821361,RECL-TRIPSAVER-100-80T-15KV-1P-C
670418503,RECL-TRIPSAVER-200-100T-29KV-1P-C
672651037,RECL-TRIPSAVER-100-80T-15KV-1P-C
669722498,RECL-TRIPSAVER-100-80T-15KV-1P-C
673316708,RECL-TRIPSAVER-100-80T-15KV-1P-C
673119257,RECL-TRIPSAVER-100-80T-15KV-1P-C
677584754,RECL-TRIPSAVER-100-80T-15KV-1P-C
671213258,RECL-TRIPSAVER-100-80T-15KV-1P-C
676498458,RECL-TRIPSAVER-200-100T-15KV-1P-C
673462623,RECL-TRIPSAVER-100-80T-15KV-1P-C
672067135,RECL-TRIPSAVER-100-80T-15KV-1P-C
675390808,RECL-TRIPSAVER-100-80T-29KV-1P-C
675893112,RECL-TRIPSAVER-200-150E-29KV-1P-C
676859313,RECL-TRIPSAVER-100-80T-29KV-1P-C
670319689,RECL-TRIPSAVER-100-80T-29KV-1P-C
668628182,RECL-TRIPSAVER-100-80T-15KV-1P-C
678572424,RECL-TRIPSAVER-100-80T-15KV-1P-C
675073105,RECL-TRIPSAVER-100-80T-29KV-1P-C
679542866,RECL-TRIPSAVER-200-150E-15KV-1P-C
672587451,RECL-TRIPSAVER-200-100T-15KV-1P-C
697324205,RECL-TRIPSAVER-100-80T-15KV-1P-C
709523389,RECL-TRIPSAVER-100-80T-15KV-1P-C
742591493,RECL-TRIPSAVER-200-150E-15KV-1P-C
738594417,RECL-TRIPSAVER-200-100T-15KV-1P-C
741543806,RECL-TRIPSAVER-100-80T-15KV-1P-C
742085097,RECL-TRIPSAVER-200-150E-15KV-1P-C
736889290,RECL-TRIPSAVER-100-80T-15KV-1P-C
752308858,RECL-TRIPSAVER-200-100T-15KV-1P-C
765959476,RECL-TRIPSAVER-100-80T-29KV-1P-C
769579292,RECL-TRIPSAVER-100-80T-15KV-1P-C
779885671,RECL-TRIPSAVER-100-80T-15KV-1P-C
784145458,RECL-TRIPSAVER-100-80T-15KV-1P-C
786056447,RECL-TRIPSAVER-200-150E-15KV-1P-C
659575629,RECL-TRIPSAVER-100-80T-15KV-1P-C
650851362,RECL-TRIPSAVER-200-100T-15KV-1P-C
651447297,RECL-TRIPSAVER-200-100T-15KV-1P-C
651074173,RECL-TRIPSAVER-200-100T-15KV-1P-C
652404990,RECL-TRIPSAVER-200-100T-15KV-1P-C
653912228,RECL-TRIPSAVER-100-80T-15KV-1P-C
654989938,RECL-TRIPSAVER-200-150E-15KV-1P-C
654577743,RECL-TRIPSAVER-100-80T-15KV-1P-C
652916188,RECL-TRIPSAVER-100-80T-29KV-1P-C
651100709,RECL-TRIPSAVER-200-100T-15KV-1P-C
654071459,RECL-TRIPSAVER-100-80T-15KV-1P-C
653946786,RECL-TRIPSAVER-200-100T-15KV-1P-C
651426839,RECL-TRIPSAVER-200-150E-29KV-1P-C
659790779,RECL-TRIPSAVER-200-150E-15KV-1P-C
652787967,RECL-TRIPSAVER-200-100T-15KV-1P-C
659043799,RECL-TRIPSAVER-100-80T-29KV-1P-C
651406687,RECL-TRIPSAVER-200-150E-15KV-1P-C
650681022,RECL-TRIPSAVER-100-80T-15KV-1P-C
652255929,RECL-TRIPSAVER-100-80T-15KV-1P-C
675828373,RECL-TRIPSAVER-100-80T-15KV-1P-C
671109431,RECL-TRIPSAVER-200-150E-29KV-1P-C
673325415,RECL-TRIPSAVER-200-100T-15KV-1P-C
675605197,RECL-TRIPSAVER-100-80T-29KV-1P-C
676150709,RECL-TRIPSAVER-200-100T-15KV-1P-C
671260141,RECL-TRIPSAVER-100-80T-15KV-1P-C
677670708,RECL-TRIPSAVER-100-80T-15KV-1P-C
671234148,RECL-TRIPSAVER-200-100T-15KV-1P-C
669353369,RECL-TRIPSAVER-100-80T-15KV-1P-C
676403987,RECL-TRIPSAVER-100-80T-15KV-1P-C
671101213,RECL-TRIPSAVER-100-80T-15KV-1P-C
671599047,RECL-TRIPSAVER-100-80T-15KV-1P-C
670667355,RECL-TRIPSAVER-200-150E-15KV-1P-C
675068484,RECL-TRIPSAVER-100-80T-15KV-1P-C
678701181,RECL-TRIPSAVER-100-80T-29KV-1P-C
675979093,RECL-TRIPSAVER-100-80T-29KV-1P-C
669065866,RECL-TRIPSAVER-100-80T-15KV-1P-C
668916034,RECL-TRIPSAVER-100-80T-15KV-1P-C
671385414,RECL-TRIPSAVER-200-100T-15KV-1P-C
678538670,RECL-TRIPSAVER-100-80T-15KV-1P-C
673029310,RECL-TRIPSAVER-100-80T-29KV-1P-C
668916392,RECL-TRIPSAVER-100-80T-29KV-1P-C
678843177,RECL-TRIPSAVER-100-80T-29KV-1P-C
672994987,RECL-TRIPSAVER-100-80T-15KV-1P-C
673373394,RECL-TRIPSAVER-100-80T-15KV-1P-C
696680095,RECL-TRIPSAVER-200-100T-15KV-1P-C
757667835,RECL-TRIPSAVER-200-100T-15KV-1P-C
786124099,RECL-TRIPSAVER-100-80T-29KV-1P-C
784934698,RECL-TRIPSAVER-200-150E-15KV-1P-C
784406630,RECL-TRIPSAVER-200-100T-15KV-1P-C
564636701,RECL-TRIPSAVER-100-80T-15KV-1P-C
655384718,RECL-TRIPSAVER-200-150E-15KV-1P-C
650700628,RECL-TRIPSAVER-100-80T-15KV-1P-C
656698835,RECL-TRIPSAVER-100-80T-29KV-1P-C
652877907,RECL-TRIPSAVER-100-80T-15KV-1P-C
651138876,RECL-TRIPSAVER-200-100T-29KV-1P-C
656261118,RECL-TRIPSAVER-100-80T-15KV-1P-C
651173394,RECL-TRIPSAVER-100-80T-15KV-1P-C
650675368,RECL-TRIPSAVER-200-100T-15KV-1P-C
655682026,RECL-TRIPSAVER-100-80T-15KV-1P-C
671598820,RECL-TRIPSAVER-100-80T-15KV-1P-C
669546326,RECL-TRIPSAVER-200-100T-29KV-1P-C
674853692,RECL-TRIPSAVER-200-100T-15KV-1P-C
672655138,RECL-TRIPSAVER-200-100T-29KV-1P-C
677863839,RECL-TRIPSAVER-100-80T-15KV-1P-C
670341708,RECL-TRIPSAVER-100-80T-15KV-1P-C
668602150,RECL-TRIPSAVER-100-80T-29KV-1P-C
670886198,RECL-TRIPSAVER-100-80T-15KV-1P-C
676404003,RECL-TRIPSAVER-100-80T-15KV-1P-C
673758863,RECL-TRIPSAVER-100-80T-15KV-1P-C
674489085,RECL-TRIPSAVER-200-100T-15KV-1P-C
677267132,RECL-TRIPSAVER-100-80T-29KV-1P-C
670740457,RECL-TRIPSAVER-200-100T-15KV-1P-C
678593933,RECL-TRIPSAVER-100-80T-29KV-1P-C
678430711,RECL-TRIPSAVER-200-100T-15KV-1P-C
676597423,RECL-TRIPSAVER-200-100T-29KV-1P-C
670328430,RECL-TRIPSAVER-200-100T-15KV-1P-C
677250100,RECL-TRIPSAVER-200-100T-15KV-1P-C
698844268,RECL-TRIPSAVER-200-100T-15KV-1P-C
703627956,RECL-TRIPSAVER-100-80T-15KV-1P-C
731246730,RECL-TRIPSAVER-100-80T-15KV-1P-C
742630151,RECL-TRIPSAVER-100-80T-15KV-1P-C
742660236,RECL-TRIPSAVER-100-80T-15KV-1P-C
737992744,RECL-TRIPSAVER-200-100T-15KV-1P-C
754245870,RECL-TRIPSAVER-200-100T-15KV-1P-C
773375241,RECL-TRIPSAVER-100-80T-15KV-1P-C
767140573,RECL-TRIPSAVER-100-80T-15KV-1P-C
779519930,RECL-TRIPSAVER-200-100T-29KV-1P-C
566130379,RECL-TRIPSAVER-100-80T-15KV-1P-C
655212940,RECL-TRIPSAVER-200-100T-15KV-1P-C
650962999,RECL-TRIPSAVER-200-100T-15KV-1P-C
655389050,RECL-TRIPSAVER-100-80T-29KV-1P-C
660357198,RECL-TRIPSAVER-100-80T-29KV-1P-C
658966093,RECL-TRIPSAVER-200-150E-15KV-1P-C
657562391,RECL-TRIPSAVER-100-80T-15KV-1P-C
653976821,RECL-TRIPSAVER-200-150E-29KV-1P-C
655909615,RECL-TRIPSAVER-100-80T-15KV-1P-C
656037598,RECL-TRIPSAVER-100-80T-15KV-1P-C
654333321,RECL-TRIPSAVER-100-80T-29KV-1P-C
658223328,RECL-TRIPSAVER-100-80T-15KV-1P-C
652491770,RECL-TRIPSAVER-100-80T-15KV-1P-C
658238542,RECL-TRIPSAVER-100-80T-15KV-1P-C
658751719,RECL-TRIPSAVER-100-80T-15KV-1P-C
655793574,RECL-TRIPSAVER-100-80T-15KV-1P-C
659670571,RECL-TRIPSAVER-100-80T-29KV-1P-C
652981425,RECL-TRIPSAVER-200-150E-15KV-1P-C
669722309,RECL-TRIPSAVER-100-80T-15KV-1P-C
674913752,RECL-TRIPSAVER-100-80T-15KV-1P-C
671109353,RECL-TRIPSAVER-100-80T-29KV-1P-C
675347559,RECL-TRIPSAVER-100-80T-29KV-1P-C
679461099,RECL-TRIPSAVER-100-80T-15KV-1P-C
671285639,RECL-TRIPSAVER-100-80T-29KV-1P-C
668409199,RECL-TRIPSAVER-100-80T-15KV-1P-C
675540949,RECL-TRIPSAVER-100-80T-29KV-1P-C
677670760,RECL-TRIPSAVER-100-80T-15KV-1P-C
669353251,RECL-TRIPSAVER-100-80T-29KV-1P-C
669739858,RECL-TRIPSAVER-100-80T-15KV-1P-C
672775793,RECL-TRIPSAVER-100-80T-15KV-1P-C
671161181,RECL-TRIPSAVER-200-150E-15KV-1P-C
672646777,RECL-TRIPSAVER-100-80T-15KV-1P-C
669997463,RECL-TRIPSAVER-200-150E-15KV-1P-C
670813644,RECL-TRIPSAVER-100-80T-15KV-1P-C
675489446,RECL-TRIPSAVER-100-80T-15KV-1P-C
668448409,RECL-TRIPSAVER-200-150E-15KV-1P-C
669646035,RECL-TRIPSAVER-100-80T-29KV-1P-C
679251366,RECL-TRIPSAVER-100-80T-15KV-1P-C
695508029,RECL-TRIPSAVER-200-150E-15KV-1P-C
738782898,RECL-TRIPSAVER-200-100T-15KV-1P-C
744738506,RECL-TRIPSAVER-100-80T-29KV-1P-C
738551495,RECL-TRIPSAVER-100-80T-15KV-1P-C
757126785,RECL-TRIPSAVER-100-80T-15KV-1P-C
758904485,RECL-TRIPSAVER-200-150E-15KV-1P-C
757131611,RECL-TRIPSAVER-100-80T-15KV-1P-C
771932623,RECL-TRIPSAVER-100-80T-15KV-1P-C
774650544,RECL-TRIPSAVER-200-100T-15KV-1P-C
783049779,RECL-TRIPSAVER-200-100T-29KV-1P-C
659575615,RECL-TRIPSAVER-100-80T-15KV-1P-C
654083681,RECL-TRIPSAVER-200-100T-15KV-1P-C
650963082,RECL-TRIPSAVER-100-80T-15KV-1P-C
651074216,RECL-TRIPSAVER-100-80T-15KV-1P-C
651224121,RECL-TRIPSAVER-200-100T-15KV-1P-C
657733771,RECL-TRIPSAVER-100-80T-15KV-1P-C
652637583,RECL-TRIPSAVER-100-80T-29KV-1P-C
658348251,RECL-TRIPSAVER-100-80T-29KV-1P-C
653474793,RECL-TRIPSAVER-200-100T-15KV-1P-C
651434856,RECL-TRIPSAVER-200-150E-15KV-1P-C
652637764,RECL-TRIPSAVER-200-150E-15KV-1P-C
655994895,RECL-TRIPSAVER-100-80T-15KV-1P-C
653968623,RECL-TRIPSAVER-100-80T-15KV-1P-C
651001431,RECL-TRIPSAVER-100-80T-29KV-1P-C
654625676,RECL-TRIPSAVER-200-100T-15KV-1P-C
654913164,RECL-TRIPSAVER-100-80T-29KV-1P-C
669937008,RECL-TRIPSAVER-200-100T-15KV-1P-C
671156496,RECL-TRIPSAVER-200-100T-15KV-1P-C
670490965,RECL-TRIPSAVER-100-80T-15KV-1P-C
670692798,RECL-TRIPSAVER-100-80T-29KV-1P-C
674875251,RECL-TRIPSAVER-100-80T-15KV-1P-C
669709496,RECL-TRIPSAVER-200-100T-15KV-1P-C
671161058,RECL-TRIPSAVER-200-150E-15KV-1P-C
678799849,RECL-TRIPSAVER-100-80T-15KV-1P-C
679486910,RECL-TRIPSAVER-200-100T-15KV-1P-C
676803356,RECL-TRIPSAVER-200-150E-15KV-1P-C
675738569,RECL-TRIPSAVER-100-80T-15KV-1P-C
677147085,RECL-TRIPSAVER-100-80T-15KV-1P-C
671028653,RECL-TRIPSAVER-100-80T-15KV-1P-C
670753337,RECL-TRIPSAVER-100-80T-15KV-1P-C
677400243,RECL-TRIPSAVER-200-150E-15KV-1P-C
668666518,RECL-TRIPSAVER-100-80T-15KV-1P-C
671422935,RECL-TRIPSAVER-100-80T-15KV-1P-C
676228077,RECL-TRIPSAVER-100-80T-15KV-1P-C
674506237,RECL-TRIPSAVER-100-80T-15KV-1P-C
675523838,RECL-TRIPSAVER-100-80T-15KV-1P-C
674171097,RECL-TRIPSAVER-200-100T-15KV-1P-C
675390811,RECL-TRIPSAVER-100-80T-29KV-1P-C
671960291,RECL-TRIPSAVER-100-80T-15KV-1P-C
668705370,RECL-TRIPSAVER-100-80T-15KV-1P-C
675042818,RECL-TRIPSAVER-100-80T-15KV-1P-C
678628339,RECL-TRIPSAVER-200-100T-29KV-1P-C
671410347,RECL-TRIPSAVER-100-80T-15KV-1P-C
674695191,RECL-TRIPSAVER-100-80T-29KV-1P-C
671475312,RECL-TRIPSAVER-100-80T-15KV-1P-C
670620477,RECL-TRIPSAVER-200-100T-15KV-1P-C
673073029,RECL-TRIPSAVER-100-80T-29KV-1P-C
736889502,RECL-TRIPSAVER-100-80T-29KV-1P-C
767050133,RECL-TRIPSAVER-100-80T-15KV-1P-C
768037797,RECL-TRIPSAVER-100-80T-15KV-1P-C
768862248,RECL-TRIPSAVER-100-80T-15KV-1P-C
770030171,RECL-TRIPSAVER-100-80T-15KV-1P-C
771962546,RECL-TRIPSAVER-100-80T-15KV-1P-C
774358805,RECL-TRIPSAVER-200-150E-15KV-1P-C
766247465,RECL-TRIPSAVER-200-150E-15KV-1P-C
767339210,RECL-TRIPSAVER-100-80T-15KV-1P-C
781362007,RECL-TRIPSAVER-100-80T-15KV-1P-C
779872266,RECL-TRIPSAVER-100-80T-15KV-1P-C
779953847,RECL-TRIPSAVER-100-80T-15KV-1P-C
651447118,RECL-TRIPSAVER-200-100T-15KV-1P-C
652649653,RECL-TRIPSAVER-200-150E-15KV-1P-C
651189567,RECL-TRIPSAVER-200-100T-15KV-1P-C
652774383,RECL-TRIPSAVER-100-80T-29KV-1P-C
654886753,RECL-TRIPSAVER-200-100T-15KV-1P-C
652920571,RECL-TRIPSAVER-100-80T-15KV-1P-C
652804873,RECL-TRIPSAVER-200-150E-15KV-1P-C
651100699,RECL-TRIPSAVER-100-80T-15KV-1P-C
653946810,RECL-TRIPSAVER-200-100T-15KV-1P-C
651964863,RECL-TRIPSAVER-200-100T-15KV-1P-C
657163626,RECL-TRIPSAVER-100-80T-15KV-1P-C
654913100,RECL-TRIPSAVER-100-80T-29KV-1P-C
674711942,RECL-TRIPSAVER-200-150E-15KV-1P-C
669967187,RECL-TRIPSAVER-200-100T-15KV-1P-C
672238773,RECL-TRIPSAVER-100-80T-15KV-1P-C
671573293,RECL-TRIPSAVER-100-80T-15KV-1P-C
671126723,RECL-TRIPSAVER-100-80T-15KV-1P-C
676417151,RECL-TRIPSAVER-200-150E-15KV-1P-C
668911083,RECL-TRIPSAVER-200-150E-15KV-1P-C
677653573,RECL-TRIPSAVER-100-80T-15KV-1P-C
674506182,RECL-TRIPSAVER-100-80T-15KV-1P-C
676687370,RECL-TRIPSAVER-100-80T-15KV-1P-C
671049556,RECL-TRIPSAVER-100-80T-15KV-1P-C
672535518,RECL-TRIPSAVER-100-80T-15KV-1P-C
672612565,RECL-TRIPSAVER-200-100T-15KV-1P-C
673269594,RECL-TRIPSAVER-100-80T-15KV-1P-C
704181666,RECL-TRIPSAVER-200-100T-15KV-1P-C
738847170,RECL-TRIPSAVER-100-80T-15KV-1P-C
738014548,RECL-TRIPSAVER-100-80T-15KV-1P-C
785278276,RECL-TRIPSAVER-100-80T-15KV-1P-C
782955459,RECL-TRIPSAVER-100-80T-15KV-1P-C
566130352,RECL-TRIPSAVER-100-80T-15KV-1P-C
655212971,RECL-TRIPSAVER-100-80T-15KV-1P-C
653491717,RECL-TRIPSAVER-100-80T-15KV-1P-C
653934053,RECL-TRIPSAVER-200-100T-15KV-1P-C
653062044,RECL-TRIPSAVER-100-80T-15KV-1P-C
650966726,RECL-TRIPSAVER-200-100T-15KV-1P-C
654831918,RECL-TRIPSAVER-100-80T-15KV-1P-C
652877923,RECL-TRIPSAVER-100-80T-15KV-1P-C
656364182,RECL-TRIPSAVER-100-80T-15KV-1P-C
659043692,RECL-TRIPSAVER-100-80T-15KV-1P-C
650710275,RECL-TRIPSAVER-100-80T-15KV-1P-C
650930112,RECL-TRIPSAVER-200-100T-29KV-1P-C
657772953,RECL-TRIPSAVER-100-80T-15KV-1P-C
653347101,RECL-TRIPSAVER-200-150E-15KV-1P-C
659340173,RECL-TRIPSAVER-100-80T-15KV-1P-C
659340259,RECL-TRIPSAVER-200-100T-15KV-1P-C
653333577,RECL-TRIPSAVER-200-100T-15KV-1P-C
650925180,RECL-TRIPSAVER-100-80T-15KV-1P-C
657369405,RECL-TRIPSAVER-100-80T-15KV-1P-C
671319787,RECL-TRIPSAVER-200-100T-29KV-1P-C
682690178,RECL-TRIPSAVER-200-100T-15KV-1P-C
675111576,RECL-TRIPSAVER-200-100T-15KV-1P-C
670680155,RECL-TRIPSAVER-200-100T-15KV-1P-C
670692896,RECL-TRIPSAVER-200-100T-15KV-1P-C
669413459,RECL-TRIPSAVER-200-150E-15KV-1P-C
677185405,RECL-TRIPSAVER-200-100T-15KV-1P-C
675540954,RECL-TRIPSAVER-100-80T-29KV-1P-C
676803365,RECL-TRIPSAVER-200-150E-15KV-1P-C
670388226,RECL-TRIPSAVER-200-150E-29KV-1P-C
675738501,RECL-TRIPSAVER-100-80T-15KV-1P-C
668555217,RECL-TRIPSAVER-200-100T-15KV-1P-C
676417116,RECL-TRIPSAVER-100-80T-15KV-1P-C
679036094,RECL-TRIPSAVER-200-100T-15KV-1P-C
670834851,RECL-TRIPSAVER-200-100T-15KV-1P-C
677945452,RECL-TRIPSAVER-100-80T-29KV-1P-C
677147172,RECL-TRIPSAVER-100-80T-15KV-1P-C
673385539,RECL-TRIPSAVER-100-80T-29KV-1P-C
677623568,RECL-TRIPSAVER-200-100T-29KV-1P-C
670787846,RECL-TRIPSAVER-100-80T-29KV-1P-C
693725857,RECL-TRIPSAVER-100-80T-15KV-1P-C
695301728,RECL-TRIPSAVER-100-80T-15KV-1P-C
742651598,RECL-TRIPSAVER-100-80T-15KV-1P-C
741569568,RECL-TRIPSAVER-200-100T-15KV-1P-C
740560438,RECL-TRIPSAVER-200-100T-15KV-1P-C
740470560,RECL-TRIPSAVER-100-80T-15KV-1P-C
737206876,RECL-TRIPSAVER-100-80T-15KV-1P-C
737168295,RECL-TRIPSAVER-100-80T-15KV-1P-C
740835386,RECL-TRIPSAVER-200-150E-15KV-1P-C
737280004,RECL-TRIPSAVER-100-80T-15KV-1P-C
740754183,RECL-TRIPSAVER-100-80T-15KV-1P-C
769210019,RECL-TRIPSAVER-100-80T-15KV-1P-C
766552041,RECL-TRIPSAVER-200-100T-15KV-1P-C
564203698,RECL-TRIPSAVER-100-80T-15KV-1P-C
653912214,RECL-TRIPSAVER-100-80T-15KV-1P-C
658884537,RECL-TRIPSAVER-100-80T-15KV-1P-C
652057081,RECL-TRIPSAVER-200-150E-15KV-1P-C
659369776,RECL-TRIPSAVER-100-80T-15KV-1P-C
660305638,RECL-TRIPSAVER-200-100T-15KV-1P-C
652130649,RECL-TRIPSAVER-200-150E-15KV-1P-C
652422799,RECL-TRIPSAVER-100-80T-29KV-1P-C
654024141,RECL-TRIPSAVER-100-80T-15KV-1P-C
653410631,RECL-TRIPSAVER-100-80T-15KV-1P-C
651135087,RECL-TRIPSAVER-200-100T-29KV-1P-C
657021211,RECL-TRIPSAVER-100-80T-15KV-1P-C
653504614,RECL-TRIPSAVER-100-80T-29KV-1P-C
655355124,RECL-TRIPSAVER-100-80T-15KV-1P-C
659361512,RECL-TRIPSAVER-200-100T-15KV-1P-C
650907950,RECL-TRIPSAVER-100-80T-15KV-1P-C
652470037,RECL-TRIPSAVER-200-100T-15KV-1P-C
669713759,RECL-TRIPSAVER-200-100T-15KV-1P-C
675682452,RECL-TRIPSAVER-100-80T-15KV-1P-C
678598057,RECL-TRIPSAVER-200-100T-15KV-1P-C
672385265,RECL-TRIPSAVER-100-80T-15KV-1P-C
672397663,RECL-TRIPSAVER-200-150E-29KV-1P-C
670692887,RECL-TRIPSAVER-200-150E-15KV-1P-C
672788404,RECL-TRIPSAVER-200-150E-15KV-1P-C
668563352,RECL-TRIPSAVER-200-150E-15KV-1P-C
670766911,RECL-TRIPSAVER-100-80T-15KV-1P-C
671903910,RECL-TRIPSAVER-100-80T-15KV-1P-C
672514223,RECL-TRIPSAVER-100-80T-29KV-1P-C
674338771,RECL-TRIPSAVER-100-80T-15KV-1P-C
677825578,RECL-TRIPSAVER-200-100T-15KV-1P-C
668967060,RECL-TRIPSAVER-200-100T-15KV-1P-C
671710934,RECL-TRIPSAVER-100-80T-29KV-1P-C
668924433,RECL-TRIPSAVER-100-80T-29KV-1P-C
669907191,RECL-TRIPSAVER-100-80T-15KV-1P-C
672706965,RECL-TRIPSAVER-100-80T-15KV-1P-C
676026214,RECL-TRIPSAVER-200-100T-15KV-1P-C
677615896,RECL-TRIPSAVER-200-150E-15KV-1P-C
668782303,RECL-TRIPSAVER-200-150E-29KV-1P-C
671479183,RECL-TRIPSAVER-100-80T-15KV-1P-C
671732382,RECL-TRIPSAVER-200-100T-15KV-1P-C
669263274,RECL-TRIPSAVER-100-80T-15KV-1P-C
671500916,RECL-TRIPSAVER-100-80T-15KV-1P-C
679542858,RECL-TRIPSAVER-100-80T-15KV-1P-C
699531378,RECL-TRIPSAVER-100-80T-15KV-1P-C
699531380,RECL-TRIPSAVER-100-80T-15KV-1P-C
737945471,RECL-TRIPSAVER-100-80T-15KV-1P-C
742329728,RECL-TRIPSAVER-100-80T-15KV-1P-C
769772529,RECL-TRIPSAVER-100-80T-15KV-1P-C
768321202,RECL-TRIPSAVER-100-80T-15KV-1P-C
767294906,RECL-TRIPSAVER-100-80T-15KV-1P-C
782422637,RECL-TRIPSAVER-100-80T-15KV-1P-C
781473845,RECL-TRIPSAVER-200-150E-15KV-1P-C
780666544,RECL-TRIPSAVER-100-80T-15KV-1P-C
394524138,RECL-TRIPSAVER-100-80T-15KV-1P-C
564924340,RECL-TRIPSAVER-100-80T-15KV-1P-C
654272521,RECL-TRIPSAVER-200-150E-15KV-1P-C
650851285,RECL-TRIPSAVER-200-150E-15KV-1P-C
659464028,RECL-TRIPSAVER-100-80T-29KV-1P-C
651202549,RECL-TRIPSAVER-100-80T-15KV-1P-C
653104898,RECL-TRIPSAVER-200-100T-15KV-1P-C
660116642,RECL-TRIPSAVER-200-100T-15KV-1P-C
652804907,RECL-TRIPSAVER-100-80T-15KV-1P-C
652422831,RECL-TRIPSAVER-100-80T-29KV-1P-C
651238422,RECL-TRIPSAVER-200-150E-15KV-1P-C
657369432,RECL-TRIPSAVER-100-80T-15KV-1P-C
650840137,RECL-TRIPSAVER-200-100T-15KV-1P-C
669443191,RECL-TRIPSAVER-100-80T-15KV-1P-C
668666201,RECL-TRIPSAVER-100-80T-29KV-1P-C
673153262,RECL-TRIPSAVER-100-80T-15KV-1P-C
674497597,RECL-TRIPSAVER-100-80T-29KV-1P-C
676266476,RECL-TRIPSAVER-100-80T-29KV-1P-C
673423877,RECL-TRIPSAVER-100-80T-15KV-1P-C
671646534,RECL-TRIPSAVER-100-80T-29KV-1P-C
669937273,RECL-TRIPSAVER-200-100T-29KV-1P-C
670899169,RECL-TRIPSAVER-100-80T-15KV-1P-C
672307584,RECL-TRIPSAVER-100-80T-15KV-1P-C
668971542,RECL-TRIPSAVER-100-80T-15KV-1P-C
674506298,RECL-TRIPSAVER-100-80T-15KV-1P-C
673754883,RECL-TRIPSAVER-100-80T-15KV-1P-C
672415178,RECL-TRIPSAVER-100-80T-15KV-1P-C
673978094,RECL-TRIPSAVER-100-80T-15KV-1P-C
671281922,RECL-TRIPSAVER-100-80T-15KV-1P-C
672419691,RECL-TRIPSAVER-100-80T-15KV-1P-C
674815548,RECL-TRIPSAVER-100-80T-15KV-1P-C
700334380,RECL-TRIPSAVER-100-80T-15KV-1P-C
743875401,RECL-TRIPSAVER-100-80T-15KV-1P-C
741251771,RECL-TRIPSAVER-100-80T-15KV-1P-C
740955484,RECL-TRIPSAVER-100-80T-15KV-1P-C
742213657,RECL-TRIPSAVER-200-150E-15KV-1P-C
744790010,RECL-TRIPSAVER-100-80T-15KV-1P-C
743750979,RECL-TRIPSAVER-100-80T-15KV-1P-C
771644690,RECL-TRIPSAVER-100-80T-15KV-1P-C
768127956,RECL-TRIPSAVER-200-150E-15KV-1P-C
766002401,RECL-TRIPSAVER-200-100T-15KV-1P-C
772997629,RECL-TRIPSAVER-200-100T-15KV-1P-C
768059319,RECL-TRIPSAVER-100-80T-15KV-1P-C
779365307,RECL-TRIPSAVER-200-150E-29KV-1P-C
783049779,RECL-TRIPSAVER-200-100T-29KV-1P-C
655376105,RECL-TRIPSAVER-100-80T-15KV-1P-C
650824690,RECL-TRIPSAVER-200-150E-15KV-1P-C
659464065,RECL-TRIPSAVER-100-80T-29KV-1P-C
659464144,RECL-TRIPSAVER-100-80T-29KV-1P-C
655925918,RECL-TRIPSAVER-200-100T-15KV-1P-C
654762552,RECL-TRIPSAVER-100-80T-15KV-1P-C
658562482,RECL-TRIPSAVER-100-80T-15KV-1P-C
659635900,RECL-TRIPSAVER-100-80T-15KV-1P-C
652487053,RECL-TRIPSAVER-200-100T-15KV-1P-C
655642778,RECL-TRIPSAVER-200-100T-29KV-1P-C
654663783,RECL-TRIPSAVER-100-80T-15KV-1P-C
659155595,RECL-TRIPSAVER-200-100T-15KV-1P-C
659790707,RECL-TRIPSAVER-200-150E-15KV-1P-C
655076714,RECL-TRIPSAVER-100-80T-15KV-1P-C
655222319,RECL-TRIPSAVER-100-80T-15KV-1P-C
658764948,RECL-TRIPSAVER-100-80T-15KV-1P-C
650706505,RECL-TRIPSAVER-100-80T-15KV-1P-C
669795652,RECL-TRIPSAVER-100-80T-29KV-1P-C
668910859,RECL-TRIPSAVER-200-100T-15KV-1P-C
674969684,RECL-TRIPSAVER-200-100T-29KV-1P-C
679018818,RECL-TRIPSAVER-100-80T-15KV-1P-C
671933950,RECL-TRIPSAVER-100-80T-15KV-1P-C
669739853,RECL-TRIPSAVER-200-150E-15KV-1P-C
669353333,RECL-TRIPSAVER-100-80T-15KV-1P-C
675248845,RECL-TRIPSAVER-100-80T-15KV-1P-C
670753368,RECL-TRIPSAVER-100-80T-15KV-1P-C
669087516,RECL-TRIPSAVER-200-100T-15KV-1P-C
669701623,RECL-TRIPSAVER-100-80T-15KV-1P-C
678593976,RECL-TRIPSAVER-200-100T-29KV-1P-C
673617169,RECL-TRIPSAVER-100-80T-15KV-1P-C
674574870,RECL-TRIPSAVER-200-100T-15KV-1P-C
680869650,RECL-TRIPSAVER-100-80T-29KV-1P-C
670620549,RECL-TRIPSAVER-100-80T-15KV-1P-C
672994982,RECL-TRIPSAVER-100-80T-15KV-1P-C
679251340,RECL-TRIPSAVER-200-100T-15KV-1P-C
696070389,RECL-TRIPSAVER-100-80T-29KV-1P-C
703962674,RECL-TRIPSAVER-100-80T-15KV-1P-C
699587326,RECL-TRIPSAVER-100-80T-29KV-1P-C
741278170,RECL-TRIPSAVER-100-80T-15KV-1P-C
772748291,RECL-TRIPSAVER-100-80T-15KV-1P-C
772301947,RECL-TRIPSAVER-100-80T-15KV-1P-C
779615117,RECL-TRIPSAVER-100-80T-15KV-1P-C
837815399,RECL-TRIPSAVER-100-80T-15KV-1P-C
565812926,RECL-TRIPSAVER-200-150E-15KV-1P-C
564203658,RECL-TRIPSAVER-200-100T-15KV-1P-C
564924325,RECL-TRIPSAVER-200-100T-15KV-1P-C
659464204,RECL-TRIPSAVER-100-80T-29KV-1P-C
659464228,RECL-TRIPSAVER-100-80T-29KV-1P-C
653912250,RECL-TRIPSAVER-100-80T-15KV-1P-C
652912259,RECL-TRIPSAVER-100-80T-15KV-1P-C
652616049,RECL-TRIPSAVER-200-100T-15KV-1P-C
655909620,RECL-TRIPSAVER-200-100T-15KV-1P-C
656917836,RECL-TRIPSAVER-100-80T-29KV-1P-C
650842494,RECL-TRIPSAVER-200-150E-15KV-1P-C
659678887,RECL-TRIPSAVER-100-80T-15KV-1P-C
650748935,RECL-TRIPSAVER-100-80T-15KV-1P-C
657163303,RECL-TRIPSAVER-100-80T-15KV-1P-C
657258075,RECL-TRIPSAVER-100-80T-15KV-1P-C
654286907,RECL-TRIPSAVER-100-80T-15KV-1P-C
670679889,RECL-TRIPSAVER-100-80T-15KV-1P-C
670525376,RECL-TRIPSAVER-100-80T-15KV-1P-C
674377040,RECL-TRIPSAVER-100-80T-15KV-1P-C
675347609,RECL-TRIPSAVER-200-100T-29KV-1P-C
676129456,RECL-TRIPSAVER-100-80T-15KV-1P-C
673380942,RECL-TRIPSAVER-200-150E-15KV-1P-C
673260677,RECL-TRIPSAVER-100-80T-15KV-1P-C
676601489,RECL-TRIPSAVER-200-100T-15KV-1P-C
670946331,RECL-TRIPSAVER-100-80T-15KV-1P-C
669100049,RECL-TRIPSAVER-200-100T-15KV-1P-C
677147110,RECL-TRIPSAVER-200-100T-15KV-1P-C
680830931,RECL-TRIPSAVER-200-100T-15KV-1P-C
677584747,RECL-TRIPSAVER-100-80T-15KV-1P-C
672307575,RECL-TRIPSAVER-100-80T-15KV-1P-C
677112488,RECL-TRIPSAVER-200-100T-15KV-1P-C
670607194,RECL-TRIPSAVER-100-80T-15KV-1P-C
671298733,RECL-TRIPSAVER-100-80T-15KV-1P-C
677125828,RECL-TRIPSAVER-100-80T-29KV-1P-C
673879207,RECL-TRIPSAVER-100-80T-15KV-1P-C
669542398,RECL-TRIPSAVER-200-150E-29KV-1P-C
672415176,RECL-TRIPSAVER-100-80T-15KV-1P-C
678246130,RECL-TRIPSAVER-200-100T-15KV-1P-C
673978043,RECL-TRIPSAVER-200-150E-29KV-1P-C
672612637,RECL-TRIPSAVER-100-80T-15KV-1P-C
671385564,RECL-TRIPSAVER-200-100T-15KV-1P-C
671217362,RECL-TRIPSAVER-100-80T-29KV-1P-C
669646009,RECL-TRIPSAVER-100-80T-29KV-1P-C
738315164,RECL-TRIPSAVER-200-150E-15KV-1P-C
736837703,RECL-TRIPSAVER-200-100T-15KV-1P-C
767282028,RECL-TRIPSAVER-200-100T-29KV-1P-C
768930898,RECL-TRIPSAVER-100-80T-15KV-1P-C
771194089,RECL-TRIPSAVER-200-100T-15KV-1P-C
781671174,RECL-TRIPSAVER-100-80T-15KV-1P-C
787313548,RECL-TRIPSAVER-100-80T-15KV-1P-C
652915812,RECL-TRIPSAVER-100-80T-15KV-1P-C
655212946,RECL-TRIPSAVER-100-80T-15KV-1P-C
659425470,RECL-TRIPSAVER-100-80T-29KV-1P-C
659464081,RECL-TRIPSAVER-100-80T-29KV-1P-C
652740058,RECL-TRIPSAVER-200-150E-15KV-1P-C
656174936,RECL-TRIPSAVER-200-100T-15KV-1P-C
656901517,RECL-TRIPSAVER-100-80T-15KV-1P-C
652576966,RECL-TRIPSAVER-100-80T-15KV-1P-C
656557236,RECL-TRIPSAVER-200-100T-15KV-1P-C
653934685,RECL-TRIPSAVER-100-80T-15KV-1P-C
650727201,RECL-TRIPSAVER-200-100T-15KV-1P-C
654273852,RECL-TRIPSAVER-200-150E-29KV-1P-C
659747723,RECL-TRIPSAVER-100-80T-29KV-1P-C
650736543,RECL-TRIPSAVER-100-80T-15KV-1P-C
659451872,RECL-TRIPSAVER-100-80T-15KV-1P-C
658391409,RECL-TRIPSAVER-100-80T-15KV-1P-C
660374711,RECL-TRIPSAVER-200-150E-15KV-1P-C
669795705,RECL-TRIPSAVER-100-80T-15KV-1P-C
669709528,RECL-TRIPSAVER-200-100T-15KV-1P-C
668662827,RECL-TRIPSAVER-100-80T-15KV-1P-C
676631651,RECL-TRIPSAVER-100-80T-15KV-1P-C
677863935,RECL-TRIPSAVER-100-80T-15KV-1P-C
669186925,RECL-TRIPSAVER-100-80T-15KV-1P-C
672307659,RECL-TRIPSAVER-100-80T-15KV-1P-C
674291658,RECL-TRIPSAVER-100-80T-15KV-1P-C
677821517,RECL-TRIPSAVER-100-80T-15KV-1P-C
674858202,RECL-TRIPSAVER-100-80T-15KV-1P-C
675979143,RECL-TRIPSAVER-100-80T-29KV-1P-C
675979170,RECL-TRIPSAVER-100-80T-29KV-1P-C
671143946,RECL-TRIPSAVER-100-80T-15KV-1P-C
671964245,RECL-TRIPSAVER-200-150E-15KV-1P-C
674003934,RECL-TRIPSAVER-100-80T-15KV-1P-C
674815539,RECL-TRIPSAVER-100-80T-15KV-1P-C
669976708,RECL-TRIPSAVER-100-80T-15KV-1P-C
674471596,RECL-TRIPSAVER-100-80T-29KV-1P-C
671475321,RECL-TRIPSAVER-100-80T-15KV-1P-C
694065468,RECL-TRIPSAVER-100-80T-29KV-1P-C
736317969,RECL-TRIPSAVER-100-80T-15KV-1P-C
737498978,RECL-TRIPSAVER-100-80T-15KV-1P-C
742647437,RECL-TRIPSAVER-100-80T-15KV-1P-C
767969092,RECL-TRIPSAVER-100-80T-15KV-1P-C
766500617,RECL-TRIPSAVER-100-80T-15KV-1P-C
786849737,RECL-TRIPSAVER-100-80T-15KV-1P-C
571907407,RECL-TRIPSAVER-100-80T-15KV-1P-C
566297603,RECL-TRIPSAVER-100-80T-15KV-1P-C
655380383,RECL-TRIPSAVER-100-80T-15KV-1P-C
651447203,RECL-TRIPSAVER-200-100T-15KV-1P-C
651301837,RECL-TRIPSAVER-100-80T-15KV-1P-C
655926071,RECL-TRIPSAVER-100-80T-15KV-1P-C
660305603,RECL-TRIPSAVER-100-80T-15KV-1P-C
652065861,RECL-TRIPSAVER-100-80T-29KV-1P-C
650791893,RECL-TRIPSAVER-100-80T-15KV-1P-C
650687746,RECL-TRIPSAVER-200-100T-15KV-1P-C
656922213,RECL-TRIPSAVER-200-100T-29KV-1P-C
650709664,RECL-TRIPSAVER-100-80T-15KV-1P-C
655960665,RECL-TRIPSAVER-200-150E-15KV-1P-C
657072529,RECL-TRIPSAVER-100-80T-29KV-1P-C
651619817,RECL-TRIPSAVER-100-80T-15KV-1P-C
650736576,RECL-TRIPSAVER-200-100T-15KV-1P-C
651542846,RECL-TRIPSAVER-200-150E-15KV-1P-C
658238600,RECL-TRIPSAVER-100-80T-15KV-1P-C
659795000,RECL-TRIPSAVER-100-80T-29KV-1P-C
650925199,RECL-TRIPSAVER-100-80T-15KV-1P-C
659143004,RECL-TRIPSAVER-200-150E-15KV-1P-C
670967593,RECL-TRIPSAVER-100-80T-15KV-1P-C
669666494,RECL-TRIPSAVER-200-100T-29KV-1P-C
669816945,RECL-TRIPSAVER-100-80T-29KV-1P-C
676876147,RECL-TRIPSAVER-200-150E-15KV-1P-C
675128523,RECL-TRIPSAVER-200-100T-29KV-1P-C
673767322,RECL-TRIPSAVER-100-80T-15KV-1P-C
678598027,RECL-TRIPSAVER-200-100T-15KV-1P-C
669619450,RECL-TRIPSAVER-100-80T-15KV-1P-C
679851854,RECL-TRIPSAVER-100-80T-15KV-1P-C
679499759,RECL-TRIPSAVER-200-150E-15KV-1P-C
670856190,RECL-TRIPSAVER-200-150E-15KV-1P-C
673419613,RECL-TRIPSAVER-100-80T-15KV-1P-C
671354372,RECL-TRIPSAVER-100-80T-15KV-1P-C
676906947,RECL-TRIPSAVER-100-80T-29KV-1P-C
671573301,RECL-TRIPSAVER-200-100T-15KV-1P-C
675729775,RECL-TRIPSAVER-100-80T-15KV-1P-C
671092301,RECL-TRIPSAVER-200-100T-15KV-1P-C
677812327,RECL-TRIPSAVER-200-100T-15KV-1P-C
677924193,RECL-TRIPSAVER-200-150E-15KV-1P-C
671101224,RECL-TRIPSAVER-100-80T-15KV-1P-C
669799958,RECL-TRIPSAVER-200-100T-15KV-1P-C
668911118,RECL-TRIPSAVER-200-100T-15KV-1P-C
669121557,RECL-TRIPSAVER-200-150E-15KV-1P-C
673385481,RECL-TRIPSAVER-200-100T-15KV-1P-C
670624390,RECL-TRIPSAVER-100-80T-15KV-1P-C
674815311,RECL-TRIPSAVER-100-80T-15KV-1P-C
668782293,RECL-TRIPSAVER-100-80T-29KV-1P-C
669542418,RECL-TRIPSAVER-100-80T-29KV-1P-C
674755118,RECL-TRIPSAVER-100-80T-29KV-1P-C
676837703,RECL-TRIPSAVER-200-100T-29KV-1P-C
678430711,RECL-TRIPSAVER-200-100T-15KV-1P-C
671891178,RECL-TRIPSAVER-200-100T-15KV-1P-C
673578887,RECL-TRIPSAVER-100-80T-15KV-1P-C
677396401,RECL-TRIPSAVER-200-100T-15KV-1P-C
678228998,RECL-TRIPSAVER-100-80T-15KV-1P-C
673106811,RECL-TRIPSAVER-200-100T-15KV-1P-C
670045322,RECL-TRIPSAVER-100-80T-29KV-1P-C
698681083,RECL-TRIPSAVER-200-100T-15KV-1P-C
770919042,RECL-TRIPSAVER-100-80T-15KV-1P-C
772920221,RECL-TRIPSAVER-100-80T-15KV-1P-C
786587918,RECL-TRIPSAVER-100-80T-15KV-1P-C
651447180,RECL-TRIPSAVER-200-100T-15KV-1P-C
652774339,RECL-TRIPSAVER-100-80T-29KV-1P-C
652801007,RECL-TRIPSAVER-100-80T-29KV-1P-C
656724634,RECL-TRIPSAVER-200-150E-15KV-1P-C
650820596,RECL-TRIPSAVER-200-100T-15KV-1P-C
657772625,RECL-TRIPSAVER-200-100T-15KV-1P-C
657888348,RECL-TRIPSAVER-200-150E-15KV-1P-C
655501091,RECL-TRIPSAVER-100-80T-15KV-1P-C
651331791,RECL-TRIPSAVER-100-80T-29KV-1P-C
654496537,RECL-TRIPSAVER-100-80T-15KV-1P-C
657103375,RECL-TRIPSAVER-100-80T-15KV-1P-C
661911688,RECL-TRIPSAVER-200-100T-15KV-1P-C
654475396,RECL-TRIPSAVER-100-80T-15KV-1P-C
669421739,RECL-TRIPSAVER-100-80T-15KV-1P-C
670306297,RECL-TRIPSAVER-200-150E-15KV-1P-C
670456599,RECL-TRIPSAVER-100-80T-15KV-1P-C
670680148,RECL-TRIPSAVER-100-80T-15KV-1P-C
673694486,RECL-TRIPSAVER-100-80T-29KV-1P-C
677129631,RECL-TRIPSAVER-200-100T-29KV-1P-C
669207246,RECL-TRIPSAVER-100-80T-29KV-1P-C
669207339,RECL-TRIPSAVER-100-80T-29KV-1P-C
671573357,RECL-TRIPSAVER-100-80T-15KV-1P-C
673149168,RECL-TRIPSAVER-100-80T-15KV-1P-C
673935063,RECL-TRIPSAVER-100-80T-15KV-1P-C
675296116,RECL-TRIPSAVER-100-80T-29KV-1P-C
672080466,RECL-TRIPSAVER-200-150E-15KV-1P-C
677451721,RECL-TRIPSAVER-100-80T-29KV-1P-C
674763947,RECL-TRIPSAVER-100-80T-15KV-1P-C
674952773,RECL-TRIPSAVER-200-150E-29KV-1P-C
674858205,RECL-TRIPSAVER-100-80T-15KV-1P-C
671427671,RECL-TRIPSAVER-200-100T-15KV-1P-C
676657414,RECL-TRIPSAVER-200-100T-29KV-1P-C
680457520,RECL-TRIPSAVER-100-80T-29KV-1P-C
677688452,RECL-TRIPSAVER-100-80T-29KV-1P-C
670371861,RECL-TRIPSAVER-200-100T-15KV-1P-C
700162489,RECL-TRIPSAVER-100-80T-15KV-1P-C
699467023,RECL-TRIPSAVER-100-80T-15KV-1P-C
694812301,RECL-TRIPSAVER-100-80T-15KV-1P-C
738267910,RECL-TRIPSAVER-100-80T-15KV-1P-C
741548188,RECL-TRIPSAVER-100-80T-15KV-1P-C
738727124,RECL-TRIPSAVER-100-80T-15KV-1P-C
752549712,RECL-TRIPSAVER-100-80T-15KV-1P-C
771932623,RECL-TRIPSAVER-100-80T-15KV-1P-C
765942446,RECL-TRIPSAVER-100-80T-15KV-1P-C
765989544,RECL-TRIPSAVER-100-80T-15KV-1P-C
775020103,RECL-TRIPSAVER-100-80T-15KV-1P-C
767608700,RECL-TRIPSAVER-100-80T-29KV-1P-C
789666827,RECL-TRIPSAVER-200-150E-15KV-1P-C
565232755,RECL-TRIPSAVER-200-150E-15KV-1P-C
565232772,RECL-TRIPSAVER-200-150E-15KV-1P-C
565066317,RECL-TRIPSAVER-200-100T-15KV-1P-C
659464099,RECL-TRIPSAVER-100-80T-29KV-1P-C
658446417,RECL-TRIPSAVER-200-150E-15KV-1P-C
651005364,RECL-TRIPSAVER-200-150E-15KV-1P-C
654831936,RECL-TRIPSAVER-100-80T-15KV-1P-C
656698830,RECL-TRIPSAVER-100-80T-29KV-1P-C
654221294,RECL-TRIPSAVER-200-100T-15KV-1P-C
652220907,RECL-TRIPSAVER-100-80T-15KV-1P-C
652517037,RECL-TRIPSAVER-100-80T-15KV-1P-C
653289779,RECL-TRIPSAVER-100-80T-15KV-1P-C
657021183,RECL-TRIPSAVER-100-80T-15KV-1P-C
658648535,RECL-TRIPSAVER-100-80T-15KV-1P-C
653912783,RECL-TRIPSAVER-100-80T-15KV-1P-C
659266779,RECL-TRIPSAVER-100-80T-15KV-1P-C
658751764,RECL-TRIPSAVER-100-80T-15KV-1P-C
652813509,RECL-TRIPSAVER-200-150E-15KV-1P-C
651023963,RECL-TRIPSAVER-100-80T-15KV-1P-C
669610654,RECL-TRIPSAVER-100-80T-15KV-1P-C
672122663,RECL-TRIPSAVER-100-80T-15KV-1P-C
669262915,RECL-TRIPSAVER-100-80T-29KV-1P-C
671560273,RECL-TRIPSAVER-100-80T-15KV-1P-C
675540939,RECL-TRIPSAVER-100-80T-29KV-1P-C
676257886,RECL-TRIPSAVER-200-150E-15KV-1P-C
673467082,RECL-TRIPSAVER-100-80T-15KV-1P-C
675961646,RECL-TRIPSAVER-200-150E-29KV-1P-C
677147103,RECL-TRIPSAVER-200-100T-15KV-1P-C
670418418,RECL-TRIPSAVER-200-100T-29KV-1P-C
675772817,RECL-TRIPSAVER-200-150E-15KV-1P-C
672603784,RECL-TRIPSAVER-200-150E-15KV-1P-C
676026185,RECL-TRIPSAVER-100-80T-15KV-1P-C
670396777,RECL-TRIPSAVER-100-80T-15KV-1P-C
673510031,RECL-TRIPSAVER-100-80T-15KV-1P-C
670839382,RECL-TRIPSAVER-100-80T-15KV-1P-C
680916776,RECL-TRIPSAVER-200-150E-15KV-1P-C
669663171,RECL-TRIPSAVER-100-80T-29KV-1P-C
675115942,RECL-TRIPSAVER-100-80T-29KV-1P-C
669645993,RECL-TRIPSAVER-100-80T-29KV-1P-C
700544663,RECL-TRIPSAVER-100-80T-15KV-1P-C
741569538,RECL-TRIPSAVER-100-80T-15KV-1P-C
741565492,RECL-TRIPSAVER-100-80T-15KV-1P-C
738332257,RECL-TRIPSAVER-100-80T-15KV-1P-C
767629921,RECL-TRIPSAVER-200-100T-15KV-1P-C
780891532,RECL-TRIPSAVER-100-80T-15KV-1P-C
569380703,RECL-TRIPSAVER-200-100T-15KV-1P-C
657918370,RECL-TRIPSAVER-100-80T-15KV-1P-C
660357223,RECL-TRIPSAVER-100-80T-29KV-1P-C
660357257,RECL-TRIPSAVER-200-100T-29KV-1P-C
655539488,RECL-TRIPSAVER-100-80T-15KV-1P-C
659863337,RECL-TRIPSAVER-200-100T-15KV-1P-C
656901535,RECL-TRIPSAVER-200-100T-15KV-1P-C
650778013,RECL-TRIPSAVER-200-150E-15KV-1P-C
658562510,RECL-TRIPSAVER-100-80T-15KV-1P-C
651216064,RECL-TRIPSAVER-100-80T-29KV-1P-C
653015711,RECL-TRIPSAVER-100-80T-15KV-1P-C
659747770,RECL-TRIPSAVER-200-150E-29KV-1P-C
654951521,RECL-TRIPSAVER-100-80T-15KV-1P-C
660748036,RECL-TRIPSAVER-100-80T-15KV-1P-C
650788931,RECL-TRIPSAVER-100-80T-15KV-1P-C
668756451,RECL-TRIPSAVER-100-80T-15KV-1P-C
670976198,RECL-TRIPSAVER-200-100T-15KV-1P-C
675347537,RECL-TRIPSAVER-100-80T-29KV-1P-C
676635689,RECL-TRIPSAVER-100-80T-29KV-1P-C
673380920,RECL-TRIPSAVER-200-150E-15KV-1P-C
668846533,RECL-TRIPSAVER-100-80T-15KV-1P-C
671019440,RECL-TRIPSAVER-100-80T-15KV-1P-C
671101170,RECL-TRIPSAVER-100-80T-15KV-1P-C
673316679,RECL-TRIPSAVER-100-80T-15KV-1P-C
680830921,RECL-TRIPSAVER-100-80T-15KV-1P-C
672440939,RECL-TRIPSAVER-200-150E-15KV-1P-C
673385520,RECL-TRIPSAVER-100-80T-29KV-1P-C
674815362,RECL-TRIPSAVER-200-100T-15KV-1P-C
668782299,RECL-TRIPSAVER-100-80T-29KV-1P-C
678593908,RECL-TRIPSAVER-100-80T-29KV-1P-C
670358171,RECL-TRIPSAVER-100-80T-15KV-1P-C
678572453,RECL-TRIPSAVER-100-80T-15KV-1P-C
681204585,RECL-TRIPSAVER-200-150E-15KV-1P-C
668559095,RECL-TRIPSAVER-100-80T-15KV-1P-C
670405551,RECL-TRIPSAVER-100-80T-29KV-1P-C
675115937,RECL-TRIPSAVER-100-80T-29KV-1P-C
680204222,RECL-TRIPSAVER-100-80T-29KV-1P-C
678843124,RECL-TRIPSAVER-100-80T-29KV-1P-C
698608076,RECL-TRIPSAVER-200-100T-15KV-1P-C
695048444,RECL-TRIPSAVER-100-80T-29KV-1P-C
737481765,RECL-TRIPSAVER-100-80T-15KV-1P-C
753433966,RECL-TRIPSAVER-200-100T-15KV-1P-C
767411226,RECL-TRIPSAVER-200-100T-15KV-1P-C
782087806,RECL-TRIPSAVER-100-80T-29KV-1P-C
785209518,RECL-TRIPSAVER-100-80T-15KV-1P-C
571907555,RECL-TRIPSAVER-100-80T-15KV-1P-C
656492808,RECL-TRIPSAVER-200-100T-15KV-1P-C
660357238,RECL-TRIPSAVER-100-80T-29KV-1P-C
654770907,RECL-TRIPSAVER-100-80T-15KV-1P-C
652422808,RECL-TRIPSAVER-100-80T-29KV-1P-C
659043656,RECL-TRIPSAVER-100-80T-15KV-1P-C
656282757,RECL-TRIPSAVER-100-80T-15KV-1P-C
653912816,RECL-TRIPSAVER-200-150E-15KV-1P-C
655355141,RECL-TRIPSAVER-100-80T-15KV-1P-C
657802953,RECL-TRIPSAVER-200-100T-15KV-1P-C
650706475,RECL-TRIPSAVER-200-100T-15KV-1P-C
653745590,RECL-TRIPSAVER-200-100T-29KV-1P-C
659893721,RECL-TRIPSAVER-100-80T-15KV-1P-C
678018306,RECL-TRIPSAVER-200-150E-15KV-1P-C
669971592,RECL-TRIPSAVER-100-80T-15KV-1P-C
669099994,RECL-TRIPSAVER-100-80T-15KV-1P-C
671354362,RECL-TRIPSAVER-100-80T-15KV-1P-C
678353399,RECL-TRIPSAVER-100-80T-29KV-1P-C
668795649,RECL-TRIPSAVER-100-80T-15KV-1P-C
673415297,RECL-TRIPSAVER-100-80T-29KV-1P-C
673162062,RECL-TRIPSAVER-200-100T-29KV-1P-C
670569171,RECL-TRIPSAVER-100-80T-29KV-1P-C
675580058,RECL-TRIPSAVER-100-80T-15KV-1P-C
670787835,RECL-TRIPSAVER-100-80T-29KV-1P-C
672904949,RECL-TRIPSAVER-200-150E-15KV-1P-C
671869687,RECL-TRIPSAVER-100-80T-15KV-1P-C
677250147,RECL-TRIPSAVER-100-80T-29KV-1P-C
692914268,RECL-TRIPSAVER-100-80T-29KV-1P-C
742630142,RECL-TRIPSAVER-100-80T-15KV-1P-C
766393301,RECL-TRIPSAVER-100-80T-15KV-1P-C
766454007,RECL-TRIPSAVER-100-80T-15KV-1P-C
566366900,RECL-TRIPSAVER-200-100T-15KV-1P-C
651782099,RECL-TRIPSAVER-100-80T-15KV-1P-C
653491706,RECL-TRIPSAVER-200-100T-15KV-1P-C
657733771,RECL-TRIPSAVER-100-80T-15KV-1P-C
658180339,RECL-TRIPSAVER-100-80T-15KV-1P-C
652847288,RECL-TRIPSAVER-200-150E-15KV-1P-C
654187791,RECL-TRIPSAVER-100-80T-15KV-1P-C
654732671,RECL-TRIPSAVER-100-80T-29KV-1P-C
663886818,RECL-TRIPSAVER-200-150E-29KV-1P-C
654582627,RECL-TRIPSAVER-100-80T-15KV-1P-C
675673881,RECL-TRIPSAVER-200-150E-15KV-1P-C
668910840,RECL-TRIPSAVER-200-100T-15KV-1P-C
672385272,RECL-TRIPSAVER-100-80T-15KV-1P-C
669808559,RECL-TRIPSAVER-100-80T-15KV-1P-C
673453941,RECL-TRIPSAVER-100-80T-29KV-1P-C
675626907,RECL-TRIPSAVER-200-150E-29KV-1P-C
672514206,RECL-TRIPSAVER-100-80T-29KV-1P-C
674317020,RECL-TRIPSAVER-200-100T-15KV-1P-C
669937262,RECL-TRIPSAVER-200-150E-29KV-1P-C
671126713,RECL-TRIPSAVER-100-80T-15KV-1P-C
673844849,RECL-TRIPSAVER-100-80T-29KV-1P-C
678456571,RECL-TRIPSAVER-100-80T-15KV-1P-C
669121603,RECL-TRIPSAVER-200-100T-15KV-1P-C
675390782,RECL-TRIPSAVER-100-80T-29KV-1P-C
677906855,RECL-TRIPSAVER-100-80T-29KV-1P-C
677906865,RECL-TRIPSAVER-200-100T-29KV-1P-C
673385537,RECL-TRIPSAVER-100-80T-29KV-1P-C
677125816,RECL-TRIPSAVER-100-80T-29KV-1P-C
672758521,RECL-TRIPSAVER-200-150E-15KV-1P-C
668481750,RECL-TRIPSAVER-100-80T-15KV-1P-C
673029346,RECL-TRIPSAVER-100-80T-29KV-1P-C
674605635,RECL-TRIPSAVER-100-80T-29KV-1P-C
673073000,RECL-TRIPSAVER-100-80T-29KV-1P-C
704538050,RECL-TRIPSAVER-100-80T-15KV-1P-C
740757958,RECL-TRIPSAVER-100-80T-29KV-1P-C
742728967,RECL-TRIPSAVER-100-80T-15KV-1P-C
738246305,RECL-TRIPSAVER-100-80T-15KV-1P-C
742686148,RECL-TRIPSAVER-200-100T-15KV-1P-C
766990030,RECL-TRIPSAVER-100-80T-15KV-1P-C
769768219,RECL-TRIPSAVER-100-80T-15KV-1P-C
766865652,RECL-TRIPSAVER-100-80T-15KV-1P-C
773216372,RECL-TRIPSAVER-100-80T-15KV-1P-C
781598177,RECL-TRIPSAVER-200-100T-15KV-1P-C
781048850,RECL-TRIPSAVER-100-80T-29KV-1P-C
784277856,RECL-TRIPSAVER-100-80T-15KV-1P-C
786347694,RECL-TRIPSAVER-200-100T-29KV-1P-C
789538314,RECL-TRIPSAVER-100-80T-29KV-1P-C
653405143,RECL-TRIPSAVER-200-100T-15KV-1P-C
652099807,RECL-TRIPSAVER-200-150E-15KV-1P-C
652731043,RECL-TRIPSAVER-200-150E-15KV-1P-C
650824635,RECL-TRIPSAVER-100-80T-15KV-1P-C
659464164,RECL-TRIPSAVER-200-100T-29KV-1P-C
650928258,RECL-TRIPSAVER-200-100T-15KV-1P-C
654793070,RECL-TRIPSAVER-100-80T-15KV-1P-C
654577736,RECL-TRIPSAVER-100-80T-15KV-1P-C
659434053,RECL-TRIPSAVER-100-80T-15KV-1P-C
656364064,RECL-TRIPSAVER-100-80T-15KV-1P-C
653826388,RECL-TRIPSAVER-200-150E-15KV-1P-C
659678881,RECL-TRIPSAVER-200-100T-15KV-1P-C
653912764,RECL-TRIPSAVER-100-80T-15KV-1P-C
669082515,RECL-TRIPSAVER-100-80T-15KV-1P-C
674930935,RECL-TRIPSAVER-200-150E-15KV-1P-C
669005289,RECL-TRIPSAVER-100-80T-29KV-1P-C
671710590,RECL-TRIPSAVER-100-80T-15KV-1P-C
674724974,RECL-TRIPSAVER-100-80T-29KV-1P-C
677747896,RECL-TRIPSAVER-100-80T-15KV-1P-C
676184961,RECL-TRIPSAVER-100-80T-15KV-1P-C
671483052,RECL-TRIPSAVER-100-80T-15KV-1P-C
668602083,RECL-TRIPSAVER-100-80T-29KV-1P-C
668602127,RECL-TRIPSAVER-100-80T-29KV-1P-C
669207277,RECL-TRIPSAVER-100-80T-29KV-1P-C
671272716,RECL-TRIPSAVER-100-80T-15KV-1P-C
671599034,RECL-TRIPSAVER-200-150E-15KV-1P-C
676296615,RECL-TRIPSAVER-200-100T-29KV-1P-C
668555322,RECL-TRIPSAVER-100-80T-29KV-1P-C
669452595,RECL-TRIPSAVER-200-150E-15KV-1P-C
672535546,RECL-TRIPSAVER-100-80T-15KV-1P-C
676764684,RECL-TRIPSAVER-200-100T-15KV-1P-C
671869639,RECL-TRIPSAVER-100-80T-15KV-1P-C
671115090,RECL-TRIPSAVER-100-80T-15KV-1P-C
739139153,RECL-TRIPSAVER-100-80T-15KV-1P-C
736382495,RECL-TRIPSAVER-200-100T-15KV-1P-C
759759172,RECL-TRIPSAVER-100-80T-15KV-1P-C
773096099,RECL-TRIPSAVER-200-150E-15KV-1P-C
788211571,RECL-TRIPSAVER-100-80T-15KV-1P-C
563662005,RECL-TRIPSAVER-200-150E-15KV-1P-C
570707804,RECL-TRIPSAVER-200-100T-15KV-1P-C
659464044,RECL-TRIPSAVER-100-80T-29KV-1P-C
650820589,RECL-TRIPSAVER-100-80T-15KV-1P-C
660357170,RECL-TRIPSAVER-100-80T-29KV-1P-C
657772674,RECL-TRIPSAVER-100-80T-15KV-1P-C
655501074,RECL-TRIPSAVER-100-80T-15KV-1P-C
656664953,RECL-TRIPSAVER-100-80T-29KV-1P-C
655930418,RECL-TRIPSAVER-200-150E-15KV-1P-C
656343228,RECL-TRIPSAVER-100-80T-15KV-1P-C
657258084,RECL-TRIPSAVER-200-150E-15KV-1P-C
652938004,RECL-TRIPSAVER-100-80T-29KV-1P-C
657558187,RECL-TRIPSAVER-200-100T-29KV-1P-C
660348695,RECL-TRIPSAVER-200-100T-15KV-1P-C
658546012,RECL-TRIPSAVER-200-100T-15KV-1P-C
660722412,RECL-TRIPSAVER-200-100T-15KV-1P-C
652229554,RECL-TRIPSAVER-100-80T-15KV-1P-C
657983565,RECL-TRIPSAVER-200-150E-15KV-1P-C
654913118,RECL-TRIPSAVER-100-80T-29KV-1P-C
675326035,RECL-TRIPSAVER-200-150E-15KV-1P-C
676305105,RECL-TRIPSAVER-200-100T-15KV-1P-C
670663366,RECL-TRIPSAVER-200-100T-15KV-1P-C
669168525,RECL-TRIPSAVER-200-150E-29KV-1P-C
678129993,RECL-TRIPSAVER-100-80T-15KV-1P-C
673952118,RECL-TRIPSAVER-100-80T-29KV-1P-C
677825514,RECL-TRIPSAVER-100-80T-15KV-1P-C
670942118,RECL-TRIPSAVER-200-100T-15KV-1P-C
670336740,RECL-TRIPSAVER-100-80T-15KV-1P-C
676026240,RECL-TRIPSAVER-100-80T-15KV-1P-C
670319757,RECL-TRIPSAVER-100-80T-29KV-1P-C
668576788,RECL-TRIPSAVER-100-80T-15KV-1P-C
678456648,RECL-TRIPSAVER-100-80T-29KV-1P-C
677152425,RECL-TRIPSAVER-200-150E-15KV-1P-C
679624357,RECL-TRIPSAVER-100-80T-29KV-1P-C
676155317,RECL-TRIPSAVER-100-80T-15KV-1P-C
672612493,RECL-TRIPSAVER-100-80T-15KV-1P-C
680045228,RECL-TRIPSAVER-200-100T-15KV-1P-C
680191188,RECL-TRIPSAVER-100-80T-15KV-1P-C
674815531,RECL-TRIPSAVER-100-80T-15KV-1P-C
668916258,RECL-TRIPSAVER-100-80T-29KV-1P-C
723294281,RECL-TRIPSAVER-100-80T-15KV-1P-C
739684484,RECL-TRIPSAVER-200-100T-15KV-1P-C
740904224,RECL-TRIPSAVER-100-80T-15KV-1P-C
739380099,RECL-TRIPSAVER-100-80T-15KV-1P-C
767007201,RECL-TRIPSAVER-100-80T-15KV-1P-C
768922715,RECL-TRIPSAVER-100-80T-15KV-1P-C
788644669,RECL-TRIPSAVER-100-80T-15KV-1P-C
779472778,RECL-TRIPSAVER-100-80T-15KV-1P-C
564332583,RECL-TRIPSAVER-100-80T-15KV-1P-C
565066297,RECL-TRIPSAVER-200-100T-15KV-1P-C
655376067,RECL-TRIPSAVER-200-100T-15KV-1P-C
655925932,RECL-TRIPSAVER-200-100T-15KV-1P-C
655458028,RECL-TRIPSAVER-200-100T-29KV-1P-C
656698860,RECL-TRIPSAVER-200-150E-29KV-1P-C
651232862,RECL-TRIPSAVER-200-100T-15KV-1P-C
654719657,RECL-TRIPSAVER-100-80T-15KV-1P-C
655518142,RECL-TRIPSAVER-200-150E-29KV-1P-C
660739269,RECL-TRIPSAVER-200-150E-15KV-1P-C
650688592,RECL-TRIPSAVER-100-80T-29KV-1P-C
658537424,RECL-TRIPSAVER-100-80T-15KV-1P-C
669954510,RECL-TRIPSAVER-100-80T-29KV-1P-C
672814085,RECL-TRIPSAVER-100-80T-15KV-1P-C
668700818,RECL-TRIPSAVER-100-80T-15KV-1P-C
678069854,RECL-TRIPSAVER-200-150E-15KV-1P-C
669027258,RECL-TRIPSAVER-100-80T-15KV-1P-C
676876174,RECL-TRIPSAVER-200-100T-15KV-1P-C
669709505,RECL-TRIPSAVER-200-100T-15KV-1P-C
668404221,RECL-TRIPSAVER-200-100T-15KV-1P-C
673595713,RECL-TRIPSAVER-100-80T-29KV-1P-C
671260141,RECL-TRIPSAVER-100-80T-15KV-1P-C
673952090,RECL-TRIPSAVER-100-80T-29KV-1P-C
671573339,RECL-TRIPSAVER-100-80T-15KV-1P-C
675738434,RECL-TRIPSAVER-100-80T-15KV-1P-C
675203345,RECL-TRIPSAVER-100-80T-29KV-1P-C
677090955,RECL-TRIPSAVER-200-100T-29KV-1P-C
677400287,RECL-TRIPSAVER-200-150E-15KV-1P-C
671118514,RECL-TRIPSAVER-100-80T-15KV-1P-C
671118524,RECL-TRIPSAVER-100-80T-15KV-1P-C
671028760,RECL-TRIPSAVER-100-80T-15KV-1P-C
678593924,RECL-TRIPSAVER-200-100T-29KV-1P-C
673415382,RECL-TRIPSAVER-200-150E-15KV-1P-C
679985049,RECL-TRIPSAVER-200-150E-15KV-1P-C
672908749,RECL-TRIPSAVER-100-80T-15KV-1P-C
668916308,RECL-TRIPSAVER-200-100T-29KV-1P-C
668916446,RECL-TRIPSAVER-100-80T-29KV-1P-C
670491298,RECL-TRIPSAVER-100-80T-15KV-1P-C
673776536,RECL-TRIPSAVER-200-150E-15KV-1P-C
677250157,RECL-TRIPSAVER-100-80T-29KV-1P-C
672578482,RECL-TRIPSAVER-100-80T-15KV-1P-C
692819886,RECL-TRIPSAVER-100-80T-15KV-1P-C
701094307,RECL-TRIPSAVER-100-80T-15KV-1P-C
698689726,RECL-TRIPSAVER-200-150E-29KV-1P-C
742325292,RECL-TRIPSAVER-200-150E-29KV-1P-C
768029181,RECL-TRIPSAVER-100-80T-15KV-1P-C
768948083,RECL-TRIPSAVER-200-100T-15KV-1P-C
782512832,RECL-TRIPSAVER-200-150E-29KV-1P-C
787545423,RECL-TRIPSAVER-200-150E-15KV-1P-C
784140324,RECL-TRIPSAVER-100-80T-15KV-1P-C
568608522,RECL-TRIPSAVER-100-80T-15KV-1P-C
573825540,RECL-TRIPSAVER-200-100T-15KV-1P-C
565988649,RECL-TRIPSAVER-200-100T-15KV-1P-C
653062007,RECL-TRIPSAVER-100-80T-15KV-1P-C
658442532,RECL-TRIPSAVER-100-80T-15KV-1P-C
656174929,RECL-TRIPSAVER-100-80T-15KV-1P-C
656698869,RECL-TRIPSAVER-200-150E-29KV-1P-C
651782576,RECL-TRIPSAVER-100-80T-15KV-1P-C
656364187,RECL-TRIPSAVER-100-80T-15KV-1P-C
653934778,RECL-TRIPSAVER-200-150E-15KV-1P-C
654148650,RECL-TRIPSAVER-100-80T-15KV-1P-C
655943872,RECL-TRIPSAVER-100-80T-15KV-1P-C
655505760,RECL-TRIPSAVER-100-80T-15KV-1P-C
658275571,RECL-TRIPSAVER-100-80T-15KV-1P-C
650736142,RECL-TRIPSAVER-100-80T-29KV-1P-C
650907912,RECL-TRIPSAVER-100-80T-15KV-1P-C
659202961,RECL-TRIPSAVER-100-80T-15KV-1P-C
650925232,RECL-TRIPSAVER-200-100T-15KV-1P-C
671031987,RECL-TRIPSAVER-200-100T-29KV-1P-C
672814078,RECL-TRIPSAVER-100-80T-15KV-1P-C
671246761,RECL-TRIPSAVER-100-80T-29KV-1P-C
670250637,RECL-TRIPSAVER-100-80T-15KV-1P-C
678799856,RECL-TRIPSAVER-200-150E-15KV-1P-C
669881399,RECL-TRIPSAVER-100-80T-15KV-1P-C
678447751,RECL-TRIPSAVER-100-80T-15KV-1P-C
676150686,RECL-TRIPSAVER-200-150E-15KV-1P-C
672106269,RECL-TRIPSAVER-100-80T-29KV-1P-C
675729815,RECL-TRIPSAVER-100-80T-15KV-1P-C
673059031,RECL-TRIPSAVER-100-80T-15KV-1P-C
675936056,RECL-TRIPSAVER-200-150E-15KV-1P-C
675532395,RECL-TRIPSAVER-200-100T-15KV-1P-C
672440939,RECL-TRIPSAVER-200-150E-15KV-1P-C
673385454,RECL-TRIPSAVER-200-150E-15KV-1P-C
671380276,RECL-TRIPSAVER-200-100T-15KV-1P-C
674755088,RECL-TRIPSAVER-200-100T-29KV-1P-C
678095782,RECL-TRIPSAVER-100-80T-15KV-1P-C
670818170,RECL-TRIPSAVER-100-80T-15KV-1P-C
670813735,RECL-TRIPSAVER-100-80T-15KV-1P-C
673638815,RECL-TRIPSAVER-200-150E-15KV-1P-C
670109546,RECL-TRIPSAVER-100-80T-15KV-1P-C
678065825,RECL-TRIPSAVER-200-150E-15KV-1P-C
668572121,RECL-TRIPSAVER-100-80T-15KV-1P-C
671475341,RECL-TRIPSAVER-100-80T-15KV-1P-C
669312543,RECL-TRIPSAVER-200-100T-15KV-1P-C
692776845,RECL-TRIPSAVER-100-80T-15KV-1P-C
695434811,RECL-TRIPSAVER-100-80T-15KV-1P-C
693562668,RECL-TRIPSAVER-200-100T-15KV-1P-C
769480515,RECL-TRIPSAVER-100-80T-15KV-1P-C
772975852,RECL-TRIPSAVER-100-80T-15KV-1P-C
784140576,RECL-TRIPSAVER-100-80T-15KV-1P-C
783681621,RECL-TRIPSAVER-100-80T-15KV-1P-C
587663976,RECL-TRIPSAVER-200-150E-15KV-1P-C
563768255,RECL-TRIPSAVER-100-80T-15KV-1P-C
568131199,RECL-TRIPSAVER-200-100T-15KV-1P-C
659575576,RECL-TRIPSAVER-200-100T-15KV-1P-C
656316433,RECL-TRIPSAVER-100-80T-15KV-1P-C
655925895,RECL-TRIPSAVER-200-150E-15KV-1P-C
651224139,RECL-TRIPSAVER-100-80T-15KV-1P-C
652190538,RECL-TRIPSAVER-100-80T-15KV-1P-C
658339252,RECL-TRIPSAVER-100-80T-15KV-1P-C
650684379,RECL-TRIPSAVER-100-80T-15KV-1P-C
653968580,RECL-TRIPSAVER-200-100T-15KV-1P-C
654101291,RECL-TRIPSAVER-100-80T-29KV-1P-C
657021216,RECL-TRIPSAVER-100-80T-15KV-1P-C
655064158,RECL-TRIPSAVER-100-80T-15KV-1P-C
657841645,RECL-TRIPSAVER-100-80T-15KV-1P-C
657983496,RECL-TRIPSAVER-200-100T-15KV-1P-C
669365968,RECL-TRIPSAVER-100-80T-15KV-1P-C
669962784,RECL-TRIPSAVER-200-150E-29KV-1P-C
670211906,RECL-TRIPSAVER-100-80T-15KV-1P-C
671109453,RECL-TRIPSAVER-100-80T-29KV-1P-C
673221979,RECL-TRIPSAVER-100-80T-15KV-1P-C
676275104,RECL-TRIPSAVER-100-80T-15KV-1P-C
672385226,RECL-TRIPSAVER-200-150E-15KV-1P-C
678649530,RECL-TRIPSAVER-100-80T-15KV-1P-C
668404240,RECL-TRIPSAVER-100-80T-15KV-1P-C
677825552,RECL-TRIPSAVER-100-80T-15KV-1P-C
676197971,RECL-TRIPSAVER-100-80T-15KV-1P-C
672848599,RECL-TRIPSAVER-100-80T-29KV-1P-C
671989881,RECL-TRIPSAVER-100-80T-29KV-1P-C
669048526,RECL-TRIPSAVER-100-80T-15KV-1P-C
673922261,RECL-TRIPSAVER-100-80T-15KV-1P-C
671835662,RECL-TRIPSAVER-100-80T-15KV-1P-C
678598907,RECL-TRIPSAVER-100-80T-29KV-1P-C
668898257,RECL-TRIPSAVER-100-80T-15KV-1P-C
677791052,RECL-TRIPSAVER-100-80T-15KV-1P-C
671479151,RECL-TRIPSAVER-100-80T-15KV-1P-C
676133544,RECL-TRIPSAVER-200-100T-29KV-1P-C
670328421,RECL-TRIPSAVER-200-100T-15KV-1P-C
669126830,RECL-TRIPSAVER-200-150E-15KV-1P-C
672651400,RECL-TRIPSAVER-100-80T-15KV-1P-C
769102696,RECL-TRIPSAVER-100-80T-15KV-1P-C
770124630,RECL-TRIPSAVER-100-80T-15KV-1P-C
773740312,RECL-TRIPSAVER-100-80T-15KV-1P-C
785295594,RECL-TRIPSAVER-200-100T-29KV-1P-C
784076501,RECL-TRIPSAVER-100-80T-15KV-1P-C
565289361,RECL-TRIPSAVER-200-100T-15KV-1P-C
563733814,RECL-TRIPSAVER-200-100T-15KV-1P-C
564649186,RECL-TRIPSAVER-200-100T-15KV-1P-C
652774411,RECL-TRIPSAVER-100-80T-29KV-1P-C
659464070,RECL-TRIPSAVER-100-80T-29KV-1P-C
653062058,RECL-TRIPSAVER-100-80T-15KV-1P-C
654831911,RECL-TRIPSAVER-100-80T-15KV-1P-C
656814883,RECL-TRIPSAVER-200-100T-29KV-1P-C
660348503,RECL-TRIPSAVER-100-80T-29KV-1P-C
654969056,RECL-TRIPSAVER-100-80T-15KV-1P-C
651760738,RECL-TRIPSAVER-100-80T-15KV-1P-C
657103358,RECL-TRIPSAVER-100-80T-15KV-1P-C
650688563,RECL-TRIPSAVER-100-80T-29KV-1P-C
659078211,RECL-TRIPSAVER-200-150E-15KV-1P-C
651280717,RECL-TRIPSAVER-200-150E-15KV-1P-C
650788962,RECL-TRIPSAVER-100-80T-15KV-1P-C
651303599,RECL-TRIPSAVER-100-80T-15KV-1P-C
669292906,RECL-TRIPSAVER-200-100T-15KV-1P-C
669215636,RECL-TRIPSAVER-100-80T-15KV-1P-C
669713763,RECL-TRIPSAVER-100-80T-15KV-1P-C
672367437,RECL-TRIPSAVER-100-80T-15KV-1P-C
671384134,RECL-TRIPSAVER-100-80T-15KV-1P-C
673153257,RECL-TRIPSAVER-100-80T-15KV-1P-C
677305556,RECL-TRIPSAVER-100-80T-15KV-1P-C
681157227,RECL-TRIPSAVER-200-150E-15KV-1P-C
674823715,RECL-TRIPSAVER-100-80T-15KV-1P-C
682681595,RECL-TRIPSAVER-200-100T-15KV-1P-C
671642280,RECL-TRIPSAVER-100-80T-15KV-1P-C
671933933,RECL-TRIPSAVER-100-80T-15KV-1P-C
672157274,RECL-TRIPSAVER-100-80T-29KV-1P-C
672346249,RECL-TRIPSAVER-100-80T-29KV-1P-C
672311753,RECL-TRIPSAVER-100-80T-15KV-1P-C
671101204,RECL-TRIPSAVER-200-150E-15KV-1P-C
676417146,RECL-TRIPSAVER-100-80T-15KV-1P-C
679358121,RECL-TRIPSAVER-100-80T-15KV-1P-C
671547806,RECL-TRIPSAVER-200-150E-15KV-1P-C
669135841,RECL-TRIPSAVER-200-100T-15KV-1P-C
673187781,RECL-TRIPSAVER-100-80T-29KV-1P-C
674506201,RECL-TRIPSAVER-100-80T-15KV-1P-C
672123003,RECL-TRIPSAVER-100-80T-15KV-1P-C
670740453,RECL-TRIPSAVER-100-80T-15KV-1P-C
676133516,RECL-TRIPSAVER-100-80T-29KV-1P-C
678095786,RECL-TRIPSAVER-100-80T-15KV-1P-C
678456663,RECL-TRIPSAVER-100-80T-29KV-1P-C
673578903,RECL-TRIPSAVER-200-100T-15KV-1P-C
676155301,RECL-TRIPSAVER-100-80T-15KV-1P-C
672612516,RECL-TRIPSAVER-100-80T-15KV-1P-C
674849934,RECL-TRIPSAVER-100-80T-15KV-1P-C
670934633,RECL-TRIPSAVER-100-80T-29KV-1P-C
671869670,RECL-TRIPSAVER-100-80T-15KV-1P-C
680204091,RECL-TRIPSAVER-100-80T-29KV-1P-C
678138941,RECL-TRIPSAVER-100-80T-29KV-1P-C
669646040,RECL-TRIPSAVER-100-80T-29KV-1P-C
670637785,RECL-TRIPSAVER-100-80T-15KV-1P-C
672749833,RECL-TRIPSAVER-200-100T-15KV-1P-C
674408007,RECL-TRIPSAVER-200-100T-15KV-1P-C
674042659,RECL-TRIPSAVER-100-80T-15KV-1P-C
704877393,RECL-TRIPSAVER-100-80T-15KV-1P-C
709617871,RECL-TRIPSAVER-200-150E-15KV-1P-C
738315152,RECL-TRIPSAVER-100-80T-15KV-1P-C
737915354,RECL-TRIPSAVER-100-80T-15KV-1P-C
737065305,RECL-TRIPSAVER-200-100T-15KV-1P-C
752506466,RECL-TRIPSAVER-100-80T-15KV-1P-C
767810200,RECL-TRIPSAVER-100-80T-29KV-1P-C
768166560,RECL-TRIPSAVER-100-80T-15KV-1P-C
768273927,RECL-TRIPSAVER-100-80T-15KV-1P-C
767123836,RECL-TRIPSAVER-100-80T-15KV-1P-C
787193349,RECL-TRIPSAVER-100-80T-15KV-1P-C
787421380,RECL-TRIPSAVER-200-100T-15KV-1P-C
786467905,RECL-TRIPSAVER-100-80T-15KV-1P-C
566297620,RECL-TRIPSAVER-100-80T-15KV-1P-C
655019703,RECL-TRIPSAVER-100-80T-15KV-1P-C
651447203,RECL-TRIPSAVER-200-100T-15KV-1P-C
651241356,RECL-TRIPSAVER-200-100T-29KV-1P-C
653934065,RECL-TRIPSAVER-100-80T-15KV-1P-C
658966084,RECL-TRIPSAVER-100-80T-15KV-1P-C
651619274,RECL-TRIPSAVER-100-80T-15KV-1P-C
659017604,RECL-TRIPSAVER-100-80T-15KV-1P-C
654762588,RECL-TRIPSAVER-100-80T-15KV-1P-C
653058324,RECL-TRIPSAVER-100-80T-15KV-1P-C
651963917,RECL-TRIPSAVER-100-80T-29KV-1P-C
652787942,RECL-TRIPSAVER-200-100T-15KV-1P-C
650930125,RECL-TRIPSAVER-100-80T-29KV-1P-C
658764941,RECL-TRIPSAVER-100-80T-15KV-1P-C
658039223,RECL-TRIPSAVER-200-150E-15KV-1P-C
650925252,RECL-TRIPSAVER-100-80T-15KV-1P-C
659670547,RECL-TRIPSAVER-100-80T-29KV-1P-C
650788951,RECL-TRIPSAVER-100-80T-15KV-1P-C
654625662,RECL-TRIPSAVER-100-80T-15KV-1P-C
670211817,RECL-TRIPSAVER-100-80T-29KV-1P-C
675965817,RECL-TRIPSAVER-200-150E-15KV-1P-C
673063292,RECL-TRIPSAVER-200-150E-15KV-1P-C
676644529,RECL-TRIPSAVER-100-80T-29KV-1P-C
677417486,RECL-TRIPSAVER-200-100T-15KV-1P-C
675605273,RECL-TRIPSAVER-100-80T-15KV-1P-C
674287046,RECL-TRIPSAVER-100-80T-29KV-1P-C
678224580,RECL-TRIPSAVER-100-80T-15KV-1P-C
672569506,RECL-TRIPSAVER-100-80T-15KV-1P-C
672672636,RECL-TRIPSAVER-100-80T-15KV-1P-C
673978070,RECL-TRIPSAVER-100-80T-15KV-1P-C
671410384,RECL-TRIPSAVER-200-150E-15KV-1P-C
672612526,RECL-TRIPSAVER-100-80T-15KV-1P-C
670903678,RECL-TRIPSAVER-100-80T-15KV-1P-C
670405568,RECL-TRIPSAVER-200-100T-29KV-1P-C
672918407,RECL-TRIPSAVER-200-150E-15KV-1P-C
693326522,RECL-TRIPSAVER-200-150E-29KV-1P-C
741608336,RECL-TRIPSAVER-200-150E-15KV-1P-C
753713282,RECL-TRIPSAVER-100-80T-15KV-1P-C
767668463,RECL-TRIPSAVER-100-80T-15KV-1P-C
775243090,RECL-TRIPSAVER-100-80T-15KV-1P-C
650687134,RECL-TRIPSAVER-100-80T-15KV-1P-C
659425459,RECL-TRIPSAVER-100-80T-29KV-1P-C
655436389,RECL-TRIPSAVER-100-80T-29KV-1P-C
652404903,RECL-TRIPSAVER-100-80T-15KV-1P-C
650738991,RECL-TRIPSAVER-100-80T-15KV-1P-C
655926048,RECL-TRIPSAVER-100-80T-15KV-1P-C
650966680,RECL-TRIPSAVER-100-80T-15KV-1P-C
658751344,RECL-TRIPSAVER-200-100T-15KV-1P-C
660387167,RECL-TRIPSAVER-100-80T-15KV-1P-C
654896009,RECL-TRIPSAVER-100-80T-15KV-1P-C
658966066,RECL-TRIPSAVER-100-80T-15KV-1P-C
651452100,RECL-TRIPSAVER-100-80T-15KV-1P-C
657772588,RECL-TRIPSAVER-100-80T-15KV-1P-C
652130663,RECL-TRIPSAVER-100-80T-15KV-1P-C
656797628,RECL-TRIPSAVER-200-100T-29KV-1P-C
656261146,RECL-TRIPSAVER-100-80T-15KV-1P-C
650929200,RECL-TRIPSAVER-100-80T-15KV-1P-C
654908666,RECL-TRIPSAVER-100-80T-15KV-1P-C
659790838,RECL-TRIPSAVER-200-150E-15KV-1P-C
654429706,RECL-TRIPSAVER-100-80T-15KV-1P-C
659747819,RECL-TRIPSAVER-100-80T-15KV-1P-C
657841696,RECL-TRIPSAVER-100-80T-15KV-1P-C
650681036,RECL-TRIPSAVER-100-80T-15KV-1P-C
652770878,RECL-TRIPSAVER-100-80T-15KV-1P-C
651419731,RECL-TRIPSAVER-200-150E-15KV-1P-C
655682058,RECL-TRIPSAVER-100-80T-15KV-1P-C
655682085,RECL-TRIPSAVER-100-80T-15KV-1P-C
676275113,RECL-TRIPSAVER-100-80T-15KV-1P-C
676803375,RECL-TRIPSAVER-200-150E-15KV-1P-C
673952107,RECL-TRIPSAVER-100-80T-29KV-1P-C
669207282,RECL-TRIPSAVER-100-80T-29KV-1P-C
676197948,RECL-TRIPSAVER-100-80T-15KV-1P-C
676403978,RECL-TRIPSAVER-100-80T-15KV-1P-C
668430442,RECL-TRIPSAVER-100-80T-15KV-1P-C
669722489,RECL-TRIPSAVER-100-80T-15KV-1P-C
673316697,RECL-TRIPSAVER-100-80T-15KV-1P-C
668911074,RECL-TRIPSAVER-200-100T-15KV-1P-C
670749199,RECL-TRIPSAVER-200-150E-15KV-1P-C
677481909,RECL-TRIPSAVER-200-150E-15KV-1P-C
676228042,RECL-TRIPSAVER-200-100T-15KV-1P-C
671032243,RECL-TRIPSAVER-200-150E-15KV-1P-C
669452576,RECL-TRIPSAVER-200-100T-15KV-1P-C
674815348,RECL-TRIPSAVER-100-80T-15KV-1P-C
668714053,RECL-TRIPSAVER-200-150E-29KV-1P-C
672415141,RECL-TRIPSAVER-200-100T-15KV-1P-C
672686881,RECL-TRIPSAVER-100-80T-15KV-1P-C
669078942,RECL-TRIPSAVER-100-80T-15KV-1P-C
680105302,RECL-TRIPSAVER-200-150E-15KV-1P-C
672651412,RECL-TRIPSAVER-100-80T-15KV-1P-C
668916505,RECL-TRIPSAVER-100-80T-29KV-1P-C
673073053,RECL-TRIPSAVER-100-80T-29KV-1P-C
669448405,RECL-TRIPSAVER-200-150E-15KV-1P-C
692527784,RECL-TRIPSAVER-200-150E-29KV-1P-C
739933496,RECL-TRIPSAVER-100-80T-15KV-1P-C
756353774,RECL-TRIPSAVER-200-100T-29KV-1P-C
754142545,RECL-TRIPSAVER-200-100T-15KV-1P-C
769733890,RECL-TRIPSAVER-200-150E-15KV-1P-C
773413948,RECL-TRIPSAVER-100-80T-15KV-1P-C
770506957,RECL-TRIPSAVER-200-100T-15KV-1P-C
766505517,RECL-TRIPSAVER-100-80T-15KV-1P-C
650871797,RECL-TRIPSAVER-100-80T-15KV-1P-C
650751575,RECL-TRIPSAVER-100-80T-15KV-1P-C
654113817,RECL-TRIPSAVER-200-100T-15KV-1P-C
651005372,RECL-TRIPSAVER-100-80T-15KV-1P-C
654831896,RECL-TRIPSAVER-100-80T-15KV-1P-C
656986451,RECL-TRIPSAVER-100-80T-29KV-1P-C
652801112,RECL-TRIPSAVER-100-80T-15KV-1P-C
657545378,RECL-TRIPSAVER-200-100T-29KV-1P-C
659017620,RECL-TRIPSAVER-100-80T-15KV-1P-C
659017677,RECL-TRIPSAVER-100-80T-15KV-1P-C
651585130,RECL-TRIPSAVER-100-80T-15KV-1P-C
650687757,RECL-TRIPSAVER-100-80T-15KV-1P-C
650929115,RECL-TRIPSAVER-100-80T-15KV-1P-C
654470707,RECL-TRIPSAVER-100-80T-29KV-1P-C
654496598,RECL-TRIPSAVER-100-80T-15KV-1P-C
658369818,RECL-TRIPSAVER-100-80T-15KV-1P-C
658537455,RECL-TRIPSAVER-200-150E-15KV-1P-C
657803088,RECL-TRIPSAVER-200-100T-15KV-1P-C
671560222,RECL-TRIPSAVER-200-100T-15KV-1P-C
671311318,RECL-TRIPSAVER-200-150E-15KV-1P-C
675540740,RECL-TRIPSAVER-200-150E-15KV-1P-C
675347568,RECL-TRIPSAVER-100-80T-29KV-1P-C
674823685,RECL-TRIPSAVER-100-80T-15KV-1P-C
674995566,RECL-TRIPSAVER-200-150E-29KV-1P-C
677142418,RECL-TRIPSAVER-100-80T-29KV-1P-C
668602136,RECL-TRIPSAVER-100-80T-29KV-1P-C
670955650,RECL-TRIPSAVER-200-100T-15KV-1P-C
672234610,RECL-TRIPSAVER-100-80T-15KV-1P-C
677850991,RECL-TRIPSAVER-100-80T-15KV-1P-C
672479630,RECL-TRIPSAVER-100-80T-15KV-1P-C
671934083,RECL-TRIPSAVER-200-100T-29KV-1P-C
678594009,RECL-TRIPSAVER-100-80T-29KV-1P-C
679697484,RECL-TRIPSAVER-100-80T-15KV-1P-C
668369998,RECL-TRIPSAVER-200-100T-15KV-1P-C
669663198,RECL-TRIPSAVER-100-80T-29KV-1P-C
671217380,RECL-TRIPSAVER-100-80T-29KV-1P-C
676854905,RECL-TRIPSAVER-100-80T-29KV-1P-C
700982639,RECL-TRIPSAVER-100-80T-15KV-1P-C
738611034,RECL-TRIPSAVER-100-80T-15KV-1P-C
758011349,RECL-TRIPSAVER-100-80T-15KV-1P-C
769686647,RECL-TRIPSAVER-100-80T-15KV-1P-C
771030671,RECL-TRIPSAVER-100-80T-15KV-1P-C
651206642,RECL-TRIPSAVER-100-80T-15KV-1P-C
660073694,RECL-TRIPSAVER-100-80T-15KV-1P-C
652091842,RECL-TRIPSAVER-100-80T-15KV-1P-C
660765157,RECL-TRIPSAVER-100-80T-15KV-1P-C
656772095,RECL-TRIPSAVER-200-100T-15KV-1P-C
651250236,RECL-TRIPSAVER-100-80T-29KV-1P-C
650791929,RECL-TRIPSAVER-100-80T-15KV-1P-C
654629497,RECL-TRIPSAVER-100-80T-29KV-1P-C
659043675,RECL-TRIPSAVER-200-100T-15KV-1P-C
654582600,RECL-TRIPSAVER-100-80T-15KV-1P-C
652491783,RECL-TRIPSAVER-200-100T-15KV-1P-C
657313555,RECL-TRIPSAVER-200-100T-29KV-1P-C
673265081,RECL-TRIPSAVER-200-100T-29KV-1P-C
670585531,RECL-TRIPSAVER-100-80T-15KV-1P-C
670482974,RECL-TRIPSAVER-100-80T-15KV-1P-C
673806007,RECL-TRIPSAVER-100-80T-29KV-1P-C
675059799,RECL-TRIPSAVER-100-80T-15KV-1P-C
678258786,RECL-TRIPSAVER-200-100T-15KV-1P-C
676631685,RECL-TRIPSAVER-100-80T-15KV-1P-C
678945856,RECL-TRIPSAVER-100-80T-15KV-1P-C
669207266,RECL-TRIPSAVER-200-100T-29KV-1P-C
669207320,RECL-TRIPSAVER-100-80T-29KV-1P-C
677825525,RECL-TRIPSAVER-200-150E-15KV-1P-C
673119274,RECL-TRIPSAVER-100-80T-15KV-1P-C
672075875,RECL-TRIPSAVER-200-150E-15KV-1P-C
671380219,RECL-TRIPSAVER-100-80T-15KV-1P-C
669997454,RECL-TRIPSAVER-200-150E-15KV-1P-C
677181186,RECL-TRIPSAVER-100-80T-15KV-1P-C
679160620,RECL-TRIPSAVER-200-100T-29KV-1P-C
676915170,RECL-TRIPSAVER-100-80T-15KV-1P-C
675979104,RECL-TRIPSAVER-100-80T-29KV-1P-C
669701653,RECL-TRIPSAVER-100-80T-15KV-1P-C
675800016,RECL-TRIPSAVER-200-150E-29KV-1P-C
668628164,RECL-TRIPSAVER-100-80T-15KV-1P-C
673617175,RECL-TRIPSAVER-100-80T-15KV-1P-C
673617198,RECL-TRIPSAVER-100-80T-15KV-1P-C
672196060,RECL-TRIPSAVER-200-100T-29KV-1P-C
674231452,RECL-TRIPSAVER-100-80T-15KV-1P-C
674849864,RECL-TRIPSAVER-100-80T-15KV-1P-C
670294954,RECL-TRIPSAVER-200-100T-15KV-1P-C
672918421,RECL-TRIPSAVER-100-80T-15KV-1P-C
677547045,RECL-TRIPSAVER-200-100T-15KV-1P-C
678791709,RECL-TRIPSAVER-100-80T-15KV-1P-C
699896851,RECL-TRIPSAVER-100-80T-15KV-1P-C
739796118,RECL-TRIPSAVER-100-80T-15KV-1P-C
742076282,RECL-TRIPSAVER-100-80T-15KV-1P-C
741097344,RECL-TRIPSAVER-100-80T-15KV-1P-C
741728633,RECL-TRIPSAVER-100-80T-15KV-1P-C
759445601,RECL-TRIPSAVER-200-100T-15KV-1P-C
651352635,RECL-TRIPSAVER-200-150E-15KV-1P-C
652825805,RECL-TRIPSAVER-100-80T-15KV-1P-C
652404999,RECL-TRIPSAVER-100-80T-15KV-1P-C
658072890,RECL-TRIPSAVER-200-100T-15KV-1P-C
660357091,RECL-TRIPSAVER-100-80T-15KV-1P-C
660357112,RECL-TRIPSAVER-100-80T-29KV-1P-C
652616185,RECL-TRIPSAVER-100-80T-15KV-1P-C
652487042,RECL-TRIPSAVER-100-80T-15KV-1P-C
653684984,RECL-TRIPSAVER-200-100T-15KV-1P-C
652504281,RECL-TRIPSAVER-100-80T-15KV-1P-C
659597369,RECL-TRIPSAVER-100-80T-29KV-1P-C
650688567,RECL-TRIPSAVER-100-80T-29KV-1P-C
659203050,RECL-TRIPSAVER-200-100T-15KV-1P-C
651303626,RECL-TRIPSAVER-100-80T-15KV-1P-C
669967168,RECL-TRIPSAVER-200-100T-15KV-1P-C
682806116,RECL-TRIPSAVER-100-80T-15KV-1P-C
669808578,RECL-TRIPSAVER-100-80T-15KV-1P-C
682681610,RECL-TRIPSAVER-200-100T-15KV-1P-C
671933927,RECL-TRIPSAVER-100-80T-15KV-1P-C
674338817,RECL-TRIPSAVER-100-80T-15KV-1P-C
674759662,RECL-TRIPSAVER-100-80T-29KV-1P-C
679856184,RECL-TRIPSAVER-100-80T-29KV-1P-C
668765247,RECL-TRIPSAVER-100-80T-15KV-1P-C
670753326,RECL-TRIPSAVER-100-80T-15KV-1P-C
670753443,RECL-TRIPSAVER-200-100T-15KV-1P-C
669937283,RECL-TRIPSAVER-200-100T-29KV-1P-C
673316690,RECL-TRIPSAVER-100-80T-15KV-1P-C
672307714,RECL-TRIPSAVER-100-80T-15KV-1P-C
669907229,RECL-TRIPSAVER-200-100T-15KV-1P-C
672706934,RECL-TRIPSAVER-100-80T-15KV-1P-C
673922237,RECL-TRIPSAVER-200-100T-15KV-1P-C
672681070,RECL-TRIPSAVER-200-150E-15KV-1P-C
668795639,RECL-TRIPSAVER-100-80T-15KV-1P-C
668902536,RECL-TRIPSAVER-200-150E-29KV-1P-C
671848106,RECL-TRIPSAVER-100-80T-15KV-1P-C
677267114,RECL-TRIPSAVER-100-80T-29KV-1P-C
670993894,RECL-TRIPSAVER-100-80T-15KV-1P-C
672849024,RECL-TRIPSAVER-100-80T-15KV-1P-C
674952795,RECL-TRIPSAVER-100-80T-15KV-1P-C
675266148,RECL-TRIPSAVER-100-80T-15KV-1P-C
673012973,RECL-TRIPSAVER-200-100T-15KV-1P-C
669645932,RECL-TRIPSAVER-100-80T-29KV-1P-C
699282247,RECL-TRIPSAVER-100-80T-15KV-1P-C
693047745,RECL-TRIPSAVER-200-100T-15KV-1P-C
696929253,RECL-TRIPSAVER-100-80T-15KV-1P-C
742389698,RECL-TRIPSAVER-100-80T-29KV-1P-C
743703690,RECL-TRIPSAVER-200-100T-15KV-1P-C
769862691,RECL-TRIPSAVER-200-100T-15KV-1P-C
769227180,RECL-TRIPSAVER-100-80T-29KV-1P-C
766479391,RECL-TRIPSAVER-200-150E-29KV-1P-C
787107427,RECL-TRIPSAVER-200-150E-15KV-1P-C
566122157,RECL-TRIPSAVER-100-80T-15KV-1P-C
655376052,RECL-TRIPSAVER-100-80T-15KV-1P-C
650790880,RECL-TRIPSAVER-200-150E-15KV-1P-C
652473468,RECL-TRIPSAVER-200-150E-29KV-1P-C
652404978,RECL-TRIPSAVER-100-80T-15KV-1P-C
650713619,RECL-TRIPSAVER-100-80T-15KV-1P-C
654663897,RECL-TRIPSAVER-200-100T-15KV-1P-C
657021091,RECL-TRIPSAVER-200-100T-29KV-1P-C
650839473,RECL-TRIPSAVER-100-80T-29KV-1P-C
653337287,RECL-TRIPSAVER-100-80T-15KV-1P-C
650718095,RECL-TRIPSAVER-100-80T-15KV-1P-C
655964832,RECL-TRIPSAVER-200-150E-15KV-1P-C
657626866,RECL-TRIPSAVER-100-80T-29KV-1P-C
658039190,RECL-TRIPSAVER-100-80T-15KV-1P-C
673265142,RECL-TRIPSAVER-100-80T-29KV-1P-C
672011143,RECL-TRIPSAVER-200-150E-15KV-1P-C
673342307,RECL-TRIPSAVER-100-80T-29KV-1P-C
674823663,RECL-TRIPSAVER-100-80T-15KV-1P-C
679856162,RECL-TRIPSAVER-100-80T-29KV-1P-C
675738449,RECL-TRIPSAVER-100-80T-15KV-1P-C
677147076,RECL-TRIPSAVER-100-80T-15KV-1P-C
677924184,RECL-TRIPSAVER-100-80T-15KV-1P-C
673119240,RECL-TRIPSAVER-200-100T-15KV-1P-C
670899153,RECL-TRIPSAVER-100-80T-15KV-1P-C
669495332,RECL-TRIPSAVER-200-100T-15KV-1P-C
673213499,RECL-TRIPSAVER-200-100T-15KV-1P-C
670834838,RECL-TRIPSAVER-100-80T-15KV-1P-C
670045125,RECL-TRIPSAVER-100-80T-29KV-1P-C
673235069,RECL-TRIPSAVER-100-80T-29KV-1P-C
676223660,RECL-TRIPSAVER-100-80T-29KV-1P-C
677791090,RECL-TRIPSAVER-100-80T-15KV-1P-C
673175067,RECL-TRIPSAVER-100-80T-15KV-1P-C
671586298,RECL-TRIPSAVER-200-100T-15KV-1P-C
668576806,RECL-TRIPSAVER-200-150E-15KV-1P-C
670294844,RECL-TRIPSAVER-100-80T-15KV-1P-C
678379278,RECL-TRIPSAVER-200-100T-15KV-1P-C
679697469,RECL-TRIPSAVER-200-100T-15KV-1P-C
670787857,RECL-TRIPSAVER-100-80T-29KV-1P-C
670839392,RECL-TRIPSAVER-200-100T-15KV-1P-C
679693135,RECL-TRIPSAVER-200-100T-15KV-1P-C
675743780,RECL-TRIPSAVER-200-150E-15KV-1P-C
675743809,RECL-TRIPSAVER-100-80T-15KV-1P-C
672419706,RECL-TRIPSAVER-200-100T-15KV-1P-C
673510099,RECL-TRIPSAVER-100-80T-15KV-1P-C
673510112,RECL-TRIPSAVER-100-80T-15KV-1P-C
673776554,RECL-TRIPSAVER-200-100T-15KV-1P-C
669312531,RECL-TRIPSAVER-100-80T-15KV-1P-C
695834363,RECL-TRIPSAVER-100-80T-15KV-1P-C
723294292,RECL-TRIPSAVER-200-100T-15KV-1P-C
743029576,RECL-TRIPSAVER-200-100T-15KV-1P-C
743149822,RECL-TRIPSAVER-100-80T-15KV-1P-C
739585907,RECL-TRIPSAVER-100-80T-15KV-1P-C
755477829,RECL-TRIPSAVER-100-80T-15KV-1P-C
767466785,RECL-TRIPSAVER-200-150E-15KV-1P-C
563559171,RECL-TRIPSAVER-200-150E-15KV-1P-C
653934058,RECL-TRIPSAVER-100-80T-15KV-1P-C
650966764,RECL-TRIPSAVER-100-80T-15KV-1P-C
655247417,RECL-TRIPSAVER-200-150E-15KV-1P-C
650963782,RECL-TRIPSAVER-200-100T-15KV-1P-C
652637576,RECL-TRIPSAVER-100-80T-29KV-1P-C
657690959,RECL-TRIPSAVER-100-80T-29KV-1P-C
654449690,RECL-TRIPSAVER-200-150E-15KV-1P-C
660451781,RECL-TRIPSAVER-100-80T-15KV-1P-C
652491732,RECL-TRIPSAVER-100-80T-15KV-1P-C
660112608,RECL-TRIPSAVER-200-100T-15KV-1P-C
655080796,RECL-TRIPSAVER-200-100T-15KV-1P-C
651310737,RECL-TRIPSAVER-100-80T-15KV-1P-C
670061600,RECL-TRIPSAVER-200-150E-15KV-1P-C
673265193,RECL-TRIPSAVER-200-100T-29KV-1P-C
676502652,RECL-TRIPSAVER-100-80T-29KV-1P-C
674819752,RECL-TRIPSAVER-100-80T-15KV-1P-C
669099977,RECL-TRIPSAVER-200-100T-15KV-1P-C
668966926,RECL-TRIPSAVER-100-80T-15KV-1P-C
678868602,RECL-TRIPSAVER-200-100T-15KV-1P-C
675532388,RECL-TRIPSAVER-100-80T-15KV-1P-C
668663142,RECL-TRIPSAVER-100-80T-15KV-1P-C
673394121,RECL-TRIPSAVER-100-80T-29KV-1P-C
673252191,RECL-TRIPSAVER-100-80T-29KV-1P-C
676498411,RECL-TRIPSAVER-200-100T-15KV-1P-C
670319751,RECL-TRIPSAVER-100-80T-29KV-1P-C
675000235,RECL-TRIPSAVER-100-80T-15KV-1P-C
678297851,RECL-TRIPSAVER-100-80T-29KV-1P-C
679478432,RECL-TRIPSAVER-100-80T-15KV-1P-C
676597399,RECL-TRIPSAVER-100-80T-29KV-1P-C
668516378,RECL-TRIPSAVER-100-80T-15KV-1P-C
679564239,RECL-TRIPSAVER-200-150E-15KV-1P-C
669663177,RECL-TRIPSAVER-100-80T-29KV-1P-C
700991437,RECL-TRIPSAVER-200-100T-15KV-1P-C
746855422,RECL-TRIPSAVER-100-80T-15KV-1P-C
742686145,RECL-TRIPSAVER-100-80T-15KV-1P-C
752480983,RECL-TRIPSAVER-200-150E-15KV-1P-C
771691939,RECL-TRIPSAVER-100-80T-15KV-1P-C
767247633,RECL-TRIPSAVER-100-80T-29KV-1P-C
784466619,RECL-TRIPSAVER-200-100T-15KV-1P-C
784767319,RECL-TRIPSAVER-100-80T-15KV-1P-C
788566968,RECL-TRIPSAVER-100-80T-15KV-1P-C
791955365,RECL-TRIPSAVER-100-80T-15KV-1P-C
563733837,RECL-TRIPSAVER-200-100T-15KV-1P-C
650851337,RECL-TRIPSAVER-100-80T-15KV-1P-C
652915788,RECL-TRIPSAVER-200-100T-15KV-1P-C
655367612,RECL-TRIPSAVER-100-80T-15KV-1P-C
658549993,RECL-TRIPSAVER-100-80T-29KV-1P-C
652065866,RECL-TRIPSAVER-200-100T-29KV-1P-C
654663864,RECL-TRIPSAVER-200-100T-15KV-1P-C
655381164,RECL-TRIPSAVER-100-80T-15KV-1P-C
656361113,RECL-TRIPSAVER-100-80T-15KV-1P-C
656361146,RECL-TRIPSAVER-100-80T-15KV-1P-C
652557284,RECL-TRIPSAVER-200-150E-15KV-1P-C
659340271,RECL-TRIPSAVER-100-80T-15KV-1P-C
650873623,RECL-TRIPSAVER-200-100T-15KV-1P-C
654475420,RECL-TRIPSAVER-100-80T-15KV-1P-C
660730845,RECL-TRIPSAVER-200-100T-15KV-1P-C
673187558,RECL-TRIPSAVER-100-80T-15KV-1P-C
669713784,RECL-TRIPSAVER-100-80T-15KV-1P-C
671560264,RECL-TRIPSAVER-200-150E-15KV-1P-C
671693421,RECL-TRIPSAVER-100-80T-29KV-1P-C
676923662,RECL-TRIPSAVER-200-150E-29KV-1P-C
675738491,RECL-TRIPSAVER-100-80T-15KV-1P-C
677417432,RECL-TRIPSAVER-100-80T-15KV-1P-C
670263653,RECL-TRIPSAVER-100-80T-15KV-1P-C
675077578,RECL-TRIPSAVER-100-80T-29KV-1P-C
677812418,RECL-TRIPSAVER-100-80T-15KV-1P-C
669452606,RECL-TRIPSAVER-200-100T-15KV-1P-C
677125800,RECL-TRIPSAVER-100-80T-15KV-1P-C
672634010,RECL-TRIPSAVER-200-100T-15KV-1P-C
677267120,RECL-TRIPSAVER-100-80T-29KV-1P-C
670658681,RECL-TRIPSAVER-100-80T-15KV-1P-C
678246154,RECL-TRIPSAVER-200-150E-15KV-1P-C
673222544,RECL-TRIPSAVER-200-100T-15KV-1P-C
673029257,RECL-TRIPSAVER-100-80T-29KV-1P-C
676417390,RECL-TRIPSAVER-200-150E-15KV-1P-C
680204096,RECL-TRIPSAVER-100-80T-29KV-1P-C
669500564,RECL-TRIPSAVER-100-80T-15KV-1P-C
673373376,RECL-TRIPSAVER-200-100T-15KV-1P-C
737606178,RECL-TRIPSAVER-100-80T-15KV-1P-C
774075150,RECL-TRIPSAVER-100-80T-15KV-1P-C
776664448,RECL-TRIPSAVER-100-80T-15KV-1P-C
783522347,RECL-TRIPSAVER-100-80T-15KV-1P-C
853127655,RECL-TRIPSAVER-100-80T-15KV-1P-C
571617629,RECL-TRIPSAVER-100-80T-15KV-1P-C
570317560,RECL-TRIPSAVER-200-150E-15KV-1P-C
655019665,RECL-TRIPSAVER-200-100T-15KV-1P-C
655926158,RECL-TRIPSAVER-100-80T-15KV-1P-C
651760752,RECL-TRIPSAVER-200-150E-15KV-1P-C
654221316,RECL-TRIPSAVER-100-80T-15KV-1P-C
656308596,RECL-TRIPSAVER-200-150E-15KV-1P-C
656902024,RECL-TRIPSAVER-200-150E-15KV-1P-C
654075877,RECL-TRIPSAVER-100-80T-15KV-1P-C
655682003,RECL-TRIPSAVER-100-80T-15KV-1P-C
654518763,RECL-TRIPSAVER-200-150E-15KV-1P-C
671487132,RECL-TRIPSAVER-200-150E-15KV-1P-C
678430545,RECL-TRIPSAVER-100-80T-15KV-1P-C
673569822,RECL-TRIPSAVER-100-80T-29KV-1P-C
673325420,RECL-TRIPSAVER-200-150E-15KV-1P-C
675261735,RECL-TRIPSAVER-200-150E-15KV-1P-C
674789365,RECL-TRIPSAVER-100-80T-15KV-1P-C
675107378,RECL-TRIPSAVER-100-80T-15KV-1P-C
679856200,RECL-TRIPSAVER-100-80T-29KV-1P-C
677670780,RECL-TRIPSAVER-100-80T-15KV-1P-C
670735924,RECL-TRIPSAVER-200-150E-15KV-1P-C
675463597,RECL-TRIPSAVER-100-80T-29KV-1P-C
673888253,RECL-TRIPSAVER-100-80T-15KV-1P-C
676197989,RECL-TRIPSAVER-200-100T-15KV-1P-C
674931174,RECL-TRIPSAVER-100-80T-15KV-1P-C
668898199,RECL-TRIPSAVER-100-80T-15KV-1P-C
678958787,RECL-TRIPSAVER-100-80T-15KV-1P-C
668576701,RECL-TRIPSAVER-200-150E-15KV-1P-C
670942147,RECL-TRIPSAVER-200-150E-15KV-1P-C
678439392,RECL-TRIPSAVER-100-80T-15KV-1P-C
670375465,RECL-TRIPSAVER-100-80T-15KV-1P-C
675489427,RECL-TRIPSAVER-100-80T-15KV-1P-C
673510022,RECL-TRIPSAVER-200-100T-15KV-1P-C
668628168,RECL-TRIPSAVER-100-80T-15KV-1P-C
680457525,RECL-TRIPSAVER-200-100T-29KV-1P-C
674605585,RECL-TRIPSAVER-100-80T-29KV-1P-C
670045351,RECL-TRIPSAVER-100-80T-29KV-1P-C
740504681,RECL-TRIPSAVER-100-80T-15KV-1P-C
753335552,RECL-TRIPSAVER-100-80T-15KV-1P-C
758784669,RECL-TRIPSAVER-100-80T-15KV-1P-C
771460142,RECL-TRIPSAVER-100-80T-15KV-1P-C
828862471,RECL-TRIPSAVER-100-80T-15KV-1P-C
650851208,RECL-TRIPSAVER-200-100T-15KV-1P-C
650851303,RECL-TRIPSAVER-200-150E-15KV-1P-C
659464250,RECL-TRIPSAVER-200-100T-29KV-1P-C
656698835,RECL-TRIPSAVER-100-80T-29KV-1P-C
657510612,RECL-TRIPSAVER-200-100T-15KV-1P-C
654294281,RECL-TRIPSAVER-200-150E-15KV-1P-C
654856746,RECL-TRIPSAVER-200-150E-29KV-1P-C
652783195,RECL-TRIPSAVER-200-150E-15KV-1P-C
652912236,RECL-TRIPSAVER-100-80T-15KV-1P-C
650696056,RECL-TRIPSAVER-200-100T-15KV-1P-C
652869471,RECL-TRIPSAVER-200-100T-15KV-1P-C
655128593,RECL-TRIPSAVER-200-100T-15KV-1P-C
652491683,RECL-TRIPSAVER-200-100T-15KV-1P-C
656626433,RECL-TRIPSAVER-100-80T-29KV-1P-C
659670582,RECL-TRIPSAVER-100-80T-29KV-1P-C
670113100,RECL-TRIPSAVER-100-80T-29KV-1P-C
674140910,RECL-TRIPSAVER-200-150E-15KV-1P-C
668859544,RECL-TRIPSAVER-100-80T-15KV-1P-C
675347618,RECL-TRIPSAVER-100-80T-29KV-1P-C
677228734,RECL-TRIPSAVER-100-80T-15KV-1P-C
669808564,RECL-TRIPSAVER-200-150E-15KV-1P-C
672672450,RECL-TRIPSAVER-200-100T-29KV-1P-C
679465417,RECL-TRIPSAVER-100-80T-15KV-1P-C
677863807,RECL-TRIPSAVER-200-150E-15KV-1P-C
672136017,RECL-TRIPSAVER-100-80T-29KV-1P-C
668765220,RECL-TRIPSAVER-100-80T-15KV-1P-C
679087605,RECL-TRIPSAVER-100-80T-29KV-1P-C
680500272,RECL-TRIPSAVER-100-80T-15KV-1P-C
677400269,RECL-TRIPSAVER-100-80T-15KV-1P-C
670899167,RECL-TRIPSAVER-100-80T-15KV-1P-C
671599065,RECL-TRIPSAVER-100-80T-15KV-1P-C
672028530,RECL-TRIPSAVER-100-80T-15KV-1P-C
669121631,RECL-TRIPSAVER-100-80T-15KV-1P-C
677361546,RECL-TRIPSAVER-100-80T-29KV-1P-C
670718814,RECL-TRIPSAVER-100-80T-29KV-1P-C
669520901,RECL-TRIPSAVER-100-80T-29KV-1P-C
672706896,RECL-TRIPSAVER-100-80T-15KV-1P-C
668782336,RECL-TRIPSAVER-100-80T-29KV-1P-C
677018066,RECL-TRIPSAVER-200-150E-15KV-1P-C
673578878,RECL-TRIPSAVER-100-80T-15KV-1P-C
670010566,RECL-TRIPSAVER-100-80T-15KV-1P-C
671282026,RECL-TRIPSAVER-100-80T-15KV-1P-C
673269585,RECL-TRIPSAVER-200-100T-15KV-1P-C
672994961,RECL-TRIPSAVER-100-80T-15KV-1P-C
678138952,RECL-TRIPSAVER-100-80T-29KV-1P-C
694258292,RECL-TRIPSAVER-200-150E-29KV-1P-C
699531338,RECL-TRIPSAVER-100-80T-15KV-1P-C
738065716,RECL-TRIPSAVER-100-80T-15KV-1P-C
744227762,RECL-TRIPSAVER-100-80T-15KV-1P-C
752352215,RECL-TRIPSAVER-200-150E-15KV-1P-C
775492140,RECL-TRIPSAVER-100-80T-15KV-1P-C
766728193,RECL-TRIPSAVER-100-80T-29KV-1P-C
765869638,RECL-TRIPSAVER-100-80T-29KV-1P-C
780254322,RECL-TRIPSAVER-200-150E-15KV-1P-C
780289055,RECL-TRIPSAVER-100-80T-15KV-1P-C
781959175,RECL-TRIPSAVER-200-100T-15KV-1P-C
783953317,RECL-TRIPSAVER-200-100T-29KV-1P-C
573421323,RECL-TRIPSAVER-100-80T-15KV-1P-C
563733823,RECL-TRIPSAVER-200-100T-15KV-1P-C
654272631,RECL-TRIPSAVER-100-80T-15KV-1P-C
651206646,RECL-TRIPSAVER-100-80T-15KV-1P-C
650962991,RECL-TRIPSAVER-100-80T-15KV-1P-C
650963219,RECL-TRIPSAVER-100-80T-15KV-1P-C
652774374,RECL-TRIPSAVER-100-80T-29KV-1P-C
659464033,RECL-TRIPSAVER-100-80T-29KV-1P-C
653934032,RECL-TRIPSAVER-200-100T-15KV-1P-C
654856737,RECL-TRIPSAVER-200-150E-29KV-1P-C
652637537,RECL-TRIPSAVER-100-80T-29KV-1P-C
652916193,RECL-TRIPSAVER-100-80T-29KV-1P-C
652065837,RECL-TRIPSAVER-200-150E-29KV-1P-C
651645170,RECL-TRIPSAVER-100-80T-29KV-1P-C
653934700,RECL-TRIPSAVER-100-80T-15KV-1P-C
650929169,RECL-TRIPSAVER-200-150E-15KV-1P-C
659124856,RECL-TRIPSAVER-100-80T-15KV-1P-C
659043692,RECL-TRIPSAVER-100-80T-15KV-1P-C
650808618,RECL-TRIPSAVER-100-80T-15KV-1P-C
650808628,RECL-TRIPSAVER-200-100T-15KV-1P-C
650808628,RECL-TRIPSAVER-100-80T-15KV-1P-C
661911683,RECL-TRIPSAVER-100-80T-15KV-1P-C
657752205,RECL-TRIPSAVER-200-150E-15KV-1P-C
654913116,RECL-TRIPSAVER-100-80T-29KV-1P-C
671809182,RECL-TRIPSAVER-100-80T-15KV-1P-C
672882796,RECL-TRIPSAVER-200-100T-29KV-1P-C
668614546,RECL-TRIPSAVER-200-100T-15KV-1P-C
670211906,RECL-TRIPSAVER-100-80T-15KV-1P-C
670508189,RECL-TRIPSAVER-100-80T-15KV-1P-C
677181046,RECL-TRIPSAVER-100-80T-15KV-1P-C
676773164,RECL-TRIPSAVER-100-80T-15KV-1P-C
672346537,RECL-TRIPSAVER-100-80T-29KV-1P-C
668966975,RECL-TRIPSAVER-100-80T-15KV-1P-C
672324701,RECL-TRIPSAVER-100-80T-29KV-1P-C
670388264,RECL-TRIPSAVER-200-100T-29KV-1P-C
672427706,RECL-TRIPSAVER-200-100T-15KV-1P-C
680444496,RECL-TRIPSAVER-100-80T-29KV-1P-C
678898764,RECL-TRIPSAVER-100-80T-15KV-1P-C
668993052,RECL-TRIPSAVER-200-150E-15KV-1P-C
679444125,RECL-TRIPSAVER-200-100T-15KV-1P-C
670607321,RECL-TRIPSAVER-100-80T-15KV-1P-C
673879196,RECL-TRIPSAVER-100-80T-15KV-1P-C
669374862,RECL-TRIPSAVER-100-80T-15KV-1P-C
670998834,RECL-TRIPSAVER-200-150E-15KV-1P-C
672419696,RECL-TRIPSAVER-100-80T-15KV-1P-C
678843078,RECL-TRIPSAVER-100-80T-29KV-1P-C
672995008,RECL-TRIPSAVER-200-150E-15KV-1P-C
673073043,RECL-TRIPSAVER-100-80T-29KV-1P-C
693201932,RECL-TRIPSAVER-200-100T-15KV-1P-C
701450745,RECL-TRIPSAVER-100-80T-29KV-1P-C
697324196,RECL-TRIPSAVER-200-150E-15KV-1P-C
693103401,RECL-TRIPSAVER-100-80T-15KV-1P-C
704233222,RECL-TRIPSAVER-100-80T-15KV-1P-C
731246844,RECL-TRIPSAVER-100-80T-15KV-1P-C
738315147,RECL-TRIPSAVER-100-80T-15KV-1P-C
740470520,RECL-TRIPSAVER-200-150E-15KV-1P-C
736790473,RECL-TRIPSAVER-100-80T-15KV-1P-C
738280325,RECL-TRIPSAVER-100-80T-29KV-1P-C
742763288,RECL-TRIPSAVER-100-80T-15KV-1P-C
742535765,RECL-TRIPSAVER-200-150E-15KV-1P-C
744227771,RECL-TRIPSAVER-100-80T-15KV-1P-C
737185481,RECL-TRIPSAVER-100-80T-15KV-1P-C
754718557,RECL-TRIPSAVER-100-80T-15KV-1P-C
765916532,RECL-TRIPSAVER-100-80T-15KV-1P-C
768973833,RECL-TRIPSAVER-100-80T-29KV-1P-C
769575019,RECL-TRIPSAVER-100-80T-15KV-1P-C
785518853,RECL-TRIPSAVER-100-80T-29KV-1P-C
566122197,RECL-TRIPSAVER-100-80T-15KV-1P-C
563661861,RECL-TRIPSAVER-200-150E-15KV-1P-C
653393033,RECL-TRIPSAVER-200-100T-29KV-1P-C
651224150,RECL-TRIPSAVER-200-100T-15KV-1P-C
658682742,RECL-TRIPSAVER-200-100T-15KV-1P-C
657321532,RECL-TRIPSAVER-100-80T-15KV-1P-C
652783151,RECL-TRIPSAVER-100-80T-15KV-1P-C
657841705,RECL-TRIPSAVER-100-80T-15KV-1P-C
661791415,RECL-TRIPSAVER-200-100T-15KV-1P-C
660065438,RECL-TRIPSAVER-100-80T-29KV-1P-C
671384161,RECL-TRIPSAVER-100-80T-15KV-1P-C
678069841,RECL-TRIPSAVER-100-80T-15KV-1P-C
671689227,RECL-TRIPSAVER-100-80T-29KV-1P-C
677700671,RECL-TRIPSAVER-100-80T-29KV-1P-C
668563337,RECL-TRIPSAVER-200-150E-15KV-1P-C
676184954,RECL-TRIPSAVER-200-100T-15KV-1P-C
668945463,RECL-TRIPSAVER-100-80T-15KV-1P-C
678593995,RECL-TRIPSAVER-200-100T-29KV-1P-C
674428882,RECL-TRIPSAVER-200-100T-15KV-1P-C
677396416,RECL-TRIPSAVER-100-80T-15KV-1P-C
671560824,RECL-TRIPSAVER-100-80T-15KV-1P-C
671560846,RECL-TRIPSAVER-100-80T-15KV-1P-C
672574452,RECL-TRIPSAVER-100-80T-15KV-1P-C
672904928,RECL-TRIPSAVER-100-80T-15KV-1P-C
674948453,RECL-TRIPSAVER-200-100T-15KV-1P-C
669126813,RECL-TRIPSAVER-100-80T-15KV-1P-C
680204118,RECL-TRIPSAVER-100-80T-29KV-1P-C
671428775,RECL-TRIPSAVER-200-100T-15KV-1P-C
701132934,RECL-TRIPSAVER-100-80T-15KV-1P-C
692394967,RECL-TRIPSAVER-100-80T-15KV-1P-C
697702272,RECL-TRIPSAVER-100-80T-15KV-1P-C
744575331,RECL-TRIPSAVER-100-80T-15KV-1P-C
761296361,RECL-TRIPSAVER-200-100T-15KV-1P-C
759935036,RECL-TRIPSAVER-100-80T-15KV-1P-C
781679971,RECL-TRIPSAVER-100-80T-15KV-1P-C
784964934,RECL-TRIPSAVER-100-80T-15KV-1P-C
804927754,RECL-TRIPSAVER-100-80T-29KV-1P-C
583438677,RECL-TRIPSAVER-200-150E-15KV-1P-C
659575597,RECL-TRIPSAVER-200-100T-15KV-1P-C
650851405,RECL-TRIPSAVER-100-80T-15KV-1P-C
651417590,RECL-TRIPSAVER-200-150E-15KV-1P-C
652649553,RECL-TRIPSAVER-100-80T-15KV-1P-C
653474841,RECL-TRIPSAVER-100-80T-15KV-1P-C
652065823,RECL-TRIPSAVER-100-80T-29KV-1P-C
651250220,RECL-TRIPSAVER-100-80T-29KV-1P-C
653684993,RECL-TRIPSAVER-100-80T-15KV-1P-C
656201195,RECL-TRIPSAVER-100-80T-15KV-1P-C
651216091,RECL-TRIPSAVER-100-80T-29KV-1P-C
653745525,RECL-TRIPSAVER-100-80T-29KV-1P-C
657481313,RECL-TRIPSAVER-100-80T-29KV-1P-C
655682053,RECL-TRIPSAVER-100-80T-15KV-1P-C
656640325,RECL-TRIPSAVER-200-100T-29KV-1P-C
660456010,RECL-TRIPSAVER-200-150E-15KV-1P-C
671465673,RECL-TRIPSAVER-200-150E-15KV-1P-C
668906501,RECL-TRIPSAVER-100-80T-15KV-1P-C
668910770,RECL-TRIPSAVER-100-80T-15KV-1P-C
673265104,RECL-TRIPSAVER-200-100T-29KV-1P-C
674003609,RECL-TRIPSAVER-200-100T-29KV-1P-C
670495544,RECL-TRIPSAVER-200-100T-29KV-1P-C
675446329,RECL-TRIPSAVER-100-80T-15KV-1P-C
672247897,RECL-TRIPSAVER-200-150E-15KV-1P-C
669739872,RECL-TRIPSAVER-200-100T-15KV-1P-C
670388237,RECL-TRIPSAVER-200-150E-29KV-1P-C
678641016,RECL-TRIPSAVER-200-100T-15KV-1P-C
678898737,RECL-TRIPSAVER-200-100T-15KV-1P-C
671345883,RECL-TRIPSAVER-200-100T-15KV-1P-C
672067072,RECL-TRIPSAVER-100-80T-15KV-1P-C
677906816,RECL-TRIPSAVER-100-80T-29KV-1P-C
668834207,RECL-TRIPSAVER-100-80T-15KV-1P-C
673385526,RECL-TRIPSAVER-200-100T-29KV-1P-C
674506160,RECL-TRIPSAVER-200-100T-15KV-1P-C
678598893,RECL-TRIPSAVER-100-80T-29KV-1P-C
668872745,RECL-TRIPSAVER-200-150E-15KV-1P-C
671118521,RECL-TRIPSAVER-100-80T-15KV-1P-C
674755088,RECL-TRIPSAVER-100-80T-29KV-1P-C
670813673,RECL-TRIPSAVER-100-80T-15KV-1P-C
675541230,RECL-TRIPSAVER-200-100T-15KV-1P-C
674081379,RECL-TRIPSAVER-100-80T-29KV-1P-C
671428792,RECL-TRIPSAVER-100-80T-15KV-1P-C
672694417,RECL-TRIPSAVER-100-80T-29KV-1P-C
744180260,RECL-TRIPSAVER-200-100T-15KV-1P-C
743823882,RECL-TRIPSAVER-200-150E-29KV-1P-C
744506677,RECL-TRIPSAVER-100-80T-15KV-1P-C
755924660,RECL-TRIPSAVER-200-100T-15KV-1P-C
774126807,RECL-TRIPSAVER-200-100T-15KV-1P-C
781177924,RECL-TRIPSAVER-100-80T-15KV-1P-C
787909462,RECL-TRIPSAVER-100-80T-29KV-1P-C
394524167,RECL-TRIPSAVER-100-80T-15KV-1P-C
568131160,RECL-TRIPSAVER-200-100T-15KV-1P-C
650963162,RECL-TRIPSAVER-200-150E-15KV-1P-C
653491724,RECL-TRIPSAVER-100-80T-15KV-1P-C
653912219,RECL-TRIPSAVER-100-80T-15KV-1P-C
650872471,RECL-TRIPSAVER-200-150E-29KV-1P-C
652482412,RECL-TRIPSAVER-100-80T-15KV-1P-C
651760733,RECL-TRIPSAVER-100-80T-15KV-1P-C
651138899,RECL-TRIPSAVER-200-100T-29KV-1P-C
650929222,RECL-TRIPSAVER-100-80T-15KV-1P-C
657626878,RECL-TRIPSAVER-200-100T-29KV-1P-C
658764995,RECL-TRIPSAVER-100-80T-15KV-1P-C
650808678,RECL-TRIPSAVER-200-100T-15KV-1P-C
654475450,RECL-TRIPSAVER-100-80T-15KV-1P-C
662216438,RECL-TRIPSAVER-200-150E-15KV-1P-C
651684495,RECL-TRIPSAVER-200-150E-15KV-1P-C
673518388,RECL-TRIPSAVER-200-100T-15KV-1P-C
668679137,RECL-TRIPSAVER-100-80T-29KV-1P-C
676811834,RECL-TRIPSAVER-200-100T-15KV-1P-C
668765281,RECL-TRIPSAVER-200-100T-15KV-1P-C
670418457,RECL-TRIPSAVER-200-100T-29KV-1P-C
672024406,RECL-TRIPSAVER-200-150E-15KV-1P-C
676417129,RECL-TRIPSAVER-100-80T-15KV-1P-C
668666551,RECL-TRIPSAVER-200-100T-15KV-1P-C
669147179,RECL-TRIPSAVER-200-150E-15KV-1P-C
669353448,RECL-TRIPSAVER-100-80T-29KV-1P-C
670607203,RECL-TRIPSAVER-100-80T-15KV-1P-C
673175112,RECL-TRIPSAVER-100-80T-15KV-1P-C
673540012,RECL-TRIPSAVER-100-80T-15KV-1P-C
672011699,RECL-TRIPSAVER-100-80T-15KV-1P-C
670358186,RECL-TRIPSAVER-100-80T-15KV-1P-C
670358197,RECL-TRIPSAVER-100-80T-15KV-1P-C
672664741,RECL-TRIPSAVER-200-150E-15KV-1P-C
674630704,RECL-TRIPSAVER-200-100T-15KV-1P-C
673029288,RECL-TRIPSAVER-200-150E-29KV-1P-C
680204135,RECL-TRIPSAVER-100-80T-29KV-1P-C
673081395,RECL-TRIPSAVER-100-80T-15KV-1P-C
698449187,RECL-TRIPSAVER-100-80T-29KV-1P-C
699282258,RECL-TRIPSAVER-100-80T-15KV-1P-C
738241701,RECL-TRIPSAVER-200-100T-15KV-1P-C
752519280,RECL-TRIPSAVER-100-80T-15KV-1P-C
772851364,RECL-TRIPSAVER-100-80T-15KV-1P-C
771090800,RECL-TRIPSAVER-100-80T-15KV-1P-C
782873655,RECL-TRIPSAVER-100-80T-15KV-1P-C
571907413,RECL-TRIPSAVER-100-80T-15KV-1P-C
650963219,RECL-TRIPSAVER-100-80T-15KV-1P-C
651525086,RECL-TRIPSAVER-200-150E-15KV-1P-C
655926107,RECL-TRIPSAVER-100-80T-15KV-1P-C
656772095,RECL-TRIPSAVER-200-100T-15KV-1P-C
659412596,RECL-TRIPSAVER-200-100T-15KV-1P-C
650907407,RECL-TRIPSAVER-100-80T-15KV-1P-C
650688610,RECL-TRIPSAVER-100-80T-29KV-1P-C
651542825,RECL-TRIPSAVER-100-80T-15KV-1P-C
652491707,RECL-TRIPSAVER-100-80T-15KV-1P-C
658764967,RECL-TRIPSAVER-100-80T-15KV-1P-C
660374702,RECL-TRIPSAVER-100-80T-15KV-1P-C
653113979,RECL-TRIPSAVER-200-100T-15KV-1P-C
672882748,RECL-TRIPSAVER-100-80T-29KV-1P-C
676030239,RECL-TRIPSAVER-100-80T-15KV-1P-C
675291726,RECL-TRIPSAVER-200-150E-15KV-1P-C
674256816,RECL-TRIPSAVER-200-100T-29KV-1P-C
669821377,RECL-TRIPSAVER-100-80T-15KV-1P-C
670946341,RECL-TRIPSAVER-100-80T-15KV-1P-C
672346304,RECL-TRIPSAVER-100-80T-29KV-1P-C
673754750,RECL-TRIPSAVER-100-80T-15KV-1P-C
676837651,RECL-TRIPSAVER-100-80T-15KV-1P-C
672007445,RECL-TRIPSAVER-100-80T-29KV-1P-C
668752789,RECL-TRIPSAVER-100-80T-15KV-1P-C
668795612,RECL-TRIPSAVER-200-150E-15KV-1P-C
669263289,RECL-TRIPSAVER-200-150E-15KV-1P-C
674463724,RECL-TRIPSAVER-100-80T-15KV-1P-C
674445899,RECL-TRIPSAVER-100-80T-15KV-1P-C
677623514,RECL-TRIPSAVER-200-150E-29KV-1P-C
673222551,RECL-TRIPSAVER-100-80T-15KV-1P-C
669078917,RECL-TRIPSAVER-100-80T-15KV-1P-C
680191205,RECL-TRIPSAVER-200-100T-15KV-1P-C
674815609,RECL-TRIPSAVER-100-80T-15KV-1P-C
671282033,RECL-TRIPSAVER-200-100T-15KV-1P-C
671217329,RECL-TRIPSAVER-100-80T-29KV-1P-C
673952378,RECL-TRIPSAVER-200-150E-15KV-1P-C
669500620,RECL-TRIPSAVER-200-150E-15KV-1P-C
672578541,RECL-TRIPSAVER-200-150E-15KV-1P-C
672591310,RECL-TRIPSAVER-100-80T-15KV-1P-C
731246768,RECL-TRIPSAVER-200-100T-15KV-1P-C
744717019,RECL-TRIPSAVER-100-80T-15KV-1P-C
756259292,RECL-TRIPSAVER-100-80T-29KV-1P-C
771498865,RECL-TRIPSAVER-100-80T-15KV-1P-C
767535835,RECL-TRIPSAVER-200-100T-15KV-1P-C
566473280,RECL-TRIPSAVER-200-150E-15KV-1P-C
563662010,RECL-TRIPSAVER-100-80T-15KV-1P-C
650820562,RECL-TRIPSAVER-100-80T-15KV-1P-C
660391704,RECL-TRIPSAVER-200-150E-15KV-1P-C
653311138,RECL-TRIPSAVER-200-100T-15KV-1P-C
652804887,RECL-TRIPSAVER-100-80T-15KV-1P-C
654358968,RECL-TRIPSAVER-100-80T-15KV-1P-C
652010219,RECL-TRIPSAVER-100-80T-15KV-1P-C
651147273,RECL-TRIPSAVER-200-100T-15KV-1P-C
654191358,RECL-TRIPSAVER-100-80T-29KV-1P-C
656231341,RECL-TRIPSAVER-100-80T-15KV-1P-C
658489927,RECL-TRIPSAVER-200-100T-15KV-1P-C
657983449,RECL-TRIPSAVER-200-150E-15KV-1P-C
654518761,RECL-TRIPSAVER-100-80T-15KV-1P-C
669215655,RECL-TRIPSAVER-200-150E-15KV-1P-C
675978766,RECL-TRIPSAVER-200-100T-15KV-1P-C
673256393,RECL-TRIPSAVER-100-80T-15KV-1P-C
678598048,RECL-TRIPSAVER-200-100T-15KV-1P-C
670255179,RECL-TRIPSAVER-100-80T-15KV-1P-C
672346465,RECL-TRIPSAVER-100-80T-29KV-1P-C
676253862,RECL-TRIPSAVER-100-80T-29KV-1P-C
672354733,RECL-TRIPSAVER-200-100T-15KV-1P-C
674952700,RECL-TRIPSAVER-200-150E-15KV-1P-C
671092321,RECL-TRIPSAVER-100-80T-15KV-1P-C
670285160,RECL-TRIPSAVER-200-150E-15KV-1P-C
674536201,RECL-TRIPSAVER-100-80T-29KV-1P-C
676498449,RECL-TRIPSAVER-100-80T-15KV-1P-C
674570838,RECL-TRIPSAVER-200-100T-29KV-1P-C
677152435,RECL-TRIPSAVER-100-80T-15KV-1P-C
679615884,RECL-TRIPSAVER-100-80T-15KV-1P-C
670963713,RECL-TRIPSAVER-100-80T-15KV-1P-C
672694396,RECL-TRIPSAVER-100-80T-29KV-1P-C
673089843,RECL-TRIPSAVER-200-100T-15KV-1P-C
671243201,RECL-TRIPSAVER-100-80T-15KV-1P-C
693751619,RECL-TRIPSAVER-200-100T-15KV-1P-C
695147158,RECL-TRIPSAVER-200-100T-15KV-1P-C
699771748,RECL-TRIPSAVER-100-80T-29KV-1P-C
698200199,RECL-TRIPSAVER-200-150E-15KV-1P-C
765955565,RECL-TRIPSAVER-100-80T-29KV-1P-C
779678771,RECL-TRIPSAVER-100-80T-15KV-1P-C
782570479,RECL-TRIPSAVER-200-100T-29KV-1P-C
565232788,RECL-TRIPSAVER-100-80T-15KV-1P-C
651107821,RECL-TRIPSAVER-100-80T-15KV-1P-C
655212952,RECL-TRIPSAVER-100-80T-15KV-1P-C
655212967,RECL-TRIPSAVER-100-80T-15KV-1P-C
651301894,RECL-TRIPSAVER-100-80T-15KV-1P-C
652280802,RECL-TRIPSAVER-200-100T-15KV-1P-C
652091861,RECL-TRIPSAVER-200-100T-15KV-1P-C
658794380,RECL-TRIPSAVER-200-100T-15KV-1P-C
651250302,RECL-TRIPSAVER-100-80T-29KV-1P-C
657103363,RECL-TRIPSAVER-100-80T-15KV-1P-C
650688483,RECL-TRIPSAVER-100-80T-15KV-1P-C
659143040,RECL-TRIPSAVER-100-80T-15KV-1P-C
673110272,RECL-TRIPSAVER-200-100T-15KV-1P-C
670731415,RECL-TRIPSAVER-100-80T-15KV-1P-C
670443766,RECL-TRIPSAVER-200-100T-15KV-1P-C
671650378,RECL-TRIPSAVER-200-150E-15KV-1P-C
671560288,RECL-TRIPSAVER-200-100T-15KV-1P-C
675051258,RECL-TRIPSAVER-200-100T-15KV-1P-C
671693399,RECL-TRIPSAVER-100-80T-29KV-1P-C
669821354,RECL-TRIPSAVER-100-80T-15KV-1P-C
678529374,RECL-TRIPSAVER-200-100T-15KV-1P-C
670766939,RECL-TRIPSAVER-200-150E-15KV-1P-C
669100023,RECL-TRIPSAVER-200-100T-15KV-1P-C
670538745,RECL-TRIPSAVER-100-80T-29KV-1P-C
677229341,RECL-TRIPSAVER-200-150E-29KV-1P-C
674939907,RECL-TRIPSAVER-100-80T-15KV-1P-C
669542349,RECL-TRIPSAVER-100-80T-29KV-1P-C
675580024,RECL-TRIPSAVER-100-80T-15KV-1P-C
669976701,RECL-TRIPSAVER-100-80T-15KV-1P-C
668916510,RECL-TRIPSAVER-100-80T-29KV-1P-C
678138928,RECL-TRIPSAVER-100-80T-29KV-1P-C
670637804,RECL-TRIPSAVER-100-80T-15KV-1P-C
739572973,RECL-TRIPSAVER-100-80T-29KV-1P-C
739027801,RECL-TRIPSAVER-100-80T-15KV-1P-C
758281837,RECL-TRIPSAVER-100-80T-15KV-1P-C
766049651,RECL-TRIPSAVER-100-80T-29KV-1P-C
779330981,RECL-TRIPSAVER-200-150E-29KV-1P-C
782126460,RECL-TRIPSAVER-100-80T-15KV-1P-C
780997360,RECL-TRIPSAVER-100-80T-15KV-1P-C
651107830,RECL-TRIPSAVER-100-80T-15KV-1P-C
651352630,RECL-TRIPSAVER-100-80T-15KV-1P-C
650851312,RECL-TRIPSAVER-200-150E-15KV-1P-C
650734300,RECL-TRIPSAVER-200-100T-29KV-1P-C
653349355,RECL-TRIPSAVER-100-80T-15KV-1P-C
650971040,RECL-TRIPSAVER-100-80T-15KV-1P-C
652473462,RECL-TRIPSAVER-200-100T-29KV-1P-C
651146996,RECL-TRIPSAVER-100-80T-15KV-1P-C
652804924,RECL-TRIPSAVER-100-80T-15KV-1P-C
651434878,RECL-TRIPSAVER-200-150E-15KV-1P-C
652336512,RECL-TRIPSAVER-200-100T-15KV-1P-C
650907184,RECL-TRIPSAVER-100-80T-15KV-1P-C
653289784,RECL-TRIPSAVER-200-100T-15KV-1P-C
657163209,RECL-TRIPSAVER-200-100T-15KV-1P-C
658442973,RECL-TRIPSAVER-100-80T-15KV-1P-C
656626543,RECL-TRIPSAVER-200-150E-15KV-1P-C
672882787,RECL-TRIPSAVER-100-80T-29KV-1P-C
670525341,RECL-TRIPSAVER-100-80T-15KV-1P-C
675308842,RECL-TRIPSAVER-100-80T-29KV-1P-C
668683295,RECL-TRIPSAVER-100-80T-29KV-1P-C
672496273,RECL-TRIPSAVER-200-100T-29KV-1P-C
674759678,RECL-TRIPSAVER-100-80T-29KV-1P-C
668606433,RECL-TRIPSAVER-100-80T-15KV-1P-C
670955645,RECL-TRIPSAVER-200-100T-15KV-1P-C
676417165,RECL-TRIPSAVER-100-80T-15KV-1P-C
679401057,RECL-TRIPSAVER-100-80T-15KV-1P-C
679048951,RECL-TRIPSAVER-100-80T-15KV-1P-C
673977799,RECL-TRIPSAVER-100-80T-15KV-1P-C
674939911,RECL-TRIPSAVER-100-80T-15KV-1P-C
678095762,RECL-TRIPSAVER-100-80T-15KV-1P-C
672651407,RECL-TRIPSAVER-100-80T-15KV-1P-C
669645899,RECL-TRIPSAVER-200-100T-29KV-1P-C
673373386,RECL-TRIPSAVER-100-80T-15KV-1P-C
669312538,RECL-TRIPSAVER-100-80T-15KV-1P-C
678791709,RECL-TRIPSAVER-100-80T-15KV-1P-C
699282287,RECL-TRIPSAVER-100-80T-15KV-1P-C
694017824,RECL-TRIPSAVER-200-100T-15KV-1P-C
696212146,RECL-TRIPSAVER-100-80T-15KV-1P-C
693103413,RECL-TRIPSAVER-200-150E-15KV-1P-C
738967346,RECL-TRIPSAVER-100-80T-15KV-1P-C
757659287,RECL-TRIPSAVER-100-80T-15KV-1P-C
755384064,RECL-TRIPSAVER-100-80T-15KV-1P-C
767999120,RECL-TRIPSAVER-100-80T-15KV-1P-C
772366915,RECL-TRIPSAVER-100-80T-29KV-1P-C
786738095,RECL-TRIPSAVER-100-80T-15KV-1P-C
783947888,RECL-TRIPSAVER-100-80T-29KV-1P-C
566122097,RECL-TRIPSAVER-100-80T-15KV-1P-C
573825566,RECL-TRIPSAVER-100-80T-15KV-1P-C
652774365,RECL-TRIPSAVER-200-100T-29KV-1P-C
655414893,RECL-TRIPSAVER-100-80T-29KV-1P-C
658884508,RECL-TRIPSAVER-200-100T-15KV-1P-C
651662543,RECL-TRIPSAVER-100-80T-29KV-1P-C
656780543,RECL-TRIPSAVER-200-100T-15KV-1P-C
651250241,RECL-TRIPSAVER-100-80T-29KV-1P-C
654273691,RECL-TRIPSAVER-100-80T-15KV-1P-C
653289820,RECL-TRIPSAVER-100-80T-15KV-1P-C
650710285,RECL-TRIPSAVER-100-80T-15KV-1P-C
661911631,RECL-TRIPSAVER-100-80T-15KV-1P-C
661495084,RECL-TRIPSAVER-100-80T-15KV-1P-C
657987713,RECL-TRIPSAVER-100-80T-15KV-1P-C
671126439,RECL-TRIPSAVER-200-100T-15KV-1P-C
671319755,RECL-TRIPSAVER-100-80T-29KV-1P-C
669121372,RECL-TRIPSAVER-200-150E-15KV-1P-C
672376127,RECL-TRIPSAVER-200-150E-15KV-1P-C
675347554,RECL-TRIPSAVER-100-80T-29KV-1P-C
672385189,RECL-TRIPSAVER-100-80T-15KV-1P-C
676103508,RECL-TRIPSAVER-100-80T-15KV-1P-C
675111599,RECL-TRIPSAVER-200-100T-15KV-1P-C
674823692,RECL-TRIPSAVER-200-100T-15KV-1P-C
672659569,RECL-TRIPSAVER-100-80T-15KV-1P-C
678357582,RECL-TRIPSAVER-100-80T-29KV-1P-C
673149109,RECL-TRIPSAVER-200-100T-15KV-1P-C
669259411,RECL-TRIPSAVER-100-80T-15KV-1P-C
671646548,RECL-TRIPSAVER-200-100T-29KV-1P-C
669508042,RECL-TRIPSAVER-100-80T-15KV-1P-C
673952139,RECL-TRIPSAVER-100-80T-29KV-1P-C
672106254,RECL-TRIPSAVER-100-80T-29KV-1P-C
669353289,RECL-TRIPSAVER-100-80T-15KV-1P-C
672311735,RECL-TRIPSAVER-100-80T-15KV-1P-C
671101253,RECL-TRIPSAVER-100-80T-15KV-1P-C
672552299,RECL-TRIPSAVER-100-80T-15KV-1P-C
669340536,RECL-TRIPSAVER-200-100T-15KV-1P-C
677971238,RECL-TRIPSAVER-100-80T-15KV-1P-C
675721597,RECL-TRIPSAVER-100-80T-29KV-1P-C
672367860,RECL-TRIPSAVER-100-80T-29KV-1P-C
671547822,RECL-TRIPSAVER-200-150E-15KV-1P-C
677507584,RECL-TRIPSAVER-200-100T-15KV-1P-C
668795676,RECL-TRIPSAVER-200-150E-15KV-1P-C
673084796,RECL-TRIPSAVER-100-80T-15KV-1P-C
676060522,RECL-TRIPSAVER-100-80T-29KV-1P-C
670319747,RECL-TRIPSAVER-100-80T-29KV-1P-C
679697460,RECL-TRIPSAVER-200-100T-15KV-1P-C
673012986,RECL-TRIPSAVER-200-100T-15KV-1P-C
692905729,RECL-TRIPSAVER-100-80T-15KV-1P-C
692523606,RECL-TRIPSAVER-100-80T-15KV-1P-C
699419738,RECL-TRIPSAVER-100-80T-15KV-1P-C
697324223,RECL-TRIPSAVER-100-80T-15KV-1P-C
702232805,RECL-TRIPSAVER-100-80T-15KV-1P-C
709308688,RECL-TRIPSAVER-200-150E-15KV-1P-C
752116022,RECL-TRIPSAVER-100-80T-15KV-1P-C
768926591,RECL-TRIPSAVER-200-100T-15KV-1P-C
768651810,RECL-TRIPSAVER-100-80T-15KV-1P-C
787480997,RECL-TRIPSAVER-100-80T-15KV-1P-C
784406559,RECL-TRIPSAVER-100-80T-15KV-1P-C
565924172,RECL-TRIPSAVER-200-100T-15KV-1P-C
650963175,RECL-TRIPSAVER-100-80T-15KV-1P-C
657420282,RECL-TRIPSAVER-100-80T-15KV-1P-C
650738980,RECL-TRIPSAVER-100-80T-15KV-1P-C
652740083,RECL-TRIPSAVER-100-80T-15KV-1P-C
658442551,RECL-TRIPSAVER-100-80T-15KV-1P-C
654187332,RECL-TRIPSAVER-100-80T-29KV-1P-C
660387172,RECL-TRIPSAVER-200-150E-15KV-1P-C
652804942,RECL-TRIPSAVER-200-100T-15KV-1P-C
651250227,RECL-TRIPSAVER-100-80T-29KV-1P-C
656231332,RECL-TRIPSAVER-200-100T-15KV-1P-C
654071692,RECL-TRIPSAVER-100-80T-15KV-1P-C
661121518,RECL-TRIPSAVER-200-100T-15KV-1P-C
654990740,RECL-TRIPSAVER-200-100T-15KV-1P-C
657163601,RECL-TRIPSAVER-200-100T-15KV-1P-C
668593001,RECL-TRIPSAVER-200-150E-15KV-1P-C
675141355,RECL-TRIPSAVER-100-80T-15KV-1P-C
676305079,RECL-TRIPSAVER-200-150E-15KV-1P-C
672385196,RECL-TRIPSAVER-100-80T-15KV-1P-C
668473890,RECL-TRIPSAVER-100-80T-15KV-1P-C
672659613,RECL-TRIPSAVER-100-80T-15KV-1P-C
676257881,RECL-TRIPSAVER-100-80T-15KV-1P-C
677863857,RECL-TRIPSAVER-200-150E-15KV-1P-C
677670749,RECL-TRIPSAVER-200-150E-15KV-1P-C
672492631,RECL-TRIPSAVER-100-80T-15KV-1P-C
676305449,RECL-TRIPSAVER-100-80T-15KV-1P-C
674218318,RECL-TRIPSAVER-100-80T-15KV-1P-C
678615376,RECL-TRIPSAVER-200-100T-15KV-1P-C
672706976,RECL-TRIPSAVER-100-80T-15KV-1P-C
674755094,RECL-TRIPSAVER-100-80T-29KV-1P-C
670143642,RECL-TRIPSAVER-100-80T-15KV-1P-C
673858000,RECL-TRIPSAVER-200-150E-29KV-1P-C
674445912,RECL-TRIPSAVER-100-80T-15KV-1P-C
679693155,RECL-TRIPSAVER-200-150E-15KV-1P-C
676477090,RECL-TRIPSAVER-200-150E-15KV-1P-C
674574861,RECL-TRIPSAVER-100-80T-15KV-1P-C
670620500,RECL-TRIPSAVER-100-80T-15KV-1P-C
673952369,RECL-TRIPSAVER-200-100T-15KV-1P-C
695130051,RECL-TRIPSAVER-100-80T-15KV-1P-C
704529499,RECL-TRIPSAVER-100-80T-15KV-1P-C
723294269,RECL-TRIPSAVER-100-80T-15KV-1P-C
737108312,RECL-TRIPSAVER-200-150E-15KV-1P-C
745442700,RECL-TRIPSAVER-200-150E-15KV-1P-C
739998458,RECL-TRIPSAVER-100-80T-15KV-1P-C
742016313,RECL-TRIPSAVER-100-80T-15KV-1P-C
786347550,RECL-TRIPSAVER-100-80T-29KV-1P-C
809990340,RECL-TRIPSAVER-100-80T-15KV-1P-C
650851382,RECL-TRIPSAVER-100-80T-15KV-1P-C
655019708,RECL-TRIPSAVER-100-80T-15KV-1P-C
651056568,RECL-TRIPSAVER-100-80T-15KV-1P-C
651056590,RECL-TRIPSAVER-100-80T-15KV-1P-C
655925997,RECL-TRIPSAVER-200-100T-15KV-1P-C
653912233,RECL-TRIPSAVER-100-80T-15KV-1P-C
657510646,RECL-TRIPSAVER-100-80T-15KV-1P-C
653474858,RECL-TRIPSAVER-200-100T-15KV-1P-C
652504266,RECL-TRIPSAVER-200-100T-15KV-1P-C
653289767,RECL-TRIPSAVER-100-80T-15KV-1P-C
651255403,RECL-TRIPSAVER-200-150E-15KV-1P-C
651048624,RECL-TRIPSAVER-100-80T-29KV-1P-C
650688581,RECL-TRIPSAVER-100-80T-29KV-1P-C
650778830,RECL-TRIPSAVER-200-150E-15KV-1P-C
657854541,RECL-TRIPSAVER-200-150E-15KV-1P-C
659361564,RECL-TRIPSAVER-200-100T-15KV-1P-C
650736581,RECL-TRIPSAVER-200-100T-15KV-1P-C
658546049,RECL-TRIPSAVER-100-80T-15KV-1P-C
655682072,RECL-TRIPSAVER-100-80T-15KV-1P-C
669580598,RECL-TRIPSAVER-100-80T-29KV-1P-C
672122673,RECL-TRIPSAVER-100-80T-15KV-1P-C
670976237,RECL-TRIPSAVER-100-80T-15KV-1P-C
675347547,RECL-TRIPSAVER-100-80T-29KV-1P-C
670680134,RECL-TRIPSAVER-200-100T-15KV-1P-C
678868634,RECL-TRIPSAVER-100-80T-15KV-1P-C
676129668,RECL-TRIPSAVER-100-80T-29KV-1P-C
675605256,RECL-TRIPSAVER-200-100T-15KV-1P-C
669619606,RECL-TRIPSAVER-100-80T-15KV-1P-C
669890326,RECL-TRIPSAVER-100-80T-29KV-1P-C
671663630,RECL-TRIPSAVER-200-150E-29KV-1P-C
678594001,RECL-TRIPSAVER-200-100T-29KV-1P-C
669065889,RECL-TRIPSAVER-100-80T-15KV-1P-C
678572448,RECL-TRIPSAVER-200-100T-15KV-1P-C
679615893,RECL-TRIPSAVER-100-80T-15KV-1P-C
680105349,RECL-TRIPSAVER-100-80T-15KV-1P-C
671385505,RECL-TRIPSAVER-100-80T-15KV-1P-C
675115899,RECL-TRIPSAVER-100-80T-29KV-1P-C
671432045,RECL-TRIPSAVER-200-150E-15KV-1P-C
698389059,RECL-TRIPSAVER-200-100T-15KV-1P-C
723294256,RECL-TRIPSAVER-200-100T-15KV-1P-C
742630146,RECL-TRIPSAVER-100-80T-15KV-1P-C
739997999,RECL-TRIPSAVER-100-80T-15KV-1P-C
739435548,RECL-TRIPSAVER-100-80T-29KV-1P-C
754542092,RECL-TRIPSAVER-100-80T-29KV-1P-C
767415142,RECL-TRIPSAVER-100-80T-15KV-1P-C
775784304,RECL-TRIPSAVER-200-150E-15KV-1P-C
786433959,RECL-TRIPSAVER-200-100T-29KV-1P-C
785128386,RECL-TRIPSAVER-100-80T-29KV-1P-C
571617620,RECL-TRIPSAVER-200-150E-15KV-1P-C
564069232,RECL-TRIPSAVER-100-80T-15KV-1P-C
565289346,RECL-TRIPSAVER-200-150E-15KV-1P-C
565979904,RECL-TRIPSAVER-200-100T-15KV-1P-C
655925932,RECL-TRIPSAVER-200-100T-15KV-1P-C
654144175,RECL-TRIPSAVER-100-80T-29KV-1P-C
657772649,RECL-TRIPSAVER-100-80T-15KV-1P-C
654578881,RECL-TRIPSAVER-200-100T-15KV-1P-C
650907167,RECL-TRIPSAVER-100-80T-15KV-1P-C
656364192,RECL-TRIPSAVER-200-100T-15KV-1P-C
661911666,RECL-TRIPSAVER-200-100T-15KV-1P-C
650808669,RECL-TRIPSAVER-200-100T-15KV-1P-C
657987727,RECL-TRIPSAVER-100-80T-15KV-1P-C
651101664,RECL-TRIPSAVER-100-80T-15KV-1P-C
654913177,RECL-TRIPSAVER-200-150E-29KV-1P-C
676219128,RECL-TRIPSAVER-100-80T-15KV-1P-C
671109287,RECL-TRIPSAVER-100-80T-15KV-1P-C
674694837,RECL-TRIPSAVER-100-80T-29KV-1P-C
676674358,RECL-TRIPSAVER-100-80T-15KV-1P-C
678598000,RECL-TRIPSAVER-100-80T-15KV-1P-C
682084752,RECL-TRIPSAVER-100-80T-15KV-1P-C
669821386,RECL-TRIPSAVER-200-100T-15KV-1P-C
671260176,RECL-TRIPSAVER-100-80T-15KV-1P-C
668765260,RECL-TRIPSAVER-100-80T-15KV-1P-C
668481503,RECL-TRIPSAVER-100-80T-15KV-1P-C
675270269,RECL-TRIPSAVER-200-150E-15KV-1P-C
677584735,RECL-TRIPSAVER-200-100T-15KV-1P-C
676489850,RECL-TRIPSAVER-200-100T-29KV-1P-C
679431162,RECL-TRIPSAVER-100-80T-15KV-1P-C
673385524,RECL-TRIPSAVER-200-100T-29KV-1P-C
670839332,RECL-TRIPSAVER-100-80T-15KV-1P-C
673106852,RECL-TRIPSAVER-100-80T-15KV-1P-C
676207401,RECL-TRIPSAVER-100-80T-29KV-1P-C
680204231,RECL-TRIPSAVER-100-80T-29KV-1P-C
668916435,RECL-TRIPSAVER-100-80T-29KV-1P-C
670491318,RECL-TRIPSAVER-100-80T-15KV-1P-C
678138993,RECL-TRIPSAVER-200-100T-29KV-1P-C
678139007,RECL-TRIPSAVER-200-100T-29KV-1P-C
699587301,RECL-TRIPSAVER-100-80T-29KV-1P-C
740109576,RECL-TRIPSAVER-100-80T-15KV-1P-C
737365777,RECL-TRIPSAVER-100-80T-15KV-1P-C
774787925,RECL-TRIPSAVER-100-80T-15KV-1P-C
784436650,RECL-TRIPSAVER-100-80T-15KV-1P-C
789266678,RECL-TRIPSAVER-100-80T-15KV-1P-C
583438673,RECL-TRIPSAVER-200-150E-15KV-1P-C
570239759,RECL-TRIPSAVER-100-80T-15KV-1P-C
574108159,RECL-TRIPSAVER-100-80T-15KV-1P-C
570707786,RECL-TRIPSAVER-100-80T-15KV-1P-C
570492758,RECL-TRIPSAVER-200-100T-15KV-1P-C
651331355,RECL-TRIPSAVER-200-100T-15KV-1P-C
657244057,RECL-TRIPSAVER-200-100T-15KV-1P-C
651202513,RECL-TRIPSAVER-200-100T-15KV-1P-C
654831872,RECL-TRIPSAVER-100-80T-15KV-1P-C
650872457,RECL-TRIPSAVER-100-80T-29KV-1P-C
656025248,RECL-TRIPSAVER-200-100T-15KV-1P-C
656858076,RECL-TRIPSAVER-200-100T-29KV-1P-C
656454466,RECL-TRIPSAVER-200-100T-15KV-1P-C
656656266,RECL-TRIPSAVER-100-80T-15KV-1P-C
668906485,RECL-TRIPSAVER-100-80T-15KV-1P-C
672101188,RECL-TRIPSAVER-100-80T-15KV-1P-C
671384119,RECL-TRIPSAVER-100-80T-15KV-1P-C
671384150,RECL-TRIPSAVER-100-80T-15KV-1P-C
672006779,RECL-TRIPSAVER-200-100T-15KV-1P-C
669189957,RECL-TRIPSAVER-100-80T-15KV-1P-C
676532747,RECL-TRIPSAVER-200-100T-15KV-1P-C
670628656,RECL-TRIPSAVER-200-100T-15KV-1P-C
669494819,RECL-TRIPSAVER-200-100T-15KV-1P-C
673467061,RECL-TRIPSAVER-100-80T-29KV-1P-C
676253817,RECL-TRIPSAVER-100-80T-29KV-1P-C
671543165,RECL-TRIPSAVER-100-80T-29KV-1P-C
670388194,RECL-TRIPSAVER-100-80T-29KV-1P-C
677825596,RECL-TRIPSAVER-200-100T-15KV-1P-C
668663035,RECL-TRIPSAVER-100-80T-15KV-1P-C
680444485,RECL-TRIPSAVER-100-80T-29KV-1P-C
680500259,RECL-TRIPSAVER-100-80T-15KV-1P-C
678898746,RECL-TRIPSAVER-100-80T-15KV-1P-C
673316714,RECL-TRIPSAVER-200-150E-15KV-1P-C
673316723,RECL-TRIPSAVER-100-80T-15KV-1P-C
676687380,RECL-TRIPSAVER-200-150E-15KV-1P-C
675210196,RECL-TRIPSAVER-100-80T-29KV-1P-C
677850998,RECL-TRIPSAVER-100-80T-15KV-1P-C
677623540,RECL-TRIPSAVER-100-80T-29KV-1P-C
668572103,RECL-TRIPSAVER-200-100T-15KV-1P-C
675463758,RECL-TRIPSAVER-100-80T-29KV-1P-C
671367473,RECL-TRIPSAVER-200-100T-15KV-1P-C
673269585,RECL-TRIPSAVER-200-100T-15KV-1P-C
671869713,RECL-TRIPSAVER-100-80T-15KV-1P-C
669126869,RECL-TRIPSAVER-100-80T-15KV-1P-C
675115965,RECL-TRIPSAVER-100-80T-29KV-1P-C
674605635,RECL-TRIPSAVER-100-80T-29KV-1P-C
674605644,RECL-TRIPSAVER-100-80T-29KV-1P-C
673244040,RECL-TRIPSAVER-100-80T-15KV-1P-C
673759401,RECL-TRIPSAVER-100-80T-15KV-1P-C
676288912,RECL-TRIPSAVER-100-80T-15KV-1P-C
700415872,RECL-TRIPSAVER-100-80T-15KV-1P-C
696688649,RECL-TRIPSAVER-100-80T-15KV-1P-C
743557643,RECL-TRIPSAVER-200-100T-15KV-1P-C
737790934,RECL-TRIPSAVER-100-80T-15KV-1P-C
738719024,RECL-TRIPSAVER-100-80T-15KV-1P-C
739714807,RECL-TRIPSAVER-100-80T-15KV-1P-C
766762490,RECL-TRIPSAVER-100-80T-15KV-1P-C
767716011,RECL-TRIPSAVER-100-80T-15KV-1P-C
787017205,RECL-TRIPSAVER-100-80T-15KV-1P-C
787038715,RECL-TRIPSAVER-100-80T-15KV-1P-C
785295603,RECL-TRIPSAVER-200-100T-29KV-1P-C
654617005,RECL-TRIPSAVER-200-100T-15KV-1P-C
656857819,RECL-TRIPSAVER-100-80T-15KV-1P-C
657733759,RECL-TRIPSAVER-100-80T-15KV-1P-C
653087953,RECL-TRIPSAVER-100-80T-15KV-1P-C
658339252,RECL-TRIPSAVER-100-80T-15KV-1P-C
651061068,RECL-TRIPSAVER-100-80T-15KV-1P-C
655707215,RECL-TRIPSAVER-200-100T-15KV-1P-C
658589014,RECL-TRIPSAVER-200-100T-29KV-1P-C
651585257,RECL-TRIPSAVER-200-150E-29KV-1P-C
651684035,RECL-TRIPSAVER-200-100T-29KV-1P-C
655690224,RECL-TRIPSAVER-100-80T-15KV-1P-C
651856068,RECL-TRIPSAVER-100-80T-15KV-1P-C
652491665,RECL-TRIPSAVER-200-100T-15KV-1P-C
650714731,RECL-TRIPSAVER-100-80T-15KV-1P-C
654879078,RECL-TRIPSAVER-200-100T-15KV-1P-C
673265119,RECL-TRIPSAVER-100-80T-29KV-1P-C
670714314,RECL-TRIPSAVER-200-150E-15KV-1P-C
675965826,RECL-TRIPSAVER-200-150E-15KV-1P-C
675965835,RECL-TRIPSAVER-200-150E-15KV-1P-C
673518383,RECL-TRIPSAVER-100-80T-15KV-1P-C
676674363,RECL-TRIPSAVER-100-80T-15KV-1P-C
670418524,RECL-TRIPSAVER-100-80T-29KV-1P-C
677812318,RECL-TRIPSAVER-200-100T-15KV-1P-C
671101192,RECL-TRIPSAVER-100-80T-15KV-1P-C
679229370,RECL-TRIPSAVER-100-80T-15KV-1P-C
668842531,RECL-TRIPSAVER-100-80T-29KV-1P-C
676008917,RECL-TRIPSAVER-200-100T-15KV-1P-C
677048117,RECL-TRIPSAVER-100-80T-29KV-1P-C
670199293,RECL-TRIPSAVER-100-80T-15KV-1P-C
677906822,RECL-TRIPSAVER-100-80T-29KV-1P-C
679426806,RECL-TRIPSAVER-200-150E-15KV-1P-C
669452525,RECL-TRIPSAVER-100-80T-15KV-1P-C
678954795,RECL-TRIPSAVER-100-80T-15KV-1P-C
674815330,RECL-TRIPSAVER-100-80T-15KV-1P-C
678422070,RECL-TRIPSAVER-200-150E-15KV-1P-C
679521287,RECL-TRIPSAVER-100-80T-29KV-1P-C
671960297,RECL-TRIPSAVER-100-80T-15KV-1P-C
670839305,RECL-TRIPSAVER-100-80T-15KV-1P-C
678456653,RECL-TRIPSAVER-100-80T-29KV-1P-C
680096904,RECL-TRIPSAVER-200-150E-15KV-1P-C
672612538,RECL-TRIPSAVER-100-80T-15KV-1P-C
674849961,RECL-TRIPSAVER-200-150E-15KV-1P-C
674815594,RECL-TRIPSAVER-100-80T-15KV-1P-C
671217395,RECL-TRIPSAVER-100-80T-29KV-1P-C
673029326,RECL-TRIPSAVER-100-80T-29KV-1P-C
673029398,RECL-TRIPSAVER-100-80T-29KV-1P-C
680204072,RECL-TRIPSAVER-100-80T-29KV-1P-C
668916416,RECL-TRIPSAVER-100-80T-29KV-1P-C
696027474,RECL-TRIPSAVER-200-150E-29KV-1P-C
743579206,RECL-TRIPSAVER-100-80T-15KV-1P-C
741208985,RECL-TRIPSAVER-200-100T-29KV-1P-C
765942420,RECL-TRIPSAVER-100-80T-15KV-1P-C
770047435,RECL-TRIPSAVER-100-80T-15KV-1P-C
564332579,RECL-TRIPSAVER-200-150E-15KV-1P-C
570707769,RECL-TRIPSAVER-100-80T-15KV-1P-C
655376057,RECL-TRIPSAVER-100-80T-15KV-1P-C
654617018,RECL-TRIPSAVER-200-100T-15KV-1P-C
656986528,RECL-TRIPSAVER-100-80T-29KV-1P-C
654793057,RECL-TRIPSAVER-100-80T-15KV-1P-C
651662555,RECL-TRIPSAVER-200-150E-29KV-1P-C
652620017,RECL-TRIPSAVER-100-80T-15KV-1P-C
656364112,RECL-TRIPSAVER-100-80T-15KV-1P-C
653736334,RECL-TRIPSAVER-200-150E-15KV-1P-C
651458375,RECL-TRIPSAVER-100-80T-29KV-1P-C
650976223,RECL-TRIPSAVER-100-80T-15KV-1P-C
657626845,RECL-TRIPSAVER-100-80T-29KV-1P-C
657558223,RECL-TRIPSAVER-200-100T-29KV-1P-C
650711207,RECL-TRIPSAVER-200-100T-15KV-1P-C
652491760,RECL-TRIPSAVER-100-80T-15KV-1P-C
655681984,RECL-TRIPSAVER-100-80T-15KV-1P-C
659670529,RECL-TRIPSAVER-200-100T-29KV-1P-C
653965038,RECL-TRIPSAVER-200-150E-15KV-1P-C
670774328,RECL-TRIPSAVER-100-80T-15KV-1P-C
676017302,RECL-TRIPSAVER-200-100T-29KV-1P-C
678069834,RECL-TRIPSAVER-100-80T-15KV-1P-C
671311313,RECL-TRIPSAVER-100-80T-15KV-1P-C
675540758,RECL-TRIPSAVER-100-80T-15KV-1P-C
675347579,RECL-TRIPSAVER-100-80T-29KV-1P-C
682857644,RECL-TRIPSAVER-100-80T-15KV-1P-C
675111603,RECL-TRIPSAVER-200-100T-15KV-1P-C
676223578,RECL-TRIPSAVER-100-80T-29KV-1P-C
669619473,RECL-TRIPSAVER-100-80T-15KV-1P-C
671182614,RECL-TRIPSAVER-100-80T-15KV-1P-C
674055424,RECL-TRIPSAVER-100-80T-15KV-1P-C
674055465,RECL-TRIPSAVER-200-150E-15KV-1P-C
677309903,RECL-TRIPSAVER-100-80T-15KV-1P-C
679087599,RECL-TRIPSAVER-100-80T-29KV-1P-C
677417521,RECL-TRIPSAVER-200-100T-15KV-1P-C
672651080,RECL-TRIPSAVER-100-80T-15KV-1P-C
670478634,RECL-TRIPSAVER-100-80T-15KV-1P-C
670899145,RECL-TRIPSAVER-200-100T-15KV-1P-C
674489062,RECL-TRIPSAVER-100-80T-15KV-1P-C
672307676,RECL-TRIPSAVER-100-80T-15KV-1P-C
679989350,RECL-TRIPSAVER-200-150E-15KV-1P-C
670839310,RECL-TRIPSAVER-100-80T-15KV-1P-C
669976689,RECL-TRIPSAVER-100-80T-15KV-1P-C
669976695,RECL-TRIPSAVER-100-80T-15KV-1P-C
674081353,RECL-TRIPSAVER-200-100T-29KV-1P-C
680204113,RECL-TRIPSAVER-100-80T-29KV-1P-C
704804280,RECL-TRIPSAVER-100-80T-15KV-1P-C
695645620,RECL-TRIPSAVER-200-100T-15KV-1P-C
701888739,RECL-TRIPSAVER-200-100T-29KV-1P-C
770635643,RECL-TRIPSAVER-200-100T-15KV-1P-C
774706369,RECL-TRIPSAVER-200-100T-15KV-1P-C
787871738,RECL-TRIPSAVER-100-80T-15KV-1P-C
394524174,RECL-TRIPSAVER-100-80T-15KV-1P-C
568758400,RECL-TRIPSAVER-100-80T-15KV-1P-C
564185968,RECL-TRIPSAVER-200-150E-15KV-1P-C
651206633,RECL-TRIPSAVER-100-80T-15KV-1P-C
650963102,RECL-TRIPSAVER-100-80T-15KV-1P-C
656857786,RECL-TRIPSAVER-200-100T-15KV-1P-C
655926117,RECL-TRIPSAVER-100-80T-15KV-1P-C
657918359,RECL-TRIPSAVER-200-100T-15KV-1P-C
650966740,RECL-TRIPSAVER-100-80T-15KV-1P-C
660357233,RECL-TRIPSAVER-100-80T-29KV-1P-C
651760743,RECL-TRIPSAVER-100-80T-15KV-1P-C
653581591,RECL-TRIPSAVER-200-100T-15KV-1P-C
658047208,RECL-TRIPSAVER-100-80T-15KV-1P-C
657858771,RECL-TRIPSAVER-200-100T-15KV-1P-C
652817412,RECL-TRIPSAVER-100-80T-15KV-1P-C
658589000,RECL-TRIPSAVER-100-80T-29KV-1P-C
653684924,RECL-TRIPSAVER-100-80T-15KV-1P-C
651409421,RECL-TRIPSAVER-200-150E-15KV-1P-C
653960152,RECL-TRIPSAVER-100-80T-15KV-1P-C
652053731,RECL-TRIPSAVER-200-100T-29KV-1P-C
655505933,RECL-TRIPSAVER-200-100T-15KV-1P-C
650736517,RECL-TRIPSAVER-100-80T-15KV-1P-C
650822035,RECL-TRIPSAVER-100-80T-15KV-1P-C
668532952,RECL-TRIPSAVER-200-150E-15KV-1P-C
675682434,RECL-TRIPSAVER-200-100T-15KV-1P-C
671096463,RECL-TRIPSAVER-200-100T-15KV-1P-C
673424002,RECL-TRIPSAVER-200-150E-15KV-1P-C
673106264,RECL-TRIPSAVER-200-150E-15KV-1P-C
672106182,RECL-TRIPSAVER-100-80T-29KV-1P-C
675738517,RECL-TRIPSAVER-100-80T-15KV-1P-C
672754143,RECL-TRIPSAVER-200-150E-15KV-1P-C
677924174,RECL-TRIPSAVER-200-150E-15KV-1P-C
668555235,RECL-TRIPSAVER-200-100T-15KV-1P-C
671213246,RECL-TRIPSAVER-100-80T-15KV-1P-C
670259640,RECL-TRIPSAVER-200-150E-15KV-1P-C
676971006,RECL-TRIPSAVER-100-80T-29KV-1P-C
676971010,RECL-TRIPSAVER-100-80T-29KV-1P-C
677108359,RECL-TRIPSAVER-100-80T-15KV-1P-C
676125301,RECL-TRIPSAVER-200-150E-29KV-1P-C
675115868,RECL-TRIPSAVER-200-100T-29KV-1P-C
678138971,RECL-TRIPSAVER-200-100T-29KV-1P-C
670637824,RECL-TRIPSAVER-100-80T-15KV-1P-C
699282278,RECL-TRIPSAVER-100-80T-15KV-1P-C
695048511,RECL-TRIPSAVER-100-80T-29KV-1P-C
746855420,RECL-TRIPSAVER-100-80T-15KV-1P-C
738070041,RECL-TRIPSAVER-200-150E-15KV-1P-C
743072588,RECL-TRIPSAVER-200-100T-15KV-1P-C
772499248,RECL-TRIPSAVER-100-80T-15KV-1P-C
772563757,RECL-TRIPSAVER-200-100T-15KV-1P-C
780825379,RECL-TRIPSAVER-200-100T-15KV-1P-C
779958111,RECL-TRIPSAVER-200-100T-15KV-1P-C
783264947,RECL-TRIPSAVER-100-80T-15KV-1P-C
784922759,RECL-TRIPSAVER-200-100T-15KV-1P-C
650739009,RECL-TRIPSAVER-100-80T-15KV-1P-C
653280964,RECL-TRIPSAVER-200-100T-15KV-1P-C
654762583,RECL-TRIPSAVER-100-80T-15KV-1P-C
651782559,RECL-TRIPSAVER-100-80T-15KV-1P-C
651138917,RECL-TRIPSAVER-100-80T-29KV-1P-C
652616035,RECL-TRIPSAVER-100-80T-15KV-1P-C
650907162,RECL-TRIPSAVER-100-80T-15KV-1P-C
656797616,RECL-TRIPSAVER-200-100T-29KV-1P-C
650929123,RECL-TRIPSAVER-100-80T-15KV-1P-C
653912801,RECL-TRIPSAVER-200-150E-15KV-1P-C
659043774,RECL-TRIPSAVER-100-80T-29KV-1P-C
659340227,RECL-TRIPSAVER-100-80T-15KV-1P-C
651066542,RECL-TRIPSAVER-100-80T-29KV-1P-C
668889263,RECL-TRIPSAVER-200-150E-15KV-1P-C
669365912,RECL-TRIPSAVER-100-80T-15KV-1P-C
671384114,RECL-TRIPSAVER-100-80T-15KV-1P-C
669318730,RECL-TRIPSAVER-200-100T-15KV-1P-C
672397654,RECL-TRIPSAVER-200-150E-15KV-1P-C
668563293,RECL-TRIPSAVER-200-100T-29KV-1P-C
671092308,RECL-TRIPSAVER-100-80T-15KV-1P-C
672024390,RECL-TRIPSAVER-200-100T-15KV-1P-C
673149141,RECL-TRIPSAVER-100-80T-15KV-1P-C
678898724,RECL-TRIPSAVER-200-150E-15KV-1P-C
668911109,RECL-TRIPSAVER-100-80T-15KV-1P-C
677550494,RECL-TRIPSAVER-200-100T-29KV-1P-C
679435482,RECL-TRIPSAVER-200-150E-15KV-1P-C
668898248,RECL-TRIPSAVER-100-80T-15KV-1P-C
674613539,RECL-TRIPSAVER-100-80T-15KV-1P-C
671143998,RECL-TRIPSAVER-100-80T-15KV-1P-C
671586290,RECL-TRIPSAVER-100-80T-15KV-1P-C
678594007,RECL-TRIPSAVER-200-100T-29KV-1P-C
678095771,RECL-TRIPSAVER-200-100T-15KV-1P-C
671281953,RECL-TRIPSAVER-100-80T-15KV-1P-C
678860499,RECL-TRIPSAVER-100-80T-29KV-1P-C
680204174,RECL-TRIPSAVER-100-80T-29KV-1P-C
674119899,RECL-TRIPSAVER-100-80T-15KV-1P-C
705907845,RECL-TRIPSAVER-200-150E-15KV-1P-C
739353807,RECL-TRIPSAVER-100-80T-15KV-1P-C
739435492,RECL-TRIPSAVER-100-80T-15KV-1P-C
739216589,RECL-TRIPSAVER-100-80T-15KV-1P-C
768291106,RECL-TRIPSAVER-100-80T-15KV-1P-C
772851369,RECL-TRIPSAVER-100-80T-15KV-1P-C
582146184,RECL-TRIPSAVER-100-80T-15KV-1P-C
565937101,RECL-TRIPSAVER-200-150E-15KV-1P-C
654706245,RECL-TRIPSAVER-100-80T-15KV-1P-C
650963070,RECL-TRIPSAVER-200-100T-15KV-1P-C
659464115,RECL-TRIPSAVER-100-80T-29KV-1P-C
651074150,RECL-TRIPSAVER-200-100T-15KV-1P-C
652404889,RECL-TRIPSAVER-200-100T-15KV-1P-C
655925924,RECL-TRIPSAVER-200-100T-15KV-1P-C
650966649,RECL-TRIPSAVER-100-80T-15KV-1P-C
657488934,RECL-TRIPSAVER-100-80T-15KV-1P-C
652761625,RECL-TRIPSAVER-100-80T-15KV-1P-C
652616185,RECL-TRIPSAVER-100-80T-15KV-1P-C
659021948,RECL-TRIPSAVER-100-80T-15KV-1P-C
653337238,RECL-TRIPSAVER-200-150E-29KV-1P-C
650696065,RECL-TRIPSAVER-100-80T-15KV-1P-C
655994854,RECL-TRIPSAVER-200-150E-15KV-1P-C
656922196,RECL-TRIPSAVER-200-100T-29KV-1P-C
651065942,RECL-TRIPSAVER-200-100T-15KV-1P-C
658275552,RECL-TRIPSAVER-100-80T-15KV-1P-C
653904052,RECL-TRIPSAVER-200-150E-15KV-1P-C
657772942,RECL-TRIPSAVER-100-80T-15KV-1P-C
650681027,RECL-TRIPSAVER-200-100T-15KV-1P-C
650788919,RECL-TRIPSAVER-100-80T-15KV-1P-C
673767254,RECL-TRIPSAVER-200-150E-15KV-1P-C
674823710,RECL-TRIPSAVER-100-80T-15KV-1P-C
671659435,RECL-TRIPSAVER-100-80T-15KV-1P-C
671174035,RECL-TRIPSAVER-100-80T-15KV-1P-C
676601489,RECL-TRIPSAVER-200-100T-29KV-1P-C
673290828,RECL-TRIPSAVER-100-80T-15KV-1P-C
673131934,RECL-TRIPSAVER-200-150E-15KV-1P-C
669632398,RECL-TRIPSAVER-200-100T-15KV-1P-C
669087533,RECL-TRIPSAVER-100-80T-15KV-1P-C
670899149,RECL-TRIPSAVER-100-80T-15KV-1P-C
672307586,RECL-TRIPSAVER-200-150E-15KV-1P-C
672307595,RECL-TRIPSAVER-100-80T-15KV-1P-C
672706991,RECL-TRIPSAVER-100-80T-15KV-1P-C
668971528,RECL-TRIPSAVER-100-80T-15KV-1P-C
676962604,RECL-TRIPSAVER-100-80T-15KV-1P-C
671479169,RECL-TRIPSAVER-100-80T-15KV-1P-C
670333065,RECL-TRIPSAVER-100-80T-29KV-1P-C
668439317,RECL-TRIPSAVER-200-150E-15KV-1P-C
670024662,RECL-TRIPSAVER-100-80T-15KV-1P-C
674570883,RECL-TRIPSAVER-200-100T-29KV-1P-C
676155291,RECL-TRIPSAVER-100-80T-15KV-1P-C
674815563,RECL-TRIPSAVER-200-100T-15KV-1P-C
672741402,RECL-TRIPSAVER-200-100T-15KV-1P-C
677971394,RECL-TRIPSAVER-200-100T-29KV-1P-C
673269607,RECL-TRIPSAVER-100-80T-15KV-1P-C
680465984,RECL-TRIPSAVER-200-100T-29KV-1P-C
738241671,RECL-TRIPSAVER-100-80T-15KV-1P-C
744129409,RECL-TRIPSAVER-200-150E-15KV-1P-C
736687656,RECL-TRIPSAVER-100-80T-15KV-1P-C
737954231,RECL-TRIPSAVER-200-100T-15KV-1P-C
752407757,RECL-TRIPSAVER-100-80T-15KV-1P-C
757827207,RECL-TRIPSAVER-100-80T-15KV-1P-C
769501999,RECL-TRIPSAVER-200-100T-15KV-1P-C
769892755,RECL-TRIPSAVER-100-80T-15KV-1P-C
766204254,RECL-TRIPSAVER-100-80T-15KV-1P-C
780053224,RECL-TRIPSAVER-200-100T-15KV-1P-C
787249950,RECL-TRIPSAVER-100-80T-29KV-1P-C
781650365,RECL-TRIPSAVER-200-150E-15KV-1P-C
650851388,RECL-TRIPSAVER-100-80T-15KV-1P-C
650966791,RECL-TRIPSAVER-200-100T-15KV-1P-C
653281046,RECL-TRIPSAVER-100-80T-15KV-1P-C
657488904,RECL-TRIPSAVER-100-80T-15KV-1P-C
650872478,RECL-TRIPSAVER-200-150E-15KV-1P-C
654762529,RECL-TRIPSAVER-100-80T-15KV-1P-C
651434884,RECL-TRIPSAVER-100-80T-15KV-1P-C
650696083,RECL-TRIPSAVER-200-150E-15KV-1P-C
651232880,RECL-TRIPSAVER-100-80T-15KV-1P-C
652517013,RECL-TRIPSAVER-100-80T-15KV-1P-C
658704855,RECL-TRIPSAVER-100-80T-15KV-1P-C
678271654,RECL-TRIPSAVER-100-80T-15KV-1P-C
669284488,RECL-TRIPSAVER-200-100T-15KV-1P-C
670976248,RECL-TRIPSAVER-100-80T-15KV-1P-C
676451168,RECL-TRIPSAVER-100-80T-29KV-1P-C
673994942,RECL-TRIPSAVER-100-80T-15KV-1P-C
668602136,RECL-TRIPSAVER-100-80T-29KV-1P-C
675936046,RECL-TRIPSAVER-200-100T-15KV-1P-C
678898759,RECL-TRIPSAVER-100-80T-15KV-1P-C
670508354,RECL-TRIPSAVER-100-80T-15KV-1P-C
678619587,RECL-TRIPSAVER-100-80T-15KV-1P-C
676026169,RECL-TRIPSAVER-200-150E-29KV-1P-C
672020047,RECL-TRIPSAVER-100-80T-15KV-1P-C
668872724,RECL-TRIPSAVER-100-80T-15KV-1P-C
677851023,RECL-TRIPSAVER-100-80T-15KV-1P-C
671427631,RECL-TRIPSAVER-200-100T-15KV-1P-C
677215595,RECL-TRIPSAVER-200-100T-15KV-1P-C
679478446,RECL-TRIPSAVER-100-80T-15KV-1P-C
677083164,RECL-TRIPSAVER-100-80T-29KV-1P-C
678138886,RECL-TRIPSAVER-100-80T-29KV-1P-C
672694422,RECL-TRIPSAVER-100-80T-29KV-1P-C
679010890,RECL-TRIPSAVER-100-80T-15KV-1P-C
742076255,RECL-TRIPSAVER-100-80T-15KV-1P-C
744347776,RECL-TRIPSAVER-100-80T-15KV-1P-C
758835867,RECL-TRIPSAVER-200-150E-15KV-1P-C
765976726,RECL-TRIPSAVER-200-100T-29KV-1P-C
767398143,RECL-TRIPSAVER-200-150E-29KV-1P-C
784161697,RECL-TRIPSAVER-200-150E-15KV-1P-C
783749966,RECL-TRIPSAVER-100-80T-29KV-1P-C
786091292,RECL-TRIPSAVER-200-150E-15KV-1P-C
565232788,RECL-TRIPSAVER-100-80T-15KV-1P-C
571907537,RECL-TRIPSAVER-100-80T-15KV-1P-C
653280975,RECL-TRIPSAVER-200-100T-15KV-1P-C
657488918,RECL-TRIPSAVER-100-80T-15KV-1P-C
654934203,RECL-TRIPSAVER-100-80T-29KV-1P-C
650963734,RECL-TRIPSAVER-100-80T-15KV-1P-C
651138940,RECL-TRIPSAVER-100-80T-29KV-1P-C
652302427,RECL-TRIPSAVER-100-80T-29KV-1P-C
657163280,RECL-TRIPSAVER-100-80T-15KV-1P-C
652491717,RECL-TRIPSAVER-100-80T-15KV-1P-C
650808581,RECL-TRIPSAVER-100-80T-15KV-1P-C
661121465,RECL-TRIPSAVER-200-150E-15KV-1P-C
650925147,RECL-TRIPSAVER-100-80T-15KV-1P-C
661705497,RECL-TRIPSAVER-200-100T-29KV-1P-C
668786238,RECL-TRIPSAVER-200-100T-15KV-1P-C
672814092,RECL-TRIPSAVER-100-80T-15KV-1P-C
670482989,RECL-TRIPSAVER-100-80T-15KV-1P-C
672285905,RECL-TRIPSAVER-200-150E-15KV-1P-C
676305098,RECL-TRIPSAVER-200-100T-15KV-1P-C
672032614,RECL-TRIPSAVER-200-100T-15KV-1P-C
678984494,RECL-TRIPSAVER-100-80T-15KV-1P-C
669336102,RECL-TRIPSAVER-200-150E-15KV-1P-C
672346573,RECL-TRIPSAVER-100-80T-29KV-1P-C
675261765,RECL-TRIPSAVER-100-80T-29KV-1P-C
668765290,RECL-TRIPSAVER-100-80T-15KV-1P-C
676197961,RECL-TRIPSAVER-100-80T-15KV-1P-C
675605285,RECL-TRIPSAVER-100-80T-15KV-1P-C
677288501,RECL-TRIPSAVER-100-80T-15KV-1P-C
676228091,RECL-TRIPSAVER-100-80T-15KV-1P-C
679439983,RECL-TRIPSAVER-200-100T-15KV-1P-C
670259649,RECL-TRIPSAVER-200-150E-15KV-1P-C
668954189,RECL-TRIPSAVER-100-80T-15KV-1P-C
669233293,RECL-TRIPSAVER-100-80T-29KV-1P-C
669078883,RECL-TRIPSAVER-200-150E-15KV-1P-C
669593603,RECL-TRIPSAVER-200-150E-15KV-1P-C
673029272,RECL-TRIPSAVER-100-80T-29KV-1P-C
678843166,RECL-TRIPSAVER-200-150E-29KV-1P-C
673776528,RECL-TRIPSAVER-100-80T-15KV-1P-C
704980348,RECL-TRIPSAVER-200-100T-15KV-1P-C
694296950,RECL-TRIPSAVER-200-100T-15KV-1P-C
694258338,RECL-TRIPSAVER-100-80T-29KV-1P-C
698019805,RECL-TRIPSAVER-100-80T-15KV-1P-C
706058135,RECL-TRIPSAVER-100-80T-15KV-1P-C
729829711,RECL-TRIPSAVER-100-80T-15KV-1P-C
735321739,RECL-TRIPSAVER-200-100T-15KV-1P-C
742638737,RECL-TRIPSAVER-200-100T-15KV-1P-C
736502706,RECL-TRIPSAVER-100-80T-15KV-1P-C
741690033,RECL-TRIPSAVER-100-80T-29KV-1P-C
766126947,RECL-TRIPSAVER-100-80T-15KV-1P-C
766749780,RECL-TRIPSAVER-100-80T-15KV-1P-C
569380730,RECL-TRIPSAVER-200-100T-15KV-1P-C
571907486,RECL-TRIPSAVER-100-80T-15KV-1P-C
658077117,RECL-TRIPSAVER-100-80T-15KV-1P-C
655466580,RECL-TRIPSAVER-200-150E-15KV-1P-C
651224110,RECL-TRIPSAVER-200-100T-15KV-1P-C
652057092,RECL-TRIPSAVER-200-100T-15KV-1P-C
656174954,RECL-TRIPSAVER-200-100T-15KV-1P-C
660305626,RECL-TRIPSAVER-100-80T-15KV-1P-C
656772130,RECL-TRIPSAVER-200-100T-15KV-1P-C
654187775,RECL-TRIPSAVER-100-80T-15KV-1P-C
654539209,RECL-TRIPSAVER-100-80T-15KV-1P-C
655458262,RECL-TRIPSAVER-200-150E-29KV-1P-C
651263714,RECL-TRIPSAVER-200-100T-15KV-1P-C
652208339,RECL-TRIPSAVER-100-80T-15KV-1P-C
669610714,RECL-TRIPSAVER-100-80T-15KV-1P-C
671890768,RECL-TRIPSAVER-100-80T-15KV-1P-C
671319744,RECL-TRIPSAVER-100-80T-29KV-1P-C
672973194,RECL-TRIPSAVER-100-80T-15KV-1P-C
675673812,RECL-TRIPSAVER-100-80T-15KV-1P-C
672122665,RECL-TRIPSAVER-100-80T-15KV-1P-C
671920977,RECL-TRIPSAVER-200-100T-29KV-1P-C
668580366,RECL-TRIPSAVER-100-80T-29KV-1P-C
669413491,RECL-TRIPSAVER-200-100T-15KV-1P-C
671946749,RECL-TRIPSAVER-100-80T-15KV-1P-C
675248852,RECL-TRIPSAVER-100-80T-15KV-1P-C
672436358,RECL-TRIPSAVER-200-100T-29KV-1P-C
669452543,RECL-TRIPSAVER-100-80T-15KV-1P-C
673084751,RECL-TRIPSAVER-200-150E-15KV-1P-C
668988519,RECL-TRIPSAVER-100-80T-15KV-1P-C
676683130,RECL-TRIPSAVER-200-100T-15KV-1P-C
677108327,RECL-TRIPSAVER-100-80T-15KV-1P-C
672908782,RECL-TRIPSAVER-100-80T-15KV-1P-C
670903646,RECL-TRIPSAVER-200-100T-15KV-1P-C
673106779,RECL-TRIPSAVER-100-80T-15KV-1P-C
680204049,RECL-TRIPSAVER-100-80T-29KV-1P-C
704306176,RECL-TRIPSAVER-100-80T-15KV-1P-C
692368979,RECL-TRIPSAVER-100-80T-15KV-1P-C
723208371,RECL-TRIPSAVER-100-80T-15KV-1P-C
740401626,RECL-TRIPSAVER-100-80T-15KV-1P-C
772975852,RECL-TRIPSAVER-100-80T-15KV-1P-C
781593953,RECL-TRIPSAVER-100-80T-15KV-1P-C
564383723,RECL-TRIPSAVER-200-150E-15KV-1P-C
573825521,RECL-TRIPSAVER-200-100T-15KV-1P-C
650851262,RECL-TRIPSAVER-200-100T-15KV-1P-C
650851400,RECL-TRIPSAVER-100-80T-15KV-1P-C
654706239,RECL-TRIPSAVER-100-80T-15KV-1P-C
650824681,RECL-TRIPSAVER-100-80T-15KV-1P-C
651606191,RECL-TRIPSAVER-200-100T-15KV-1P-C
656565651,RECL-TRIPSAVER-200-150E-15KV-1P-C
658442569,RECL-TRIPSAVER-200-100T-15KV-1P-C
653289474,RECL-TRIPSAVER-100-80T-29KV-1P-C
654187353,RECL-TRIPSAVER-200-100T-29KV-1P-C
655814783,RECL-TRIPSAVER-100-80T-15KV-1P-C
654453271,RECL-TRIPSAVER-200-100T-15KV-1P-C
659434058,RECL-TRIPSAVER-200-100T-15KV-1P-C
652336481,RECL-TRIPSAVER-100-80T-15KV-1P-C
650687751,RECL-TRIPSAVER-100-80T-15KV-1P-C
656364199,RECL-TRIPSAVER-200-150E-15KV-1P-C
652504256,RECL-TRIPSAVER-100-80T-15KV-1P-C
653667524,RECL-TRIPSAVER-200-150E-29KV-1P-C
658284223,RECL-TRIPSAVER-100-80T-15KV-1P-C
650748860,RECL-TRIPSAVER-100-80T-15KV-1P-C
655252426,RECL-TRIPSAVER-100-80T-15KV-1P-C
657163253,RECL-TRIPSAVER-100-80T-15KV-1P-C
659331281,RECL-TRIPSAVER-200-150E-29KV-1P-C
656343261,RECL-TRIPSAVER-200-100T-15KV-1P-C
650821995,RECL-TRIPSAVER-100-80T-15KV-1P-C
654308042,RECL-TRIPSAVER-100-80T-15KV-1P-C
668666284,RECL-TRIPSAVER-100-80T-15KV-1P-C
669709535,RECL-TRIPSAVER-200-100T-15KV-1P-C
668563366,RECL-TRIPSAVER-100-80T-15KV-1P-C
677863886,RECL-TRIPSAVER-100-80T-15KV-1P-C
668906711,RECL-TRIPSAVER-200-100T-15KV-1P-C
669739882,RECL-TRIPSAVER-100-80T-15KV-1P-C
669353340,RECL-TRIPSAVER-100-80T-15KV-1P-C
680504562,RECL-TRIPSAVER-100-80T-15KV-1P-C
671169671,RECL-TRIPSAVER-100-80T-29KV-1P-C
668422311,RECL-TRIPSAVER-200-150E-29KV-1P-C
672479632,RECL-TRIPSAVER-100-80T-15KV-1P-C
673157871,RECL-TRIPSAVER-200-100T-15KV-1P-C
675541235,RECL-TRIPSAVER-100-80T-15KV-1P-C
671428787,RECL-TRIPSAVER-100-80T-15KV-1P-C
669646022,RECL-TRIPSAVER-100-80T-15KV-1P-C
736674403,RECL-TRIPSAVER-100-80T-15KV-1P-C
739796128,RECL-TRIPSAVER-100-80T-15KV-1P-C
737035427,RECL-TRIPSAVER-100-80T-15KV-1P-C
767007196,RECL-TRIPSAVER-100-80T-15KV-1P-C
768501633,RECL-TRIPSAVER-200-100T-15KV-1P-C
785351219,RECL-TRIPSAVER-100-80T-15KV-1P-C
782079693,RECL-TRIPSAVER-100-80T-29KV-1P-C
788388619,RECL-TRIPSAVER-200-100T-15KV-1P-C
565654016,RECL-TRIPSAVER-200-150E-15KV-1P-C
565289330,RECL-TRIPSAVER-100-80T-15KV-1P-C
653907863,RECL-TRIPSAVER-200-100T-29KV-1P-C
650824660,RECL-TRIPSAVER-200-100T-15KV-1P-C
651447255,RECL-TRIPSAVER-100-80T-15KV-1P-C
654617028,RECL-TRIPSAVER-200-100T-15KV-1P-C
650859352,RECL-TRIPSAVER-100-80T-15KV-1P-C
655925895,RECL-TRIPSAVER-200-150E-15KV-1P-C
657510621,RECL-TRIPSAVER-200-100T-15KV-1P-C
653345573,RECL-TRIPSAVER-100-80T-29KV-1P-C
652920588,RECL-TRIPSAVER-100-80T-15KV-1P-C
651100728,RECL-TRIPSAVER-200-100T-15KV-1P-C
656364036,RECL-TRIPSAVER-100-80T-15KV-1P-C
652504247,RECL-TRIPSAVER-200-150E-15KV-1P-C
662976424,RECL-TRIPSAVER-200-100T-15KV-1P-C
654496620,RECL-TRIPSAVER-100-80T-15KV-1P-C
659790764,RECL-TRIPSAVER-100-80T-15KV-1P-C
658717182,RECL-TRIPSAVER-200-100T-15KV-1P-C
658275589,RECL-TRIPSAVER-100-80T-15KV-1P-C
658443065,RECL-TRIPSAVER-100-80T-15KV-1P-C
658047523,RECL-TRIPSAVER-200-150E-15KV-1P-C
650822067,RECL-TRIPSAVER-200-150E-15KV-1P-C
659670522,RECL-TRIPSAVER-100-80T-29KV-1P-C
650788967,RECL-TRIPSAVER-100-80T-15KV-1P-C
672337346,RECL-TRIPSAVER-100-80T-29KV-1P-C
669365919,RECL-TRIPSAVER-100-80T-15KV-1P-C
669284550,RECL-TRIPSAVER-100-80T-15KV-1P-C
671109442,RECL-TRIPSAVER-200-150E-29KV-1P-C
672514197,RECL-TRIPSAVER-200-100T-29KV-1P-C
675540923,RECL-TRIPSAVER-100-80T-29KV-1P-C
671354367,RECL-TRIPSAVER-100-80T-15KV-1P-C
676665996,RECL-TRIPSAVER-100-80T-29KV-1P-C
675738531,RECL-TRIPSAVER-100-80T-15KV-1P-C
677417507,RECL-TRIPSAVER-100-80T-15KV-1P-C
678649732,RECL-TRIPSAVER-100-80T-15KV-1P-C
671599042,RECL-TRIPSAVER-100-80T-15KV-1P-C
672024477,RECL-TRIPSAVER-100-80T-15KV-1P-C
677971226,RECL-TRIPSAVER-100-80T-15KV-1P-C
671213237,RECL-TRIPSAVER-100-80T-15KV-1P-C
676228013,RECL-TRIPSAVER-100-80T-15KV-1P-C
668872707,RECL-TRIPSAVER-100-80T-15KV-1P-C
668524641,RECL-TRIPSAVER-100-80T-29KV-1P-C
674411784,RECL-TRIPSAVER-200-100T-15KV-1P-C
677108306,RECL-TRIPSAVER-100-80T-15KV-1P-C
671410342,RECL-TRIPSAVER-200-100T-15KV-1P-C
674605606,RECL-TRIPSAVER-200-150E-29KV-1P-C
692360333,RECL-TRIPSAVER-100-80T-15KV-1P-C
695834379,RECL-TRIPSAVER-200-100T-15KV-1P-C
739611443,RECL-TRIPSAVER-100-80T-29KV-1P-C
741341930,RECL-TRIPSAVER-200-150E-15KV-1P-C
738267803,RECL-TRIPSAVER-200-150E-29KV-1P-C
738443611,RECL-TRIPSAVER-200-150E-15KV-1P-C
738487249,RECL-TRIPSAVER-200-150E-29KV-1P-C
759007516,RECL-TRIPSAVER-100-80T-29KV-1P-C
752395009,RECL-TRIPSAVER-200-100T-15KV-1P-C
789662323,RECL-TRIPSAVER-200-100T-15KV-1P-C
787627770,RECL-TRIPSAVER-100-80T-29KV-1P-C
804936174,RECL-TRIPSAVER-100-80T-15KV-1P-C
564332507,RECL-TRIPSAVER-100-80T-15KV-1P-C
566297635,RECL-TRIPSAVER-100-80T-15KV-1P-C
659575620,RECL-TRIPSAVER-100-80T-15KV-1P-C
651915148,RECL-TRIPSAVER-100-80T-15KV-1P-C
651301846,RECL-TRIPSAVER-200-150E-15KV-1P-C
650829034,RECL-TRIPSAVER-100-80T-15KV-1P-C
659425477,RECL-TRIPSAVER-200-150E-29KV-1P-C
658618124,RECL-TRIPSAVER-100-80T-15KV-1P-C
652801012,RECL-TRIPSAVER-100-80T-29KV-1P-C
651202503,RECL-TRIPSAVER-100-80T-15KV-1P-C
652280795,RECL-TRIPSAVER-100-80T-15KV-1P-C
653311179,RECL-TRIPSAVER-100-80T-15KV-1P-C
652783168,RECL-TRIPSAVER-100-80T-15KV-1P-C
656209544,RECL-TRIPSAVER-200-150E-29KV-1P-C
652302452,RECL-TRIPSAVER-100-80T-29KV-1P-C
654663806,RECL-TRIPSAVER-200-100T-15KV-1P-C
655965329,RECL-TRIPSAVER-100-80T-15KV-1P-C
654475450,RECL-TRIPSAVER-100-80T-15KV-1P-C
672882748,RECL-TRIPSAVER-100-80T-29KV-1P-C
668666262,RECL-TRIPSAVER-200-100T-15KV-1P-C
678271719,RECL-TRIPSAVER-100-80T-15KV-1P-C
672655153,RECL-TRIPSAVER-200-100T-29KV-1P-C
671367018,RECL-TRIPSAVER-200-150E-15KV-1P-C
672385281,RECL-TRIPSAVER-200-100T-15KV-1P-C
668421570,RECL-TRIPSAVER-100-80T-15KV-1P-C
670856209,RECL-TRIPSAVER-200-100T-15KV-1P-C
673685864,RECL-TRIPSAVER-200-150E-15KV-1P-C
677185391,RECL-TRIPSAVER-200-100T-15KV-1P-C
677928175,RECL-TRIPSAVER-200-100T-15KV-1P-C
674939815,RECL-TRIPSAVER-200-150E-15KV-1P-C
677095202,RECL-TRIPSAVER-100-80T-15KV-1P-C
668555245,RECL-TRIPSAVER-100-80T-15KV-1P-C
672127253,RECL-TRIPSAVER-100-80T-15KV-1P-C
668902554,RECL-TRIPSAVER-100-80T-29KV-1P-C
671479186,RECL-TRIPSAVER-100-80T-15KV-1P-C
677237119,RECL-TRIPSAVER-100-80T-29KV-1P-C
674445903,RECL-TRIPSAVER-100-80T-15KV-1P-C
677108356,RECL-TRIPSAVER-100-80T-15KV-1P-C
673450014,RECL-TRIPSAVER-100-80T-15KV-1P-C
680465996,RECL-TRIPSAVER-100-80T-29KV-1P-C
670045342,RECL-TRIPSAVER-200-100T-29KV-1P-C
677250045,RECL-TRIPSAVER-100-80T-29KV-1P-C
692905718,RECL-TRIPSAVER-100-80T-15KV-1P-C
694017824,RECL-TRIPSAVER-200-100T-15KV-1P-C
754787208,RECL-TRIPSAVER-100-80T-15KV-1P-C
770846004,RECL-TRIPSAVER-200-150E-15KV-1P-C
769927091,RECL-TRIPSAVER-100-80T-15KV-1P-C
765963969,RECL-TRIPSAVER-100-80T-15KV-1P-C
652915795,RECL-TRIPSAVER-100-80T-15KV-1P-C
650963098,RECL-TRIPSAVER-100-80T-15KV-1P-C
660073685,RECL-TRIPSAVER-200-100T-15KV-1P-C
659464056,RECL-TRIPSAVER-200-100T-29KV-1P-C
651056655,RECL-TRIPSAVER-200-100T-15KV-1P-C
653062066,RECL-TRIPSAVER-100-80T-15KV-1P-C
654187344,RECL-TRIPSAVER-200-150E-29KV-1P-C
657733734,RECL-TRIPSAVER-100-80T-15KV-1P-C
651760723,RECL-TRIPSAVER-200-100T-15KV-1P-C
658266243,RECL-TRIPSAVER-100-80T-15KV-1P-C
651138908,RECL-TRIPSAVER-200-150E-29KV-1P-C
652620012,RECL-TRIPSAVER-200-100T-15KV-1P-C
652517032,RECL-TRIPSAVER-100-80T-15KV-1P-C
652134748,RECL-TRIPSAVER-200-100T-15KV-1P-C
659713942,RECL-TRIPSAVER-200-150E-15KV-1P-C
658489907,RECL-TRIPSAVER-100-80T-15KV-1P-C
657558281,RECL-TRIPSAVER-100-80T-29KV-1P-C
661121479,RECL-TRIPSAVER-200-100T-15KV-1P-C
654763257,RECL-TRIPSAVER-200-100T-15KV-1P-C
659670566,RECL-TRIPSAVER-100-80T-29KV-1P-C
670096294,RECL-TRIPSAVER-200-150E-29KV-1P-C
671560280,RECL-TRIPSAVER-100-80T-15KV-1P-C
669919883,RECL-TRIPSAVER-100-80T-15KV-1P-C
671109422,RECL-TRIPSAVER-200-150E-29KV-1P-C
675068399,RECL-TRIPSAVER-100-80T-29KV-1P-C
672479223,RECL-TRIPSAVER-200-150E-15KV-1P-C
673445441,RECL-TRIPSAVER-100-80T-15KV-1P-C
673539882,RECL-TRIPSAVER-200-150E-15KV-1P-C
670341666,RECL-TRIPSAVER-200-150E-15KV-1P-C
672106280,RECL-TRIPSAVER-100-80T-29KV-1P-C
679087654,RECL-TRIPSAVER-100-80T-29KV-1P-C
676403966,RECL-TRIPSAVER-100-80T-15KV-1P-C
669121576,RECL-TRIPSAVER-200-100T-15KV-1P-C
678215960,RECL-TRIPSAVER-100-80T-15KV-1P-C
672402086,RECL-TRIPSAVER-100-80T-15KV-1P-C
673385539,RECL-TRIPSAVER-100-80T-29KV-1P-C
678954742,RECL-TRIPSAVER-100-80T-15KV-1P-C
675580035,RECL-TRIPSAVER-100-80T-15KV-1P-C
668916081,RECL-TRIPSAVER-100-80T-15KV-1P-C
671432127,RECL-TRIPSAVER-100-80T-15KV-1P-C
695048552,RECL-TRIPSAVER-100-80T-29KV-1P-C
701240343,RECL-TRIPSAVER-100-80T-15KV-1P-C
739070533,RECL-TRIPSAVER-100-80T-29KV-1P-C
759733699,RECL-TRIPSAVER-100-80T-15KV-1P-C
752451270,RECL-TRIPSAVER-100-80T-15KV-1P-C
771477483,RECL-TRIPSAVER-200-150E-15KV-1P-C
771228333,RECL-TRIPSAVER-200-150E-15KV-1P-C
771782300,RECL-TRIPSAVER-100-80T-15KV-1P-C
564657098,RECL-TRIPSAVER-200-100T-15KV-1P-C
573825558,RECL-TRIPSAVER-100-80T-15KV-1P-C
653362275,RECL-TRIPSAVER-100-80T-15KV-1P-C
654706256,RECL-TRIPSAVER-100-80T-15KV-1P-C
659425489,RECL-TRIPSAVER-100-80T-29KV-1P-C
650919222,RECL-TRIPSAVER-100-80T-15KV-1P-C
655926050,RECL-TRIPSAVER-100-80T-15KV-1P-C
655311923,RECL-TRIPSAVER-200-100T-15KV-1P-C
652801118,RECL-TRIPSAVER-100-80T-15KV-1P-C
654496577,RECL-TRIPSAVER-100-80T-15KV-1P-C
659747748,RECL-TRIPSAVER-200-100T-29KV-1P-C
657626856,RECL-TRIPSAVER-100-80T-29KV-1P-C
650714716,RECL-TRIPSAVER-100-80T-15KV-1P-C
660374720,RECL-TRIPSAVER-100-80T-15KV-1P-C
657987768,RECL-TRIPSAVER-200-100T-15KV-1P-C
653655273,RECL-TRIPSAVER-100-80T-15KV-1P-C
668666106,RECL-TRIPSAVER-200-150E-29KV-1P-C
670525405,RECL-TRIPSAVER-100-80T-15KV-1P-C
671560231,RECL-TRIPSAVER-100-80T-15KV-1P-C
669872730,RECL-TRIPSAVER-200-150E-15KV-1P-C
671096475,RECL-TRIPSAVER-200-100T-15KV-1P-C
675347600,RECL-TRIPSAVER-200-100T-29KV-1P-C
678598074,RECL-TRIPSAVER-200-100T-15KV-1P-C
678799840,RECL-TRIPSAVER-100-80T-15KV-1P-C
672397645,RECL-TRIPSAVER-200-100T-29KV-1P-C
672346647,RECL-TRIPSAVER-100-80T-29KV-1P-C
672479342,RECL-TRIPSAVER-100-80T-15KV-1P-C
678615361,RECL-TRIPSAVER-100-80T-15KV-1P-C
670478630,RECL-TRIPSAVER-200-100T-15KV-1P-C
671698147,RECL-TRIPSAVER-200-150E-29KV-1P-C
669726900,RECL-TRIPSAVER-200-150E-15KV-1P-C
669276470,RECL-TRIPSAVER-100-80T-29KV-1P-C
672646791,RECL-TRIPSAVER-100-80T-15KV-1P-C
668984146,RECL-TRIPSAVER-200-150E-15KV-1P-C
668612192,RECL-TRIPSAVER-100-80T-15KV-1P-C
674506269,RECL-TRIPSAVER-100-80T-15KV-1P-C
676026257,RECL-TRIPSAVER-200-100T-15KV-1P-C
676962600,RECL-TRIPSAVER-100-80T-15KV-1P-C
670143633,RECL-TRIPSAVER-100-80T-15KV-1P-C
669834428,RECL-TRIPSAVER-200-100T-15KV-1P-C
672453763,RECL-TRIPSAVER-100-80T-29KV-1P-C
676502946,RECL-TRIPSAVER-200-100T-29KV-1P-C
669606912,RECL-TRIPSAVER-100-80T-15KV-1P-C
678246105,RECL-TRIPSAVER-200-100T-15KV-1P-C
678048669,RECL-TRIPSAVER-200-100T-15KV-1P-C
671217351,RECL-TRIPSAVER-200-100T-29KV-1P-C
671432141,RECL-TRIPSAVER-100-80T-15KV-1P-C
694769542,RECL-TRIPSAVER-100-80T-29KV-1P-C
739572818,RECL-TRIPSAVER-200-100T-15KV-1P-C
738868788,RECL-TRIPSAVER-200-100T-15KV-1P-C
736730394,RECL-TRIPSAVER-200-150E-15KV-1P-C
740999113,RECL-TRIPSAVER-100-80T-15KV-1P-C
743497605,RECL-TRIPSAVER-200-150E-15KV-1P-C
752506516,RECL-TRIPSAVER-100-80T-15KV-1P-C
752785811,RECL-TRIPSAVER-200-100T-15KV-1P-C
765903906,RECL-TRIPSAVER-200-100T-15KV-1P-C
787173038,RECL-TRIPSAVER-100-80T-15KV-1P-C
651352625,RECL-TRIPSAVER-200-150E-15KV-1P-C
650700582,RECL-TRIPSAVER-200-100T-15KV-1P-C
656698825,RECL-TRIPSAVER-200-150E-29KV-1P-C
660357097,RECL-TRIPSAVER-100-80T-29KV-1P-C
652761582,RECL-TRIPSAVER-100-80T-15KV-1P-C
652637576,RECL-TRIPSAVER-100-80T-29KV-1P-C
658476651,RECL-TRIPSAVER-100-80T-29KV-1P-C
651585125,RECL-TRIPSAVER-100-80T-15KV-1P-C
651434841,RECL-TRIPSAVER-100-80T-15KV-1P-C
651095632,RECL-TRIPSAVER-100-80T-15KV-1P-C
650791937,RECL-TRIPSAVER-100-80T-15KV-1P-C
654187760,RECL-TRIPSAVER-100-80T-15KV-1P-C
652499866,RECL-TRIPSAVER-100-80T-29KV-1P-C
650684384,RECL-TRIPSAVER-200-100T-15KV-1P-C
650696088,RECL-TRIPSAVER-100-80T-15KV-1P-C
656016340,RECL-TRIPSAVER-100-80T-15KV-1P-C
652302434,RECL-TRIPSAVER-200-150E-29KV-1P-C
653513535,RECL-TRIPSAVER-200-150E-15KV-1P-C
657163229,RECL-TRIPSAVER-200-150E-15KV-1P-C
658443045,RECL-TRIPSAVER-100-80T-15KV-1P-C
658765002,RECL-TRIPSAVER-200-100T-15KV-1P-C
659340250,RECL-TRIPSAVER-100-80T-15KV-1P-C
651483792,RECL-TRIPSAVER-200-100T-15KV-1P-C
670692758,RECL-TRIPSAVER-100-80T-15KV-1P-C
675682425,RECL-TRIPSAVER-100-80T-15KV-1P-C
673806012,RECL-TRIPSAVER-100-80T-29KV-1P-C
677361382,RECL-TRIPSAVER-100-80T-15KV-1P-C
672514234,RECL-TRIPSAVER-200-100T-29KV-1P-C
675107359,RECL-TRIPSAVER-200-100T-15KV-1P-C
679856209,RECL-TRIPSAVER-100-80T-29KV-1P-C
670388274,RECL-TRIPSAVER-200-100T-29KV-1P-C
672106174,RECL-TRIPSAVER-100-80T-29KV-1P-C
675738540,RECL-TRIPSAVER-100-80T-15KV-1P-C
668430444,RECL-TRIPSAVER-200-100T-15KV-1P-C
671547817,RECL-TRIPSAVER-100-80T-15KV-1P-C
673656028,RECL-TRIPSAVER-100-80T-15KV-1P-C
668631928,RECL-TRIPSAVER-100-80T-29KV-1P-C
670221077,RECL-TRIPSAVER-100-80T-15KV-1P-C
672084633,RECL-TRIPSAVER-200-100T-15KV-1P-C
680118141,RECL-TRIPSAVER-100-80T-15KV-1P-C
674012244,RECL-TRIPSAVER-100-80T-15KV-1P-C
673415359,RECL-TRIPSAVER-100-80T-15KV-1P-C
672415188,RECL-TRIPSAVER-100-80T-15KV-1P-C
677108290,RECL-TRIPSAVER-200-150E-15KV-1P-C
671385433,RECL-TRIPSAVER-200-100T-15KV-1P-C
670934624,RECL-TRIPSAVER-200-100T-29KV-1P-C
668916422,RECL-TRIPSAVER-100-80T-29KV-1P-C
669645949,RECL-TRIPSAVER-100-80T-29KV-1P-C
670311527,RECL-TRIPSAVER-100-80T-15KV-1P-C
672218239,RECL-TRIPSAVER-100-80T-15KV-1P-C
702172116,RECL-TRIPSAVER-200-150E-15KV-1P-C
702064758,RECL-TRIPSAVER-200-100T-15KV-1P-C
700991469,RECL-TRIPSAVER-100-80T-15KV-1P-C
738315129,RECL-TRIPSAVER-100-80T-15KV-1P-C
738387776,RECL-TRIPSAVER-100-80T-15KV-1P-C
742896451,RECL-TRIPSAVER-100-80T-15KV-1P-C
752150480,RECL-TRIPSAVER-100-80T-15KV-1P-C
767904972,RECL-TRIPSAVER-100-80T-15KV-1P-C
774045044,RECL-TRIPSAVER-100-80T-15KV-1P-C
774418623,RECL-TRIPSAVER-200-100T-15KV-1P-C
787897594,RECL-TRIPSAVER-200-100T-15KV-1P-C
782423323,RECL-TRIPSAVER-100-80T-15KV-1P-C
780310516,RECL-TRIPSAVER-100-80T-15KV-1P-C
564550473,RECL-TRIPSAVER-200-100T-15KV-1P-C
650851375,RECL-TRIPSAVER-200-100T-15KV-1P-C
651525095,RECL-TRIPSAVER-200-100T-15KV-1P-C
652280811,RECL-TRIPSAVER-200-100T-15KV-1P-C
650966655,RECL-TRIPSAVER-100-80T-15KV-1P-C
650820555,RECL-TRIPSAVER-100-80T-15KV-1P-C
653474788,RECL-TRIPSAVER-200-100T-15KV-1P-C
652877887,RECL-TRIPSAVER-100-80T-15KV-1P-C
656016331,RECL-TRIPSAVER-200-100T-15KV-1P-C
652302398,RECL-TRIPSAVER-100-80T-29KV-1P-C
651001367,RECL-TRIPSAVER-200-150E-15KV-1P-C
659678868,RECL-TRIPSAVER-100-80T-15KV-1P-C
651680389,RECL-TRIPSAVER-100-80T-15KV-1P-C
658537447,RECL-TRIPSAVER-100-80T-15KV-1P-C
654286863,RECL-TRIPSAVER-200-100T-15KV-1P-C
660374672,RECL-TRIPSAVER-100-80T-15KV-1P-C
671319777,RECL-TRIPSAVER-100-80T-29KV-1P-C
675291737,RECL-TRIPSAVER-100-80T-15KV-1P-C
682084736,RECL-TRIPSAVER-100-80T-15KV-1P-C
673569822,RECL-TRIPSAVER-100-80T-29KV-1P-C
671698062,RECL-TRIPSAVER-200-100T-15KV-1P-C
673952081,RECL-TRIPSAVER-100-80T-29KV-1P-C
673952144,RECL-TRIPSAVER-100-80T-29KV-1P-C
672106205,RECL-TRIPSAVER-100-80T-29KV-1P-C
668765234,RECL-TRIPSAVER-100-80T-15KV-1P-C
668765241,RECL-TRIPSAVER-100-80T-15KV-1P-C
670753397,RECL-TRIPSAVER-100-80T-15KV-1P-C
678615385,RECL-TRIPSAVER-100-80T-15KV-1P-C
670899163,RECL-TRIPSAVER-100-80T-15KV-1P-C
671964117,RECL-TRIPSAVER-100-80T-15KV-1P-C
672436318,RECL-TRIPSAVER-200-150E-15KV-1P-C
676446940,RECL-TRIPSAVER-200-100T-29KV-1P-C
672779818,RECL-TRIPSAVER-100-80T-29KV-1P-C
673922266,RECL-TRIPSAVER-100-80T-15KV-1P-C
677181171,RECL-TRIPSAVER-100-80T-15KV-1P-C
676099193,RECL-TRIPSAVER-100-80T-29KV-1P-C
679693169,RECL-TRIPSAVER-200-100T-15KV-1P-C
678048713,RECL-TRIPSAVER-100-80T-15KV-1P-C
678525177,RECL-TRIPSAVER-200-100T-15KV-1P-C
671428873,RECL-TRIPSAVER-100-80T-15KV-1P-C
673243963,RECL-TRIPSAVER-100-80T-15KV-1P-C
743269974,RECL-TRIPSAVER-200-100T-15KV-1P-C
737323026,RECL-TRIPSAVER-100-80T-15KV-1P-C
752832866,RECL-TRIPSAVER-200-100T-15KV-1P-C
768368395,RECL-TRIPSAVER-100-80T-15KV-1P-C
774135212,RECL-TRIPSAVER-100-80T-15KV-1P-C
783989941,RECL-TRIPSAVER-200-150E-15KV-1P-C
787240532,RECL-TRIPSAVER-100-80T-15KV-1P-C
784596321,RECL-TRIPSAVER-100-80T-15KV-1P-C
782663902,RECL-TRIPSAVER-100-80T-15KV-1P-C
565069687,RECL-TRIPSAVER-100-80T-15KV-1P-C
571907518,RECL-TRIPSAVER-200-100T-15KV-1P-C
653907895,RECL-TRIPSAVER-100-80T-29KV-1P-C
657948551,RECL-TRIPSAVER-100-80T-15KV-1P-C
650825020,RECL-TRIPSAVER-200-100T-15KV-1P-C
654831849,RECL-TRIPSAVER-100-80T-15KV-1P-C
659219413,RECL-TRIPSAVER-100-80T-15KV-1P-C
658081494,RECL-TRIPSAVER-100-80T-29KV-1P-C
651434891,RECL-TRIPSAVER-100-80T-15KV-1P-C
659365775,RECL-TRIPSAVER-100-80T-15KV-1P-C
654436562,RECL-TRIPSAVER-100-80T-29KV-1P-C
654560896,RECL-TRIPSAVER-200-100T-29KV-1P-C
658725797,RECL-TRIPSAVER-200-100T-15KV-1P-C
663886770,RECL-TRIPSAVER-100-80T-29KV-1P-C
652787987,RECL-TRIPSAVER-200-150E-15KV-1P-C
653105506,RECL-TRIPSAVER-100-80T-15KV-1P-C
670692760,RECL-TRIPSAVER-100-80T-15KV-1P-C
672385201,RECL-TRIPSAVER-100-80T-15KV-1P-C
676103512,RECL-TRIPSAVER-200-100T-15KV-1P-C
671483064,RECL-TRIPSAVER-200-100T-15KV-1P-C
673539900,RECL-TRIPSAVER-100-80T-15KV-1P-C
668966939,RECL-TRIPSAVER-100-80T-15KV-1P-C
670388206,RECL-TRIPSAVER-200-100T-29KV-1P-C
673501286,RECL-TRIPSAVER-100-80T-15KV-1P-C
674931149,RECL-TRIPSAVER-100-80T-15KV-1P-C
671101242,RECL-TRIPSAVER-100-80T-15KV-1P-C
668911039,RECL-TRIPSAVER-200-150E-15KV-1P-C
679375270,RECL-TRIPSAVER-100-80T-15KV-1P-C
670624383,RECL-TRIPSAVER-200-100T-15KV-1P-C
673175064,RECL-TRIPSAVER-100-80T-15KV-1P-C
672329158,RECL-TRIPSAVER-100-80T-29KV-1P-C
670998810,RECL-TRIPSAVER-100-80T-15KV-1P-C
679693108,RECL-TRIPSAVER-200-100T-15KV-1P-C
673548715,RECL-TRIPSAVER-100-80T-15KV-1P-C
671869647,RECL-TRIPSAVER-100-80T-15KV-1P-C
670371856,RECL-TRIPSAVER-100-80T-15KV-1P-C
730430876,RECL-TRIPSAVER-100-80T-15KV-1P-C
741569558,RECL-TRIPSAVER-100-80T-15KV-1P-C
737855429,RECL-TRIPSAVER-100-80T-15KV-1P-C
758762846,RECL-TRIPSAVER-100-80T-29KV-1P-C
769656606,RECL-TRIPSAVER-200-100T-15KV-1P-C
766985919,RECL-TRIPSAVER-100-80T-15KV-1P-C
779631597,RECL-TRIPSAVER-100-80T-15KV-1P-C
781667222,RECL-TRIPSAVER-100-80T-15KV-1P-C
782757863,RECL-TRIPSAVER-100-80T-29KV-1P-C
39006070,RECL-TRIPSAVER-200-150E-15KV-1P-C
568170473,RECL-TRIPSAVER-200-150E-15KV-1P-C
651074243,RECL-TRIPSAVER-100-80T-15KV-1P-C
652057104,RECL-TRIPSAVER-200-100T-15KV-1P-C
654793049,RECL-TRIPSAVER-200-100T-15KV-1P-C
660357228,RECL-TRIPSAVER-100-80T-29KV-1P-C
655385136,RECL-TRIPSAVER-100-80T-29KV-1P-C
659017611,RECL-TRIPSAVER-100-80T-15KV-1P-C
652092182,RECL-TRIPSAVER-100-80T-15KV-1P-C
655728734,RECL-TRIPSAVER-200-150E-29KV-1P-C
656939831,RECL-TRIPSAVER-100-80T-29KV-1P-C
654496632,RECL-TRIPSAVER-100-80T-15KV-1P-C
651945806,RECL-TRIPSAVER-200-100T-15KV-1P-C
650930101,RECL-TRIPSAVER-100-80T-29KV-1P-C
653105455,RECL-TRIPSAVER-200-100T-15KV-1P-C
658923425,RECL-TRIPSAVER-100-80T-15KV-1P-C
657201904,RECL-TRIPSAVER-200-100T-15KV-1P-C
659143020,RECL-TRIPSAVER-200-100T-15KV-1P-C
672264374,RECL-TRIPSAVER-100-80T-29KV-1P-C
672655147,RECL-TRIPSAVER-100-80T-29KV-1P-C
675682443,RECL-TRIPSAVER-100-80T-15KV-1P-C
674780867,RECL-TRIPSAVER-100-80T-15KV-1P-C
672106287,RECL-TRIPSAVER-200-150E-29KV-1P-C
675729831,RECL-TRIPSAVER-100-80T-15KV-1P-C
676644558,RECL-TRIPSAVER-100-80T-29KV-1P-C
672024461,RECL-TRIPSAVER-100-80T-15KV-1P-C
677438808,RECL-TRIPSAVER-200-150E-15KV-1P-C
678958780,RECL-TRIPSAVER-100-80T-15KV-1P-C
671152808,RECL-TRIPSAVER-200-150E-15KV-1P-C
677812451,RECL-TRIPSAVER-100-80T-15KV-1P-C
678447834,RECL-TRIPSAVER-100-80T-15KV-1P-C
672020025,RECL-TRIPSAVER-200-150E-15KV-1P-C
668782324,RECL-TRIPSAVER-100-80T-29KV-1P-C
677267126,RECL-TRIPSAVER-200-150E-29KV-1P-C
671143968,RECL-TRIPSAVER-200-100T-15KV-1P-C
676803452,RECL-TRIPSAVER-100-80T-15KV-1P-C
677108338,RECL-TRIPSAVER-100-80T-15KV-1P-C
679706286,RECL-TRIPSAVER-200-150E-15KV-1P-C
673106872,RECL-TRIPSAVER-100-80T-15KV-1P-C
680869700,RECL-TRIPSAVER-200-100T-29KV-1P-C
668916278,RECL-TRIPSAVER-100-80T-29KV-1P-C
672749851,RECL-TRIPSAVER-100-80T-15KV-1P-C
700497443,RECL-TRIPSAVER-100-80T-15KV-1P-C
764645463,RECL-TRIPSAVER-200-100T-29KV-1P-C
753468306,RECL-TRIPSAVER-200-100T-15KV-1P-C
759359648,RECL-TRIPSAVER-200-150E-15KV-1P-C
772778328,RECL-TRIPSAVER-200-100T-15KV-1P-C
787283647,RECL-TRIPSAVER-100-80T-15KV-1P-C
787069048,RECL-TRIPSAVER-100-80T-15KV-1P-C
784003038,RECL-TRIPSAVER-100-80T-15KV-1P-C
570239761,RECL-TRIPSAVER-100-80T-15KV-1P-C
650851410,RECL-TRIPSAVER-100-80T-15KV-1P-C
650963002,RECL-TRIPSAVER-200-100T-15KV-1P-C
654302913,RECL-TRIPSAVER-100-80T-15KV-1P-C
653933982,RECL-TRIPSAVER-200-100T-15KV-1P-C
652404894,RECL-TRIPSAVER-200-100T-15KV-1P-C
654831884,RECL-TRIPSAVER-100-80T-15KV-1P-C
658339231,RECL-TRIPSAVER-100-80T-15KV-1P-C
653311166,RECL-TRIPSAVER-100-80T-15KV-1P-C
651662536,RECL-TRIPSAVER-200-100T-29KV-1P-C
651138931,RECL-TRIPSAVER-100-80T-29KV-1P-C
652092169,RECL-TRIPSAVER-100-80T-15KV-1P-C
650929190,RECL-TRIPSAVER-100-80T-15KV-1P-C
651667154,RECL-TRIPSAVER-200-150E-29KV-1P-C
658369793,RECL-TRIPSAVER-100-80T-15KV-1P-C
653238672,RECL-TRIPSAVER-100-80T-15KV-1P-C
651826036,RECL-TRIPSAVER-100-80T-15KV-1P-C
661911700,RECL-TRIPSAVER-100-80T-15KV-1P-C
651526053,RECL-TRIPSAVER-100-80T-15KV-1P-C
654913097,RECL-TRIPSAVER-100-80T-29KV-1P-C
671079212,RECL-TRIPSAVER-200-150E-15KV-1P-C
675192982,RECL-TRIPSAVER-200-100T-15KV-1P-C
671933943,RECL-TRIPSAVER-100-80T-15KV-1P-C
673539836,RECL-TRIPSAVER-100-80T-15KV-1P-C
677863903,RECL-TRIPSAVER-100-80T-15KV-1P-C
672895956,RECL-TRIPSAVER-200-100T-15KV-1P-C
679929225,RECL-TRIPSAVER-200-100T-15KV-1P-C
676197976,RECL-TRIPSAVER-100-80T-15KV-1P-C
677567612,RECL-TRIPSAVER-100-80T-15KV-1P-C
676305462,RECL-TRIPSAVER-200-100T-15KV-1P-C
669186933,RECL-TRIPSAVER-200-100T-15KV-1P-C
670667401,RECL-TRIPSAVER-200-150E-15KV-1P-C
669048528,RECL-TRIPSAVER-100-80T-15KV-1P-C
678241717,RECL-TRIPSAVER-200-150E-29KV-1P-C
678319241,RECL-TRIPSAVER-200-100T-15KV-1P-C
668631948,RECL-TRIPSAVER-100-80T-29KV-1P-C
671479147,RECL-TRIPSAVER-200-100T-15KV-1P-C
672659775,RECL-TRIPSAVER-100-80T-15KV-1P-C
668576792,RECL-TRIPSAVER-200-100T-15KV-1P-C
673578873,RECL-TRIPSAVER-100-80T-15KV-1P-C
671560761,RECL-TRIPSAVER-200-150E-15KV-1P-C
671560817,RECL-TRIPSAVER-100-80T-15KV-1P-C
669645776,RECL-TRIPSAVER-200-150E-15KV-1P-C
673016244,RECL-TRIPSAVER-200-100T-29KV-1P-C
673072994,RECL-TRIPSAVER-100-80T-29KV-1P-C
738151558,RECL-TRIPSAVER-100-80T-15KV-1P-C
781774392,RECL-TRIPSAVER-100-80T-15KV-1P-C
784556933,RECL-TRIPSAVER-100-80T-15KV-1P-C
781392846,RECL-TRIPSAVER-100-80T-29KV-1P-C
394524191,RECL-TRIPSAVER-100-80T-15KV-1P-C
564601911,RECL-TRIPSAVER-200-150E-15KV-1P-C
568131168,RECL-TRIPSAVER-200-150E-15KV-1P-C
568165774,RECL-TRIPSAVER-100-80T-15KV-1P-C
564203713,RECL-TRIPSAVER-100-80T-15KV-1P-C
564430464,RECL-TRIPSAVER-100-80T-15KV-1P-C
658012786,RECL-TRIPSAVER-200-100T-15KV-1P-C
652774347,RECL-TRIPSAVER-100-80T-29KV-1P-C
650700610,RECL-TRIPSAVER-200-100T-15KV-1P-C
652714446,RECL-TRIPSAVER-100-80T-29KV-1P-C
652517001,RECL-TRIPSAVER-100-80T-15KV-1P-C
653968604,RECL-TRIPSAVER-100-80T-15KV-1P-C
657089805,RECL-TRIPSAVER-200-150E-29KV-1P-C
651302495,RECL-TRIPSAVER-100-80T-29KV-1P-C
657218811,RECL-TRIPSAVER-200-150E-15KV-1P-C
660911082,RECL-TRIPSAVER-200-100T-15KV-1P-C
651263731,RECL-TRIPSAVER-200-100T-15KV-1P-C
657459655,RECL-TRIPSAVER-200-150E-15KV-1P-C
658288004,RECL-TRIPSAVER-200-100T-15KV-1P-C
655681979,RECL-TRIPSAVER-100-80T-15KV-1P-C
656626473,RECL-TRIPSAVER-100-80T-29KV-1P-C
669207023,RECL-TRIPSAVER-200-150E-15KV-1P-C
670761478,RECL-TRIPSAVER-100-80T-15KV-1P-C
668700785,RECL-TRIPSAVER-100-80T-15KV-1P-C
679461104,RECL-TRIPSAVER-200-100T-15KV-1P-C
678649543,RECL-TRIPSAVER-100-80T-15KV-1P-C
669915619,RECL-TRIPSAVER-200-150E-29KV-1P-C
676403916,RECL-TRIPSAVER-200-100T-29KV-1P-C
674411506,RECL-TRIPSAVER-200-100T-29KV-1P-C
672346498,RECL-TRIPSAVER-100-80T-29KV-1P-C
676369612,RECL-TRIPSAVER-100-80T-29KV-1P-C
673131943,RECL-TRIPSAVER-200-150E-15KV-1P-C
672106135,RECL-TRIPSAVER-100-80T-29KV-1P-C
679087577,RECL-TRIPSAVER-100-80T-29KV-1P-C
676644519,RECL-TRIPSAVER-100-80T-29KV-1P-C
676305478,RECL-TRIPSAVER-100-80T-15KV-1P-C
677400260,RECL-TRIPSAVER-100-80T-15KV-1P-C
671964082,RECL-TRIPSAVER-100-80T-15KV-1P-C
673213499,RECL-TRIPSAVER-200-100T-15KV-1P-C
672415157,RECL-TRIPSAVER-200-150E-15KV-1P-C
677108294,RECL-TRIPSAVER-200-150E-15KV-1P-C
678572439,RECL-TRIPSAVER-200-100T-15KV-1P-C
677108347,RECL-TRIPSAVER-200-150E-15KV-1P-C
672612554,RECL-TRIPSAVER-100-80T-15KV-1P-C
669078894,RECL-TRIPSAVER-100-80T-15KV-1P-C
676747546,RECL-TRIPSAVER-100-80T-29KV-1P-C
673029426,RECL-TRIPSAVER-100-80T-29KV-1P-C
670620451,RECL-TRIPSAVER-200-100T-15KV-1P-C
671904678,RECL-TRIPSAVER-100-80T-15KV-1P-C
692751083,RECL-TRIPSAVER-200-150E-15KV-1P-C
701274703,RECL-TRIPSAVER-100-80T-15KV-1P-C
737267050,RECL-TRIPSAVER-100-80T-15KV-1P-C
737151109,RECL-TRIPSAVER-100-80T-15KV-1P-C
743072598,RECL-TRIPSAVER-100-80T-15KV-1P-C
743248561,RECL-TRIPSAVER-100-80T-15KV-1P-C
760841116,RECL-TRIPSAVER-200-100T-15KV-1P-C
752348084,RECL-TRIPSAVER-200-150E-15KV-1P-C
773984927,RECL-TRIPSAVER-100-80T-15KV-1P-C
768673319,RECL-TRIPSAVER-200-100T-15KV-1P-C
766240000,RECL-TRIPSAVER-100-80T-15KV-1P-C
768695272,RECL-TRIPSAVER-100-80T-29KV-1P-C
781096183,RECL-TRIPSAVER-100-80T-15KV-1P-C
782156661,RECL-TRIPSAVER-100-80T-15KV-1P-C
806126425,RECL-TRIPSAVER-100-80T-29KV-1P-C
581411912,RECL-TRIPSAVER-100-80T-15KV-1P-C
655019653,RECL-TRIPSAVER-100-80T-15KV-1P-C
659464211,RECL-TRIPSAVER-100-80T-29KV-1P-C
653934000,RECL-TRIPSAVER-200-100T-15KV-1P-C
656698842,RECL-TRIPSAVER-200-100T-29KV-1P-C
660305621,RECL-TRIPSAVER-100-80T-29KV-1P-C
652190524,RECL-TRIPSAVER-200-100T-15KV-1P-C
652482391,RECL-TRIPSAVER-100-80T-15KV-1P-C
653049958,RECL-TRIPSAVER-200-100T-15KV-1P-C
656364241,RECL-TRIPSAVER-100-80T-15KV-1P-C
658588954,RECL-TRIPSAVER-200-100T-29KV-1P-C
654415127,RECL-TRIPSAVER-200-100T-15KV-1P-C
650967180,RECL-TRIPSAVER-100-80T-29KV-1P-C
655874865,RECL-TRIPSAVER-200-100T-15KV-1P-C
651117477,RECL-TRIPSAVER-200-100T-29KV-1P-C
658275589,RECL-TRIPSAVER-100-80T-15KV-1P-C
659747718,RECL-TRIPSAVER-200-100T-29KV-1P-C
651070257,RECL-TRIPSAVER-200-100T-15KV-1P-C
654763247,RECL-TRIPSAVER-200-100T-15KV-1P-C
653333563,RECL-TRIPSAVER-100-80T-15KV-1P-C
659670536,RECL-TRIPSAVER-100-80T-29KV-1P-C
671676078,RECL-TRIPSAVER-100-80T-15KV-1P-C
671689215,RECL-TRIPSAVER-100-80T-29KV-1P-C
675347540,RECL-TRIPSAVER-100-80T-29KV-1P-C
675849959,RECL-TRIPSAVER-100-80T-15KV-1P-C
674050886,RECL-TRIPSAVER-100-80T-15KV-1P-C
676150697,RECL-TRIPSAVER-200-150E-15KV-1P-C
679087679,RECL-TRIPSAVER-100-80T-29KV-1P-C
670032053,RECL-TRIPSAVER-100-80T-15KV-1P-C
669276432,RECL-TRIPSAVER-100-80T-15KV-1P-C
673922278,RECL-TRIPSAVER-100-80T-15KV-1P-C
676060524,RECL-TRIPSAVER-100-80T-29KV-1P-C
668954247,RECL-TRIPSAVER-100-80T-15KV-1P-C
676133535,RECL-TRIPSAVER-100-80T-29KV-1P-C
671904167,RECL-TRIPSAVER-100-80T-15KV-1P-C
677623531,RECL-TRIPSAVER-100-80T-29KV-1P-C
672908751,RECL-TRIPSAVER-100-80T-15KV-1P-C
674214103,RECL-TRIPSAVER-100-80T-15KV-1P-C
669078930,RECL-TRIPSAVER-100-80T-15KV-1P-C
673510082,RECL-TRIPSAVER-200-100T-15KV-1P-C
671282637,RECL-TRIPSAVER-100-80T-15KV-1P-C
701094323,RECL-TRIPSAVER-200-100T-15KV-1P-C
692532211,RECL-TRIPSAVER-200-150E-29KV-1P-C
730430876,RECL-TRIPSAVER-100-80T-15KV-1P-C
731246887,RECL-TRIPSAVER-200-100T-15KV-1P-C
738542797,RECL-TRIPSAVER-200-100T-15KV-1P-C
741814665,RECL-TRIPSAVER-100-80T-29KV-1P-C
754348653,RECL-TRIPSAVER-100-80T-15KV-1P-C
768454270,RECL-TRIPSAVER-200-100T-15KV-1P-C
809200220,RECL-TRIPSAVER-100-80T-15KV-1P-C
564237369,RECL-TRIPSAVER-100-80T-15KV-1P-C
650871790,RECL-TRIPSAVER-100-80T-15KV-1P-C
651606161,RECL-TRIPSAVER-200-150E-15KV-1P-C
650820584,RECL-TRIPSAVER-100-80T-15KV-1P-C
650963796,RECL-TRIPSAVER-100-80T-15KV-1P-C
651452061,RECL-TRIPSAVER-200-150E-15KV-1P-C
659412601,RECL-TRIPSAVER-200-150E-15KV-1P-C
655994889,RECL-TRIPSAVER-100-80T-15KV-1P-C
657776991,RECL-TRIPSAVER-200-150E-29KV-1P-C
653968644,RECL-TRIPSAVER-200-100T-29KV-1P-C
658443040,RECL-TRIPSAVER-200-100T-15KV-1P-C
653745553,RECL-TRIPSAVER-100-80T-29KV-1P-C
659670554,RECL-TRIPSAVER-200-100T-29KV-1P-C
674527285,RECL-TRIPSAVER-100-80T-15KV-1P-C
673509641,RECL-TRIPSAVER-100-80T-29KV-1P-C
673423941,RECL-TRIPSAVER-200-150E-15KV-1P-C
670341634,RECL-TRIPSAVER-200-100T-15KV-1P-C
670221029,RECL-TRIPSAVER-100-80T-15KV-1P-C
670388215,RECL-TRIPSAVER-200-100T-29KV-1P-C
670388279,RECL-TRIPSAVER-100-80T-29KV-1P-C
675729798,RECL-TRIPSAVER-200-150E-15KV-1P-C
674506139,RECL-TRIPSAVER-100-80T-15KV-1P-C
670556188,RECL-TRIPSAVER-100-80T-15KV-1P-C
668631946,RECL-TRIPSAVER-100-80T-29KV-1P-C
677752596,RECL-TRIPSAVER-200-100T-15KV-1P-C
677623499,RECL-TRIPSAVER-100-80T-29KV-1P-C
676477154,RECL-TRIPSAVER-100-80T-15KV-1P-C
671217288,RECL-TRIPSAVER-100-80T-29KV-1P-C
675855104,RECL-TRIPSAVER-200-150E-15KV-1P-C
674407974,RECL-TRIPSAVER-100-80T-15KV-1P-C
674408032,RECL-TRIPSAVER-100-80T-15KV-1P-C
701553791,RECL-TRIPSAVER-100-80T-29KV-1P-C
702073431,RECL-TRIPSAVER-100-80T-15KV-1P-C
738314833,RECL-TRIPSAVER-200-150E-29KV-1P-C
737713714,RECL-TRIPSAVER-100-80T-15KV-1P-C
767007191,RECL-TRIPSAVER-100-80T-15KV-1P-C
766375976,RECL-TRIPSAVER-200-100T-15KV-1P-C
783345965,RECL-TRIPSAVER-200-100T-15KV-1P-C
651056579,RECL-TRIPSAVER-100-80T-15KV-1P-C
652404942,RECL-TRIPSAVER-100-80T-15KV-1P-C
653281031,RECL-TRIPSAVER-200-100T-15KV-1P-C
657488975,RECL-TRIPSAVER-100-80T-15KV-1P-C
657510692,RECL-TRIPSAVER-100-80T-15KV-1P-C
652482376,RECL-TRIPSAVER-200-100T-15KV-1P-C
654770927,RECL-TRIPSAVER-200-150E-15KV-1P-C
653474865,RECL-TRIPSAVER-200-100T-15KV-1P-C
651250278,RECL-TRIPSAVER-100-80T-29KV-1P-C
658923459,RECL-TRIPSAVER-100-80T-15KV-1P-C
650808607,RECL-TRIPSAVER-200-100T-15KV-1P-C
657459725,RECL-TRIPSAVER-100-80T-15KV-1P-C
652634090,RECL-TRIPSAVER-200-100T-15KV-1P-C
652796495,RECL-TRIPSAVER-200-100T-15KV-1P-C
656640344,RECL-TRIPSAVER-100-80T-29KV-1P-C
651101661,RECL-TRIPSAVER-100-80T-15KV-1P-C
673342149,RECL-TRIPSAVER-100-80T-29KV-1P-C
671384166,RECL-TRIPSAVER-100-80T-15KV-1P-C
668666147,RECL-TRIPSAVER-100-80T-29KV-1P-C
679516936,RECL-TRIPSAVER-200-100T-15KV-1P-C
670710125,RECL-TRIPSAVER-100-80T-15KV-1P-C
673419635,RECL-TRIPSAVER-200-150E-15KV-1P-C
671903849,RECL-TRIPSAVER-100-80T-15KV-1P-C
668602102,RECL-TRIPSAVER-100-80T-29KV-1P-C
671706778,RECL-TRIPSAVER-100-80T-29KV-1P-C
676580047,RECL-TRIPSAVER-200-150E-15KV-1P-C
675738463,RECL-TRIPSAVER-100-80T-15KV-1P-C
673059048,RECL-TRIPSAVER-200-150E-15KV-1P-C
678649723,RECL-TRIPSAVER-100-80T-15KV-1P-C
677584785,RECL-TRIPSAVER-200-100T-15KV-1P-C
669619633,RECL-TRIPSAVER-100-80T-15KV-1P-C
676133448,RECL-TRIPSAVER-200-100T-15KV-1P-C
672646798,RECL-TRIPSAVER-100-80T-15KV-1P-C
677297067,RECL-TRIPSAVER-200-100T-15KV-1P-C
673179274,RECL-TRIPSAVER-100-80T-15KV-1P-C
671964319,RECL-TRIPSAVER-100-80T-15KV-1P-C
678246114,RECL-TRIPSAVER-100-80T-15KV-1P-C
672458096,RECL-TRIPSAVER-100-80T-29KV-1P-C
673578914,RECL-TRIPSAVER-100-80T-15KV-1P-C
676778125,RECL-TRIPSAVER-100-80T-29KV-1P-C
671869628,RECL-TRIPSAVER-100-80T-15KV-1P-C
698921531,RECL-TRIPSAVER-200-150E-15KV-1P-C
738241660,RECL-TRIPSAVER-100-80T-15KV-1P-C
741320470,RECL-TRIPSAVER-200-100T-15KV-1P-C
739981077,RECL-TRIPSAVER-200-150E-15KV-1P-C
742930873,RECL-TRIPSAVER-100-80T-29KV-1P-C
771588874,RECL-TRIPSAVER-100-80T-15KV-1P-C
766929967,RECL-TRIPSAVER-100-80T-15KV-1P-C
782813488,RECL-TRIPSAVER-100-80T-15KV-1P-C
783693746,RECL-TRIPSAVER-100-80T-15KV-1P-C
564957767,RECL-TRIPSAVER-200-100T-15KV-1P-C
565563475,RECL-TRIPSAVER-100-80T-15KV-1P-C
571907469,RECL-TRIPSAVER-100-80T-15KV-1P-C
651103940,RECL-TRIPSAVER-200-100T-15KV-1P-C
653062030,RECL-TRIPSAVER-200-100T-15KV-1P-C
660357250,RECL-TRIPSAVER-100-80T-29KV-1P-C
658339199,RECL-TRIPSAVER-200-150E-15KV-1P-C
652576925,RECL-TRIPSAVER-200-150E-15KV-1P-C
652422771,RECL-TRIPSAVER-100-80T-29KV-1P-C
652504220,RECL-TRIPSAVER-200-100T-15KV-1P-C
654496521,RECL-TRIPSAVER-100-80T-15KV-1P-C
651680500,RECL-TRIPSAVER-200-100T-15KV-1P-C
650710275,RECL-TRIPSAVER-100-80T-15KV-1P-C
658008904,RECL-TRIPSAVER-200-100T-15KV-1P-C
659670589,RECL-TRIPSAVER-100-80T-29KV-1P-C
672882754,RECL-TRIPSAVER-200-150E-29KV-1P-C
670211817,RECL-TRIPSAVER-100-80T-29KV-1P-C
670470444,RECL-TRIPSAVER-100-80T-15KV-1P-C
671109396,RECL-TRIPSAVER-100-80T-29KV-1P-C
674694844,RECL-TRIPSAVER-100-80T-29KV-1P-C
678598048,RECL-TRIPSAVER-200-100T-15KV-1P-C
669366413,RECL-TRIPSAVER-100-80T-29KV-1P-C
673423888,RECL-TRIPSAVER-100-80T-15KV-1P-C
669705558,RECL-TRIPSAVER-200-100T-29KV-1P-C
677825585,RECL-TRIPSAVER-200-150E-15KV-1P-C
670851951,RECL-TRIPSAVER-100-80T-15KV-1P-C
676339611,RECL-TRIPSAVER-200-100T-29KV-1P-C
676446951,RECL-TRIPSAVER-100-80T-29KV-1P-C
677292970,RECL-TRIPSAVER-100-80T-15KV-1P-C
678958795,RECL-TRIPSAVER-100-80T-15KV-1P-C
672535535,RECL-TRIPSAVER-100-80T-15KV-1P-C
675799983,RECL-TRIPSAVER-100-80T-29KV-1P-C
670744902,RECL-TRIPSAVER-100-80T-15KV-1P-C
678456627,RECL-TRIPSAVER-100-80T-29KV-1P-C
672612503,RECL-TRIPSAVER-100-80T-15KV-1P-C
678933479,RECL-TRIPSAVER-200-100T-15KV-1P-C
673548749,RECL-TRIPSAVER-100-80T-15KV-1P-C
673106891,RECL-TRIPSAVER-200-100T-15KV-1P-C
671638029,RECL-TRIPSAVER-100-80T-29KV-1P-C
674369686,RECL-TRIPSAVER-100-80T-15KV-1P-C
678139002,RECL-TRIPSAVER-100-80T-29KV-1P-C
693764438,RECL-TRIPSAVER-200-150E-29KV-1P-C
701240334,RECL-TRIPSAVER-200-100T-15KV-1P-C
694919697,RECL-TRIPSAVER-200-100T-15KV-1P-C
739371104,RECL-TRIPSAVER-200-100T-15KV-1P-C
740814108,RECL-TRIPSAVER-100-80T-15KV-1P-C
740071199,RECL-TRIPSAVER-100-80T-15KV-1P-C
773959176,RECL-TRIPSAVER-100-80T-15KV-1P-C
767974821,RECL-TRIPSAVER-100-80T-15KV-1P-C
787506818,RECL-TRIPSAVER-100-80T-15KV-1P-C
565066308,RECL-TRIPSAVER-200-100T-15KV-1P-C
651301831,RECL-TRIPSAVER-200-100T-15KV-1P-C
658884525,RECL-TRIPSAVER-200-100T-15KV-1P-C
654775220,RECL-TRIPSAVER-100-80T-15KV-1P-C
656772182,RECL-TRIPSAVER-200-100T-15KV-1P-C
652336523,RECL-TRIPSAVER-200-150E-15KV-1P-C
652456573,RECL-TRIPSAVER-100-80T-15KV-1P-C
653311282,RECL-TRIPSAVER-200-100T-29KV-1P-C
657103382,RECL-TRIPSAVER-100-80T-15KV-1P-C
660451805,RECL-TRIPSAVER-200-100T-15KV-1P-C
650930093,RECL-TRIPSAVER-100-80T-29KV-1P-C
658391445,RECL-TRIPSAVER-100-80T-15KV-1P-C
653367678,RECL-TRIPSAVER-100-80T-15KV-1P-C
656640356,RECL-TRIPSAVER-100-80T-29KV-1P-C
656897270,RECL-TRIPSAVER-200-150E-15KV-1P-C
670843054,RECL-TRIPSAVER-200-150E-15KV-1P-C
671723321,RECL-TRIPSAVER-200-100T-29KV-1P-C
673265185,RECL-TRIPSAVER-100-80T-29KV-1P-C
679306553,RECL-TRIPSAVER-200-150E-29KV-1P-C
672346313,RECL-TRIPSAVER-200-150E-29KV-1P-C
668602107,RECL-TRIPSAVER-200-100T-29KV-1P-C
670886210,RECL-TRIPSAVER-100-80T-15KV-1P-C
677095207,RECL-TRIPSAVER-100-80T-15KV-1P-C
675459440,RECL-TRIPSAVER-100-80T-15KV-1P-C
672479642,RECL-TRIPSAVER-100-80T-15KV-1P-C
676971024,RECL-TRIPSAVER-100-80T-29KV-1P-C
670358184,RECL-TRIPSAVER-100-80T-15KV-1P-C
670787822,RECL-TRIPSAVER-100-80T-15KV-1P-C
669224943,RECL-TRIPSAVER-100-80T-15KV-1P-C
675855147,RECL-TRIPSAVER-200-100T-15KV-1P-C
674605620,RECL-TRIPSAVER-100-80T-29KV-1P-C
699110505,RECL-TRIPSAVER-100-80T-15KV-1P-C
769463393,RECL-TRIPSAVER-100-80T-15KV-1P-C
781538153,RECL-TRIPSAVER-200-100T-15KV-1P-C
566122065,RECL-TRIPSAVER-100-80T-15KV-1P-C
650824643,RECL-TRIPSAVER-200-100T-15KV-1P-C
652057115,RECL-TRIPSAVER-200-100T-15KV-1P-C
656698851,RECL-TRIPSAVER-200-100T-29KV-1P-C
651760723,RECL-TRIPSAVER-200-100T-15KV-1P-C
651782559,RECL-TRIPSAVER-100-80T-15KV-1P-C
654578898,RECL-TRIPSAVER-200-100T-15KV-1P-C
650929156,RECL-TRIPSAVER-100-80T-15KV-1P-C
654663734,RECL-TRIPSAVER-100-80T-15KV-1P-C
657803012,RECL-TRIPSAVER-100-80T-15KV-1P-C
674608874,RECL-TRIPSAVER-100-80T-15KV-1P-C
671109278,RECL-TRIPSAVER-100-80T-15KV-1P-C
673269154,RECL-TRIPSAVER-100-80T-29KV-1P-C
671384156,RECL-TRIPSAVER-100-80T-15KV-1P-C
671384217,RECL-TRIPSAVER-100-80T-15KV-1P-C
668576259,RECL-TRIPSAVER-100-80T-15KV-1P-C
673518437,RECL-TRIPSAVER-100-80T-15KV-1P-C
674600466,RECL-TRIPSAVER-200-100T-15KV-1P-C
672307420,RECL-TRIPSAVER-100-80T-15KV-1P-C
669808573,RECL-TRIPSAVER-100-80T-15KV-1P-C
668473824,RECL-TRIPSAVER-200-150E-15KV-1P-C
672071565,RECL-TRIPSAVER-100-80T-29KV-1P-C
675107367,RECL-TRIPSAVER-100-80T-15KV-1P-C
670341639,RECL-TRIPSAVER-200-100T-15KV-1P-C
679856228,RECL-TRIPSAVER-100-80T-29KV-1P-C
669353326,RECL-TRIPSAVER-100-80T-15KV-1P-C
678954765,RECL-TRIPSAVER-200-100T-15KV-1P-C
673879200,RECL-TRIPSAVER-100-80T-15KV-1P-C
676133547,RECL-TRIPSAVER-200-100T-29KV-1P-C
671410357,RECL-TRIPSAVER-200-100T-15KV-1P-C
669645767,RECL-TRIPSAVER-100-80T-15KV-1P-C
670637795,RECL-TRIPSAVER-200-100T-15KV-1P-C
701424956,RECL-TRIPSAVER-100-80T-15KV-1P-C
741569526,RECL-TRIPSAVER-100-80T-15KV-1P-C
766878367,RECL-TRIPSAVER-100-80T-15KV-1P-C
770489656,RECL-TRIPSAVER-100-80T-29KV-1P-C
787601210,RECL-TRIPSAVER-100-80T-15KV-1P-C
782027797,RECL-TRIPSAVER-100-80T-15KV-1P-C
782532202,RECL-TRIPSAVER-100-80T-15KV-1P-C
789491146,RECL-TRIPSAVER-200-150E-15KV-1P-C
834727875,RECL-TRIPSAVER-200-150E-29KV-1P-C
573825529,RECL-TRIPSAVER-200-150E-15KV-1P-C
568195714,RECL-TRIPSAVER-200-150E-15KV-1P-C
652649623,RECL-TRIPSAVER-200-100T-15KV-1P-C
659464155,RECL-TRIPSAVER-100-80T-29KV-1P-C
651074197,RECL-TRIPSAVER-100-80T-15KV-1P-C
653062051,RECL-TRIPSAVER-200-100T-15KV-1P-C
658832939,RECL-TRIPSAVER-100-80T-15KV-1P-C
658832985,RECL-TRIPSAVER-100-80T-15KV-1P-C
653912257,RECL-TRIPSAVER-200-100T-15KV-1P-C
650820574,RECL-TRIPSAVER-200-100T-15KV-1P-C
651250260,RECL-TRIPSAVER-200-100T-29KV-1P-C
650958577,RECL-TRIPSAVER-100-80T-29KV-1P-C
650821050,RECL-TRIPSAVER-100-80T-15KV-1P-C
663886846,RECL-TRIPSAVER-200-100T-29KV-1P-C
658704838,RECL-TRIPSAVER-200-100T-15KV-1P-C
653105511,RECL-TRIPSAVER-100-80T-15KV-1P-C
653745484,RECL-TRIPSAVER-100-80T-29KV-1P-C
657987752,RECL-TRIPSAVER-100-80T-15KV-1P-C
660898275,RECL-TRIPSAVER-100-80T-29KV-1P-C
673608370,RECL-TRIPSAVER-100-80T-15KV-1P-C
675806936,RECL-TRIPSAVER-100-80T-15KV-1P-C
671109271,RECL-TRIPSAVER-100-80T-15KV-1P-C
670628640,RECL-TRIPSAVER-100-80T-15KV-1P-C
673664240,RECL-TRIPSAVER-100-80T-29KV-1P-C
669499408,RECL-TRIPSAVER-200-100T-15KV-1P-C
675111569,RECL-TRIPSAVER-100-80T-15KV-1P-C
672269133,RECL-TRIPSAVER-100-80T-15KV-1P-C
674076642,RECL-TRIPSAVER-200-150E-29KV-1P-C
674076672,RECL-TRIPSAVER-100-80T-29KV-1P-C
672346267,RECL-TRIPSAVER-200-150E-29KV-1P-C
670753361,RECL-TRIPSAVER-100-80T-15KV-1P-C
670164963,RECL-TRIPSAVER-100-80T-15KV-1P-C
675893132,RECL-TRIPSAVER-200-100T-29KV-1P-C
672260413,RECL-TRIPSAVER-100-80T-15KV-1P-C
673737561,RECL-TRIPSAVER-200-100T-15KV-1P-C
672921761,RECL-TRIPSAVER-100-80T-15KV-1P-C
678933493,RECL-TRIPSAVER-200-100T-15KV-1P-C
678229007,RECL-TRIPSAVER-200-150E-15KV-1P-C
674815588,RECL-TRIPSAVER-200-100T-15KV-1P-C
671084259,RECL-TRIPSAVER-100-80T-15KV-1P-C
676854937,RECL-TRIPSAVER-100-80T-29KV-1P-C
675276133,RECL-TRIPSAVER-100-80T-29KV-1P-C
705220805,RECL-TRIPSAVER-100-80T-15KV-1P-C
692978649,RECL-TRIPSAVER-100-80T-15KV-1P-C
697324243,RECL-TRIPSAVER-200-150E-15KV-1P-C
694198803,RECL-TRIPSAVER-100-80T-29KV-1P-C
699587312,RECL-TRIPSAVER-100-80T-29KV-1P-C
731246791,RECL-TRIPSAVER-200-100T-15KV-1P-C
736485432,RECL-TRIPSAVER-100-80T-15KV-1P-C
744129405,RECL-TRIPSAVER-100-80T-15KV-1P-C
739031981,RECL-TRIPSAVER-200-100T-15KV-1P-C
744399288,RECL-TRIPSAVER-200-150E-15KV-1P-C
776973539,RECL-TRIPSAVER-100-80T-15KV-1P-C
769566396,RECL-TRIPSAVER-200-100T-15KV-1P-C
789177167,RECL-TRIPSAVER-200-150E-15KV-1P-C
780125386,RECL-TRIPSAVER-200-100T-15KV-1P-C
781684209,RECL-TRIPSAVER-100-80T-15KV-1P-C
779469350,RECL-TRIPSAVER-100-80T-15KV-1P-C
806126425,RECL-TRIPSAVER-100-80T-29KV-1P-C
807465444,RECL-TRIPSAVER-200-100T-15KV-1P-C
581978709,RECL-TRIPSAVER-100-80T-15KV-1P-C
650687127,RECL-TRIPSAVER-100-80T-15KV-1P-C
651202488,RECL-TRIPSAVER-100-80T-15KV-1P-C
651147029,RECL-TRIPSAVER-100-80T-15KV-1P-C
650966803,RECL-TRIPSAVER-200-100T-15KV-1P-C
651138871,RECL-TRIPSAVER-100-80T-29KV-1P-C
651563683,RECL-TRIPSAVER-100-80T-29KV-1P-C
658562443,RECL-TRIPSAVER-100-80T-15KV-1P-C
651495235,RECL-TRIPSAVER-200-150E-29KV-1P-C
656361210,RECL-TRIPSAVER-100-80T-15KV-1P-C
657558326,RECL-TRIPSAVER-100-80T-29KV-1P-C
658238553,RECL-TRIPSAVER-200-100T-15KV-1P-C
659203001,RECL-TRIPSAVER-100-80T-15KV-1P-C
660709330,RECL-TRIPSAVER-100-80T-15KV-1P-C
657369427,RECL-TRIPSAVER-100-80T-15KV-1P-C
669327287,RECL-TRIPSAVER-100-80T-15KV-1P-C
676639939,RECL-TRIPSAVER-100-80T-29KV-1P-C
668580126,RECL-TRIPSAVER-100-80T-15KV-1P-C
670473778,RECL-TRIPSAVER-200-100T-15KV-1P-C
669284412,RECL-TRIPSAVER-100-80T-15KV-1P-C
675540774,RECL-TRIPSAVER-200-100T-15KV-1P-C
677228729,RECL-TRIPSAVER-100-80T-15KV-1P-C
670663338,RECL-TRIPSAVER-200-150E-15KV-1P-C
670839004,RECL-TRIPSAVER-100-80T-15KV-1P-C
677451535,RECL-TRIPSAVER-100-80T-15KV-1P-C
674076660,RECL-TRIPSAVER-100-80T-29KV-1P-C
676773141,RECL-TRIPSAVER-100-80T-15KV-1P-C
672346562,RECL-TRIPSAVER-100-80T-29KV-1P-C
668602116,RECL-TRIPSAVER-100-80T-29KV-1P-C
675738547,RECL-TRIPSAVER-100-80T-15KV-1P-C
670886235,RECL-TRIPSAVER-100-80T-15KV-1P-C
679087614,RECL-TRIPSAVER-100-80T-29KV-1P-C
677567620,RECL-TRIPSAVER-100-80T-15KV-1P-C
669739916,RECL-TRIPSAVER-100-80T-15KV-1P-C
671835648,RECL-TRIPSAVER-100-80T-29KV-1P-C
669452546,RECL-TRIPSAVER-100-80T-15KV-1P-C
673084774,RECL-TRIPSAVER-200-150E-15KV-1P-C
679461217,RECL-TRIPSAVER-100-80T-29KV-1P-C
669035710,RECL-TRIPSAVER-200-100T-29KV-1P-C
671788279,RECL-TRIPSAVER-100-80T-15KV-1P-C
672496435,RECL-TRIPSAVER-100-80T-15KV-1P-C
675073105,RECL-TRIPSAVER-100-80T-29KV-1P-C
674630692,RECL-TRIPSAVER-200-100T-15KV-1P-C
672904919,RECL-TRIPSAVER-100-80T-15KV-1P-C
675855137,RECL-TRIPSAVER-100-80T-15KV-1P-C
673073013,RECL-TRIPSAVER-100-80T-29KV-1P-C
773182027,RECL-TRIPSAVER-100-80T-15KV-1P-C
572523810,RECL-TRIPSAVER-200-100T-15KV-1P-C
571907542,RECL-TRIPSAVER-100-80T-15KV-1P-C
563661989,RECL-TRIPSAVER-100-80T-15KV-1P-C
564924349,RECL-TRIPSAVER-200-100T-15KV-1P-C
566130366,RECL-TRIPSAVER-200-150E-15KV-1P-C
653362269,RECL-TRIPSAVER-100-80T-15KV-1P-C
656565675,RECL-TRIPSAVER-200-150E-15KV-1P-C
652740095,RECL-TRIPSAVER-200-100T-15KV-1P-C
650820547,RECL-TRIPSAVER-200-100T-15KV-1P-C
657510607,RECL-TRIPSAVER-200-100T-15KV-1P-C
660305631,RECL-TRIPSAVER-200-100T-15KV-1P-C
659052365,RECL-TRIPSAVER-100-80T-15KV-1P-C
652912216,RECL-TRIPSAVER-100-80T-15KV-1P-C
652804914,RECL-TRIPSAVER-100-80T-15KV-1P-C
655299191,RECL-TRIPSAVER-200-100T-15KV-1P-C
656643650,RECL-TRIPSAVER-100-80T-15KV-1P-C
651263707,RECL-TRIPSAVER-100-80T-15KV-1P-C
657803042,RECL-TRIPSAVER-100-80T-15KV-1P-C
658047513,RECL-TRIPSAVER-200-100T-15KV-1P-C
650925114,RECL-TRIPSAVER-200-100T-15KV-1P-C
656640332,RECL-TRIPSAVER-100-80T-29KV-1P-C
674853700,RECL-TRIPSAVER-100-80T-15KV-1P-C
671465742,RECL-TRIPSAVER-100-80T-29KV-1P-C
675347501,RECL-TRIPSAVER-200-100T-29KV-1P-C
676773146,RECL-TRIPSAVER-100-80T-15KV-1P-C
674931207,RECL-TRIPSAVER-200-100T-15KV-1P-C
673119231,RECL-TRIPSAVER-200-150E-15KV-1P-C
673119307,RECL-TRIPSAVER-200-150E-15KV-1P-C
676228030,RECL-TRIPSAVER-200-100T-15KV-1P-C
668507700,RECL-TRIPSAVER-100-80T-29KV-1P-C
672440955,RECL-TRIPSAVER-200-100T-29KV-1P-C
676498442,RECL-TRIPSAVER-100-80T-15KV-1P-C
670336779,RECL-TRIPSAVER-100-80T-15KV-1P-C
668902515,RECL-TRIPSAVER-200-100T-29KV-1P-C
670036621,RECL-TRIPSAVER-200-150E-29KV-1P-C
673638829,RECL-TRIPSAVER-100-80T-15KV-1P-C
671242878,RECL-TRIPSAVER-200-100T-15KV-1P-C
673222535,RECL-TRIPSAVER-100-80T-15KV-1P-C
679615891,RECL-TRIPSAVER-100-80T-15KV-1P-C
674815522,RECL-TRIPSAVER-100-80T-15KV-1P-C
670934619,RECL-TRIPSAVER-200-100T-29KV-1P-C
678053260,RECL-TRIPSAVER-200-100T-15KV-1P-C
668706867,RECL-TRIPSAVER-200-150E-29KV-1P-C
672943450,RECL-TRIPSAVER-100-80T-15KV-1P-C
700497456,RECL-TRIPSAVER-200-150E-15KV-1P-C
741728497,RECL-TRIPSAVER-100-80T-15KV-1P-C
739246875,RECL-TRIPSAVER-100-80T-15KV-1P-C
743871328,RECL-TRIPSAVER-100-80T-15KV-1P-C
779530538,RECL-TRIPSAVER-100-80T-15KV-1P-C
564735547,RECL-TRIPSAVER-100-80T-15KV-1P-C
564957767,RECL-TRIPSAVER-200-100T-15KV-1P-C
653362257,RECL-TRIPSAVER-100-80T-15KV-1P-C
650963038,RECL-TRIPSAVER-100-80T-15KV-1P-C
651202520,RECL-TRIPSAVER-200-100T-15KV-1P-C
650820579,RECL-TRIPSAVER-100-80T-15KV-1P-C
655311928,RECL-TRIPSAVER-200-150E-15KV-1P-C
658807465,RECL-TRIPSAVER-200-100T-15KV-1P-C
655659756,RECL-TRIPSAVER-200-150E-29KV-1P-C
652920553,RECL-TRIPSAVER-200-100T-15KV-1P-C
653474819,RECL-TRIPSAVER-100-80T-15KV-1P-C
651787019,RECL-TRIPSAVER-200-100T-15KV-1P-C
654496572,RECL-TRIPSAVER-200-100T-15KV-1P-C
650748920,RECL-TRIPSAVER-100-80T-15KV-1P-C
654071642,RECL-TRIPSAVER-100-80T-15KV-1P-C
658751799,RECL-TRIPSAVER-200-100T-15KV-1P-C
650706500,RECL-TRIPSAVER-100-80T-15KV-1P-C
651392811,RECL-TRIPSAVER-200-150E-15KV-1P-C
657283730,RECL-TRIPSAVER-200-100T-15KV-1P-C
657163616,RECL-TRIPSAVER-200-150E-15KV-1P-C
660408902,RECL-TRIPSAVER-200-100T-15KV-1P-C
671070614,RECL-TRIPSAVER-200-100T-15KV-1P-C
675995835,RECL-TRIPSAVER-200-100T-15KV-1P-C
669473340,RECL-TRIPSAVER-100-80T-29KV-1P-C
676068918,RECL-TRIPSAVER-100-80T-15KV-1P-C
679242112,RECL-TRIPSAVER-100-80T-29KV-1P-C
669353360,RECL-TRIPSAVER-200-100T-15KV-1P-C
670607326,RECL-TRIPSAVER-100-80T-15KV-1P-C
672633955,RECL-TRIPSAVER-200-100T-15KV-1P-C
668705403,RECL-TRIPSAVER-100-80T-15KV-1P-C
676760308,RECL-TRIPSAVER-100-80T-15KV-1P-C
678658263,RECL-TRIPSAVER-200-100T-15KV-1P-C
671500882,RECL-TRIPSAVER-100-80T-15KV-1P-C
675596917,RECL-TRIPSAVER-100-80T-29KV-1P-C
673073022,RECL-TRIPSAVER-100-80T-29KV-1P-C
673073078,RECL-TRIPSAVER-100-80T-29KV-1P-C
672918413,RECL-TRIPSAVER-100-80T-15KV-1P-C
695048486,RECL-TRIPSAVER-100-80T-29KV-1P-C
699587294,RECL-TRIPSAVER-100-80T-29KV-1P-C
740144215,RECL-TRIPSAVER-100-80T-15KV-1P-C
742291027,RECL-TRIPSAVER-200-100T-29KV-1P-C
768535839,RECL-TRIPSAVER-200-150E-15KV-1P-C
766590825,RECL-TRIPSAVER-100-80T-15KV-1P-C
568131190,RECL-TRIPSAVER-100-80T-15KV-1P-C
564185948,RECL-TRIPSAVER-200-100T-15KV-1P-C
564550444,RECL-TRIPSAVER-200-100T-15KV-1P-C
570317560,RECL-TRIPSAVER-200-150E-15KV-1P-C
650824667,RECL-TRIPSAVER-200-100T-15KV-1P-C
652774385,RECL-TRIPSAVER-200-150E-29KV-1P-C
657510662,RECL-TRIPSAVER-100-80T-15KV-1P-C
653792070,RECL-TRIPSAVER-200-100T-29KV-1P-C
656772087,RECL-TRIPSAVER-200-100T-15KV-1P-C
651760718,RECL-TRIPSAVER-200-100T-15KV-1P-C
651500000,RECL-TRIPSAVER-100-80T-15KV-1P-C
659021954,RECL-TRIPSAVER-100-80T-15KV-1P-C
655994864,RECL-TRIPSAVER-100-80T-15KV-1P-C
655994884,RECL-TRIPSAVER-100-80T-15KV-1P-C
653685039,RECL-TRIPSAVER-200-100T-15KV-1P-C
653934710,RECL-TRIPSAVER-100-80T-15KV-1P-C
654496613,RECL-TRIPSAVER-200-100T-15KV-1P-C
659678881,RECL-TRIPSAVER-200-100T-15KV-1P-C
653513523,RECL-TRIPSAVER-200-100T-15KV-1P-C
659078227,RECL-TRIPSAVER-100-80T-15KV-1P-C
655793590,RECL-TRIPSAVER-100-80T-15KV-1P-C
650907997,RECL-TRIPSAVER-200-100T-15KV-1P-C
658047500,RECL-TRIPSAVER-100-80T-15KV-1P-C
656626461,RECL-TRIPSAVER-100-80T-29KV-1P-C
672814119,RECL-TRIPSAVER-100-80T-15KV-1P-C
672006800,RECL-TRIPSAVER-200-100T-15KV-1P-C
669284530,RECL-TRIPSAVER-100-80T-15KV-1P-C
671869432,RECL-TRIPSAVER-100-80T-15KV-1P-C
683033713,RECL-TRIPSAVER-100-80T-15KV-1P-C
679508348,RECL-TRIPSAVER-200-100T-15KV-1P-C
675103231,RECL-TRIPSAVER-100-80T-15KV-1P-C
676403921,RECL-TRIPSAVER-200-100T-29KV-1P-C
669207251,RECL-TRIPSAVER-200-100T-29KV-1P-C
677147094,RECL-TRIPSAVER-100-80T-15KV-1P-C
670508361,RECL-TRIPSAVER-200-100T-15KV-1P-C
672552310,RECL-TRIPSAVER-100-80T-15KV-1P-C
671964091,RECL-TRIPSAVER-100-80T-15KV-1P-C
672934997,RECL-TRIPSAVER-100-80T-29KV-1P-C
677906808,RECL-TRIPSAVER-100-80T-29KV-1P-C
670607274,RECL-TRIPSAVER-100-80T-15KV-1P-C
675979078,RECL-TRIPSAVER-100-80T-29KV-1P-C
675979158,RECL-TRIPSAVER-100-80T-29KV-1P-C
671427657,RECL-TRIPSAVER-200-100T-15KV-1P-C
668628196,RECL-TRIPSAVER-100-80T-15KV-1P-C
671385457,RECL-TRIPSAVER-100-80T-15KV-1P-C
680500345,RECL-TRIPSAVER-100-80T-15KV-1P-C
673029242,RECL-TRIPSAVER-100-80T-29KV-1P-C
673029299,RECL-TRIPSAVER-100-80T-29KV-1P-C
668916384,RECL-TRIPSAVER-100-80T-29KV-1P-C
741341924,RECL-TRIPSAVER-200-150E-15KV-1P-C
738452133,RECL-TRIPSAVER-100-80T-15KV-1P-C
737906912,RECL-TRIPSAVER-100-80T-15KV-1P-C
737597712,RECL-TRIPSAVER-200-150E-15KV-1P-C
740212754,RECL-TRIPSAVER-100-80T-15KV-1P-C
753335552,RECL-TRIPSAVER-100-80T-15KV-1P-C
785875383,RECL-TRIPSAVER-100-80T-15KV-1P-C
567753046,RECL-TRIPSAVER-200-150E-15KV-1P-C
651447316,RECL-TRIPSAVER-200-100T-15KV-1P-C
652740109,RECL-TRIPSAVER-100-80T-15KV-1P-C
654577776,RECL-TRIPSAVER-100-80T-15KV-1P-C
659412591,RECL-TRIPSAVER-100-80T-15KV-1P-C
652065846,RECL-TRIPSAVER-100-80T-29KV-1P-C
653684949,RECL-TRIPSAVER-200-100T-15KV-1P-C
654663720,RECL-TRIPSAVER-200-100T-15KV-1P-C
659678848,RECL-TRIPSAVER-200-150E-15KV-1P-C
650710294,RECL-TRIPSAVER-200-100T-15KV-1P-C
658443013,RECL-TRIPSAVER-200-100T-15KV-1P-C
651289344,RECL-TRIPSAVER-100-80T-15KV-1P-C
661327635,RECL-TRIPSAVER-100-80T-15KV-1P-C
650762600,RECL-TRIPSAVER-200-100T-15KV-1P-C
657940419,RECL-TRIPSAVER-200-100T-15KV-1P-C
654745588,RECL-TRIPSAVER-200-150E-15KV-1P-C
674604576,RECL-TRIPSAVER-100-80T-29KV-1P-C
669365905,RECL-TRIPSAVER-100-80T-15KV-1P-C
671418495,RECL-TRIPSAVER-200-150E-29KV-1P-C
669318764,RECL-TRIPSAVER-100-80T-15KV-1P-C
671139394,RECL-TRIPSAVER-200-150E-15KV-1P-C
669709544,RECL-TRIPSAVER-200-150E-15KV-1P-C
683033706,RECL-TRIPSAVER-100-80T-15KV-1P-C
678310334,RECL-TRIPSAVER-100-80T-29KV-1P-C
672346216,RECL-TRIPSAVER-100-80T-29KV-1P-C
673888233,RECL-TRIPSAVER-200-150E-15KV-1P-C
669619587,RECL-TRIPSAVER-100-80T-15KV-1P-C
675588434,RECL-TRIPSAVER-200-150E-15KV-1P-C
670336749,RECL-TRIPSAVER-100-80T-15KV-1P-C
672535553,RECL-TRIPSAVER-100-80T-15KV-1P-C
679697451,RECL-TRIPSAVER-100-80T-15KV-1P-C
679697491,RECL-TRIPSAVER-200-150E-15KV-1P-C
677152435,RECL-TRIPSAVER-100-80T-15KV-1P-C
677623554,RECL-TRIPSAVER-100-80T-29KV-1P-C
672741411,RECL-TRIPSAVER-200-100T-15KV-1P-C
678860489,RECL-TRIPSAVER-100-80T-29KV-1P-C
670620533,RECL-TRIPSAVER-100-80T-15KV-1P-C
668916495,RECL-TRIPSAVER-100-80T-29KV-1P-C
670792390,RECL-TRIPSAVER-100-80T-15KV-1P-C
674042657,RECL-TRIPSAVER-100-80T-15KV-1P-C
699282278,RECL-TRIPSAVER-100-80T-15KV-1P-C
738731205,RECL-TRIPSAVER-100-80T-15KV-1P-C
742011927,RECL-TRIPSAVER-200-150E-15KV-1P-C
743072629,RECL-TRIPSAVER-100-80T-15KV-1P-C
737632121,RECL-TRIPSAVER-200-150E-15KV-1P-C
767848860,RECL-TRIPSAVER-100-80T-15KV-1P-C
766496369,RECL-TRIPSAVER-100-80T-15KV-1P-C
779481335,RECL-TRIPSAVER-200-100T-15KV-1P-C
786570679,RECL-TRIPSAVER-200-150E-15KV-1P-C
783041179,RECL-TRIPSAVER-200-100T-15KV-1P-C
568170463,RECL-TRIPSAVER-200-150E-15KV-1P-C
654272606,RECL-TRIPSAVER-100-80T-15KV-1P-C
650824674,RECL-TRIPSAVER-200-100T-15KV-1P-C
660352795,RECL-TRIPSAVER-100-80T-29KV-1P-C
653049958,RECL-TRIPSAVER-200-100T-15KV-1P-C
654856755,RECL-TRIPSAVER-200-100T-29KV-1P-C
659635929,RECL-TRIPSAVER-100-80T-15KV-1P-C
651010529,RECL-TRIPSAVER-200-100T-15KV-1P-C
654071704,RECL-TRIPSAVER-200-100T-15KV-1P-C
657760032,RECL-TRIPSAVER-100-80T-15KV-1P-C
656076569,RECL-TRIPSAVER-100-80T-29KV-1P-C
651246637,RECL-TRIPSAVER-200-100T-15KV-1P-C
650925175,RECL-TRIPSAVER-100-80T-15KV-1P-C
659670596,RECL-TRIPSAVER-100-80T-29KV-1P-C
671319692,RECL-TRIPSAVER-100-80T-29KV-1P-C
675721494,RECL-TRIPSAVER-100-80T-29KV-1P-C
672766890,RECL-TRIPSAVER-200-100T-29KV-1P-C
675626916,RECL-TRIPSAVER-200-150E-29KV-1P-C
672346216,RECL-TRIPSAVER-100-80T-29KV-1P-C
669061799,RECL-TRIPSAVER-100-80T-15KV-1P-C
669070015,RECL-TRIPSAVER-200-100T-29KV-1P-C
669409469,RECL-TRIPSAVER-200-150E-15KV-1P-C
678804205,RECL-TRIPSAVER-100-80T-15KV-1P-C
671101263,RECL-TRIPSAVER-100-80T-15KV-1P-C
678619601,RECL-TRIPSAVER-100-80T-15KV-1P-C
668898180,RECL-TRIPSAVER-200-100T-15KV-1P-C
668752786,RECL-TRIPSAVER-200-150E-15KV-1P-C
671397440,RECL-TRIPSAVER-200-100T-29KV-1P-C
673922308,RECL-TRIPSAVER-200-150E-15KV-1P-C
677477620,RECL-TRIPSAVER-200-150E-15KV-1P-C
679040473,RECL-TRIPSAVER-100-80T-15KV-1P-C
669701639,RECL-TRIPSAVER-100-80T-15KV-1P-C
675580049,RECL-TRIPSAVER-100-80T-15KV-1P-C
672686870,RECL-TRIPSAVER-200-100T-15KV-1P-C
677250118,RECL-TRIPSAVER-100-80T-29KV-1P-C
694258283,RECL-TRIPSAVER-100-80T-29KV-1P-C
737975714,RECL-TRIPSAVER-100-80T-15KV-1P-C
738100165,RECL-TRIPSAVER-100-80T-15KV-1P-C
739281010,RECL-TRIPSAVER-200-100T-15KV-1P-C
737954240,RECL-TRIPSAVER-200-100T-15KV-1P-C
767110287,RECL-TRIPSAVER-200-150E-15KV-1P-C
767831919,RECL-TRIPSAVER-100-80T-15KV-1P-C
785162259,RECL-TRIPSAVER-100-80T-15KV-1P-C
564924334,RECL-TRIPSAVER-100-80T-15KV-1P-C
564550469,RECL-TRIPSAVER-200-100T-15KV-1P-C
651696204,RECL-TRIPSAVER-200-100T-15KV-1P-C
650700553,RECL-TRIPSAVER-100-80T-15KV-1P-C
657772711,RECL-TRIPSAVER-100-80T-15KV-1P-C
659412613,RECL-TRIPSAVER-100-80T-15KV-1P-C
658772833,RECL-TRIPSAVER-100-80T-29KV-1P-C
657652256,RECL-TRIPSAVER-200-150E-15KV-1P-C
657652274,RECL-TRIPSAVER-100-80T-15KV-1P-C
652336503,RECL-TRIPSAVER-200-100T-15KV-1P-C
654174058,RECL-TRIPSAVER-100-80T-15KV-1P-C
656484399,RECL-TRIPSAVER-100-80T-15KV-1P-C
659790748,RECL-TRIPSAVER-200-100T-15KV-1P-C
656343214,RECL-TRIPSAVER-200-100T-15KV-1P-C
650808598,RECL-TRIPSAVER-200-100T-15KV-1P-C
659203039,RECL-TRIPSAVER-200-100T-15KV-1P-C
651303613,RECL-TRIPSAVER-100-80T-15KV-1P-C
654913148,RECL-TRIPSAVER-100-80T-29KV-1P-C
670083002,RECL-TRIPSAVER-200-100T-15KV-1P-C
668756180,RECL-TRIPSAVER-200-100T-15KV-1P-C
676116149,RECL-TRIPSAVER-100-80T-29KV-1P-C
668404256,RECL-TRIPSAVER-100-80T-15KV-1P-C
677426163,RECL-TRIPSAVER-200-100T-29KV-1P-C
675738579,RECL-TRIPSAVER-100-80T-15KV-1P-C
669353345,RECL-TRIPSAVER-100-80T-15KV-1P-C
677567604,RECL-TRIPSAVER-100-80T-15KV-1P-C
668662878,RECL-TRIPSAVER-200-100T-15KV-1P-C
680444476,RECL-TRIPSAVER-100-80T-15KV-1P-C
677859613,RECL-TRIPSAVER-200-150E-15KV-1P-C
672307649,RECL-TRIPSAVER-100-80T-15KV-1P-C
669907220,RECL-TRIPSAVER-100-80T-15KV-1P-C
672457969,RECL-TRIPSAVER-200-150E-15KV-1P-C
677181180,RECL-TRIPSAVER-100-80T-15KV-1P-C
672342016,RECL-TRIPSAVER-100-80T-29KV-1P-C
677267160,RECL-TRIPSAVER-100-80T-29KV-1P-C
668631901,RECL-TRIPSAVER-100-80T-29KV-1P-C
677215618,RECL-TRIPSAVER-200-150E-15KV-1P-C
674445928,RECL-TRIPSAVER-100-80T-15KV-1P-C
674570863,RECL-TRIPSAVER-100-80T-29KV-1P-C
679478417,RECL-TRIPSAVER-100-80T-15KV-1P-C
674369681,RECL-TRIPSAVER-100-80T-15KV-1P-C
679010884,RECL-TRIPSAVER-200-100T-15KV-1P-C
742484131,RECL-TRIPSAVER-100-80T-15KV-1P-C
738585262,RECL-TRIPSAVER-100-80T-15KV-1P-C
742011927,RECL-TRIPSAVER-200-150E-15KV-1P-C
741690033,RECL-TRIPSAVER-100-80T-29KV-1P-C
766938520,RECL-TRIPSAVER-100-80T-15KV-1P-C
768488696,RECL-TRIPSAVER-200-150E-15KV-1P-C
780945802,RECL-TRIPSAVER-100-80T-29KV-1P-C
786224206,RECL-TRIPSAVER-100-80T-15KV-1P-C
564430476,RECL-TRIPSAVER-100-80T-15KV-1P-C
564550451,RECL-TRIPSAVER-200-100T-15KV-1P-C
654272553,RECL-TRIPSAVER-200-100T-15KV-1P-C
653907872,RECL-TRIPSAVER-200-150E-29KV-1P-C
650825033,RECL-TRIPSAVER-100-80T-15KV-1P-C
652761599,RECL-TRIPSAVER-100-80T-15KV-1P-C
659013300,RECL-TRIPSAVER-100-80T-15KV-1P-C
659635861,RECL-TRIPSAVER-100-80T-15KV-1P-C
656261130,RECL-TRIPSAVER-200-150E-15KV-1P-C
654870168,RECL-TRIPSAVER-100-80T-29KV-1P-C
656690660,RECL-TRIPSAVER-200-100T-15KV-1P-C
650688572,RECL-TRIPSAVER-100-80T-29KV-1P-C
657481313,RECL-TRIPSAVER-100-80T-29KV-1P-C
657983475,RECL-TRIPSAVER-200-100T-15KV-1P-C
671319782,RECL-TRIPSAVER-100-80T-29KV-1P-C
673715724,RECL-TRIPSAVER-200-150E-15KV-1P-C
671869399,RECL-TRIPSAVER-200-100T-15KV-1P-C
673423993,RECL-TRIPSAVER-100-80T-15KV-1P-C
677670766,RECL-TRIPSAVER-200-100T-15KV-1P-C
675008449,RECL-TRIPSAVER-200-150E-15KV-1P-C
678649718,RECL-TRIPSAVER-200-100T-15KV-1P-C
678615411,RECL-TRIPSAVER-200-150E-15KV-1P-C
668666532,RECL-TRIPSAVER-100-80T-15KV-1P-C
669168655,RECL-TRIPSAVER-100-80T-15KV-1P-C
670164970,RECL-TRIPSAVER-100-80T-15KV-1P-C
670663858,RECL-TRIPSAVER-100-80T-15KV-1P-C
678954782,RECL-TRIPSAVER-200-100T-15KV-1P-C
670358174,RECL-TRIPSAVER-100-80T-15KV-1P-C
672749868,RECL-TRIPSAVER-100-80T-15KV-1P-C
701240325,RECL-TRIPSAVER-200-150E-15KV-1P-C
702584298,RECL-TRIPSAVER-100-80T-15KV-1P-C
741256176,RECL-TRIPSAVER-100-80T-15KV-1P-C
740504681,RECL-TRIPSAVER-100-80T-15KV-1P-C
757852488,RECL-TRIPSAVER-100-80T-15KV-1P-C
766990047,RECL-TRIPSAVER-100-80T-15KV-1P-C
768755249,RECL-TRIPSAVER-100-80T-15KV-1P-C
780894106,RECL-TRIPSAVER-200-150E-15KV-1P-C
572523780,RECL-TRIPSAVER-200-100T-15KV-1P-C
563661985,RECL-TRIPSAVER-100-80T-15KV-1P-C
651606181,RECL-TRIPSAVER-200-100T-15KV-1P-C
651147017,RECL-TRIPSAVER-100-80T-15KV-1P-C
651224101,RECL-TRIPSAVER-200-100T-15KV-1P-C
660391692,RECL-TRIPSAVER-200-150E-15KV-1P-C
653379780,RECL-TRIPSAVER-200-150E-15KV-1P-C
654775170,RECL-TRIPSAVER-100-80T-15KV-1P-C
654221304,RECL-TRIPSAVER-100-80T-15KV-1P-C
656574640,RECL-TRIPSAVER-100-80T-15KV-1P-C
651250269,RECL-TRIPSAVER-200-100T-29KV-1P-C
651500064,RECL-TRIPSAVER-200-100T-15KV-1P-C
656016303,RECL-TRIPSAVER-100-80T-15KV-1P-C
657222845,RECL-TRIPSAVER-200-150E-15KV-1P-C
653521977,RECL-TRIPSAVER-200-100T-15KV-1P-C
655277857,RECL-TRIPSAVER-200-150E-15KV-1P-C
656836421,RECL-TRIPSAVER-200-100T-15KV-1P-C
658537486,RECL-TRIPSAVER-200-100T-15KV-1P-C
658751710,RECL-TRIPSAVER-100-80T-15KV-1P-C
657983428,RECL-TRIPSAVER-200-100T-15KV-1P-C
675935721,RECL-TRIPSAVER-100-80T-15KV-1P-C
668696098,RECL-TRIPSAVER-100-80T-15KV-1P-C
670551380,RECL-TRIPSAVER-200-150E-15KV-1P-C
674823674,RECL-TRIPSAVER-200-150E-15KV-1P-C
683033701,RECL-TRIPSAVER-100-80T-15KV-1P-C
673574143,RECL-TRIPSAVER-100-80T-29KV-1P-C
669508051,RECL-TRIPSAVER-100-80T-15KV-1P-C
674338838,RECL-TRIPSAVER-100-80T-15KV-1P-C
675433471,RECL-TRIPSAVER-200-150E-15KV-1P-C
670753376,RECL-TRIPSAVER-200-100T-15KV-1P-C
672307654,RECL-TRIPSAVER-100-80T-15KV-1P-C
669083470,RECL-TRIPSAVER-100-80T-15KV-1P-C
669135850,RECL-TRIPSAVER-100-80T-15KV-1P-C
671788289,RECL-TRIPSAVER-100-80T-15KV-1P-C
670658691,RECL-TRIPSAVER-100-80T-15KV-1P-C
675609626,RECL-TRIPSAVER-100-80T-29KV-1P-C
670934642,RECL-TRIPSAVER-100-80T-29KV-1P-C
680204207,RECL-TRIPSAVER-100-80T-29KV-1P-C
679251351,RECL-TRIPSAVER-100-80T-15KV-1P-C
670637814,RECL-TRIPSAVER-100-80T-15KV-1P-C
694885200,RECL-TRIPSAVER-200-100T-15KV-1P-C
695130081,RECL-TRIPSAVER-100-80T-15KV-1P-C
742776353,RECL-TRIPSAVER-100-80T-15KV-1P-C
743072639,RECL-TRIPSAVER-100-80T-15KV-1P-C
781598261,RECL-TRIPSAVER-200-100T-15KV-1P-C
788800010,RECL-TRIPSAVER-100-80T-29KV-1P-C
565066337,RECL-TRIPSAVER-200-150E-15KV-1P-C
658652628,RECL-TRIPSAVER-100-80T-15KV-1P-C
650851393,RECL-TRIPSAVER-100-80T-15KV-1P-C
659464123,RECL-TRIPSAVER-100-80T-29KV-1P-C
659464195,RECL-TRIPSAVER-200-100T-29KV-1P-C
650859343,RECL-TRIPSAVER-100-80T-15KV-1P-C
650820540,RECL-TRIPSAVER-100-80T-15KV-1P-C
658807502,RECL-TRIPSAVER-100-80T-15KV-1P-C
657733715,RECL-TRIPSAVER-100-80T-15KV-1P-C
659412625,RECL-TRIPSAVER-200-150E-15KV-1P-C
659017634,RECL-TRIPSAVER-100-80T-15KV-1P-C
653311185,RECL-TRIPSAVER-100-80T-15KV-1P-C
652912211,RECL-TRIPSAVER-100-80T-15KV-1P-C
652517006,RECL-TRIPSAVER-100-80T-15KV-1P-C
653968633,RECL-TRIPSAVER-100-80T-15KV-1P-C
651280256,RECL-TRIPSAVER-100-80T-29KV-1P-C
654221680,RECL-TRIPSAVER-200-100T-15KV-1P-C
659747701,RECL-TRIPSAVER-100-80T-29KV-1P-C
659747743,RECL-TRIPSAVER-200-100T-29KV-1P-C
651263726,RECL-TRIPSAVER-100-80T-15KV-1P-C
650930072,RECL-TRIPSAVER-100-80T-29KV-1P-C
661057082,RECL-TRIPSAVER-200-150E-29KV-1P-C
651023961,RECL-TRIPSAVER-100-80T-15KV-1P-C
668545762,RECL-TRIPSAVER-200-150E-15KV-1P-C
671384189,RECL-TRIPSAVER-100-80T-15KV-1P-C
675141355,RECL-TRIPSAVER-100-80T-15KV-1P-C
673265109,RECL-TRIPSAVER-100-80T-29KV-1P-C
678271700,RECL-TRIPSAVER-100-80T-15KV-1P-C
670619804,RECL-TRIPSAVER-100-80T-29KV-1P-C
676275121,RECL-TRIPSAVER-100-80T-15KV-1P-C
672479216,RECL-TRIPSAVER-100-80T-15KV-1P-C
677005163,RECL-TRIPSAVER-200-100T-29KV-1P-C
671182627,RECL-TRIPSAVER-200-100T-15KV-1P-C
675098549,RECL-TRIPSAVER-100-80T-15KV-1P-C
679164888,RECL-TRIPSAVER-100-80T-15KV-1P-C
678319223,RECL-TRIPSAVER-200-150E-15KV-1P-C
669035680,RECL-TRIPSAVER-200-100T-29KV-1P-C
670740448,RECL-TRIPSAVER-100-80T-15KV-1P-C
671882740,RECL-TRIPSAVER-100-80T-15KV-1P-C
669388163,RECL-TRIPSAVER-100-80T-15KV-1P-C
670839320,RECL-TRIPSAVER-100-80T-15KV-1P-C
676155309,RECL-TRIPSAVER-200-100T-15KV-1P-C
671560838,RECL-TRIPSAVER-200-150E-15KV-1P-C
669976715,RECL-TRIPSAVER-200-100T-15KV-1P-C
670620584,RECL-TRIPSAVER-100-80T-15KV-1P-C
676288945,RECL-TRIPSAVER-100-80T-15KV-1P-C
679010903,RECL-TRIPSAVER-200-150E-15KV-1P-C
697010833,RECL-TRIPSAVER-100-80T-29KV-1P-C
766036765,RECL-TRIPSAVER-100-80T-15KV-1P-C
782131415,RECL-TRIPSAVER-100-80T-15KV-1P-C
39003549,RECL-TRIPSAVER-200-100T-29KV-1P-C
564185610,RECL-TRIPSAVER-200-100T-29KV-1P-C
659575586,RECL-TRIPSAVER-100-80T-15KV-1P-C
656857882,RECL-TRIPSAVER-100-80T-29KV-1P-C
657733734,RECL-TRIPSAVER-100-80T-15KV-1P-C
652065832,RECL-TRIPSAVER-200-100T-29KV-1P-C
650684373,RECL-TRIPSAVER-200-100T-15KV-1P-C
652516994,RECL-TRIPSAVER-100-80T-15KV-1P-C
653934732,RECL-TRIPSAVER-100-80T-15KV-1P-C
659361521,RECL-TRIPSAVER-200-100T-15KV-1P-C
659143053,RECL-TRIPSAVER-100-80T-15KV-1P-C
672242911,RECL-TRIPSAVER-100-80T-15KV-1P-C
668576209,RECL-TRIPSAVER-100-80T-15KV-1P-C
673394010,RECL-TRIPSAVER-200-100T-15KV-1P-C
676257897,RECL-TRIPSAVER-200-100T-15KV-1P-C
672346623,RECL-TRIPSAVER-100-80T-29KV-1P-C
672651062,RECL-TRIPSAVER-100-80T-15KV-1P-C
673935070,RECL-TRIPSAVER-200-100T-15KV-1P-C
671642338,RECL-TRIPSAVER-100-80T-15KV-1P-C
672028519,RECL-TRIPSAVER-100-80T-15KV-1P-C
678160125,RECL-TRIPSAVER-100-80T-15KV-1P-C
669121597,RECL-TRIPSAVER-100-80T-15KV-1P-C
670195464,RECL-TRIPSAVER-100-80T-29KV-1P-C
677906829,RECL-TRIPSAVER-100-80T-29KV-1P-C
671981884,RECL-TRIPSAVER-100-80T-15KV-1P-C
678954815,RECL-TRIPSAVER-100-80T-29KV-1P-C
671788338,RECL-TRIPSAVER-100-80T-15KV-1P-C
670109578,RECL-TRIPSAVER-200-100T-15KV-1P-C
669078874,RECL-TRIPSAVER-100-80T-15KV-1P-C
678843060,RECL-TRIPSAVER-100-80T-29KV-1P-C
672694403,RECL-TRIPSAVER-200-100T-29KV-1P-C
678580998,RECL-TRIPSAVER-200-100T-15KV-1P-C
672749824,RECL-TRIPSAVER-100-80T-15KV-1P-C
694129533,RECL-TRIPSAVER-200-100T-15KV-1P-C
694812309,RECL-TRIPSAVER-200-100T-15KV-1P-C
738447841,RECL-TRIPSAVER-200-150E-29KV-1P-C
739246635,RECL-TRIPSAVER-200-100T-15KV-1P-C
757371495,RECL-TRIPSAVER-100-80T-15KV-1P-C
781138863,RECL-TRIPSAVER-200-150E-15KV-1P-C
571402878,RECL-TRIPSAVER-100-80T-15KV-1P-C
569380747,RECL-TRIPSAVER-200-100T-15KV-1P-C
650743123,RECL-TRIPSAVER-100-80T-15KV-1P-C
656569840,RECL-TRIPSAVER-200-150E-15KV-1P-C
652215854,RECL-TRIPSAVER-100-80T-15KV-1P-C
659464186,RECL-TRIPSAVER-200-150E-29KV-1P-C
660528848,RECL-TRIPSAVER-100-80T-15KV-1P-C
653912240,RECL-TRIPSAVER-100-80T-15KV-1P-C
660357151,RECL-TRIPSAVER-100-80T-29KV-1P-C
654969047,RECL-TRIPSAVER-100-80T-15KV-1P-C
655286262,RECL-TRIPSAVER-100-80T-15KV-1P-C
651452089,RECL-TRIPSAVER-100-80T-15KV-1P-C
654358962,RECL-TRIPSAVER-100-80T-15KV-1P-C
652422780,RECL-TRIPSAVER-100-80T-29KV-1P-C
657777009,RECL-TRIPSAVER-100-80T-29KV-1P-C
658588908,RECL-TRIPSAVER-200-150E-29KV-1P-C
651945815,RECL-TRIPSAVER-100-80T-15KV-1P-C
659340203,RECL-TRIPSAVER-100-80T-15KV-1P-C
650762590,RECL-TRIPSAVER-100-80T-15KV-1P-C
654763230,RECL-TRIPSAVER-200-150E-15KV-1P-C
655682008,RECL-TRIPSAVER-100-80T-15KV-1P-C
654437386,RECL-TRIPSAVER-200-100T-15KV-1P-C
657369446,RECL-TRIPSAVER-100-80T-15KV-1P-C
651303608,RECL-TRIPSAVER-100-80T-15KV-1P-C
675137043,RECL-TRIPSAVER-100-80T-15KV-1P-C
670628635,RECL-TRIPSAVER-100-80T-15KV-1P-C
675111585,RECL-TRIPSAVER-100-80T-15KV-1P-C
670680143,RECL-TRIPSAVER-100-80T-15KV-1P-C
678263155,RECL-TRIPSAVER-100-80T-29KV-1P-C
677945359,RECL-TRIPSAVER-100-80T-15KV-1P-C
673475570,RECL-TRIPSAVER-200-100T-29KV-1P-C
679929170,RECL-TRIPSAVER-100-80T-15KV-1P-C
669937296,RECL-TRIPSAVER-200-100T-29KV-1P-C
669817336,RECL-TRIPSAVER-200-100T-15KV-1P-C
668911094,RECL-TRIPSAVER-200-100T-15KV-1P-C
679568488,RECL-TRIPSAVER-100-80T-15KV-1P-C
670813740,RECL-TRIPSAVER-100-80T-15KV-1P-C
670839343,RECL-TRIPSAVER-100-80T-15KV-1P-C
673222563,RECL-TRIPSAVER-100-80T-15KV-1P-C
673510130,RECL-TRIPSAVER-100-80T-15KV-1P-C
680191177,RECL-TRIPSAVER-200-100T-15KV-1P-C
673029331,RECL-TRIPSAVER-100-80T-29KV-1P-C
699282269,RECL-TRIPSAVER-200-100T-15KV-1P-C
700991526,RECL-TRIPSAVER-100-80T-15KV-1P-C
731246819,RECL-TRIPSAVER-100-80T-15KV-1P-C
756044690,RECL-TRIPSAVER-200-100T-15KV-1P-C
757809475,RECL-TRIPSAVER-100-80T-15KV-1P-C
769733913,RECL-TRIPSAVER-100-80T-15KV-1P-C
779330981,RECL-TRIPSAVER-200-150E-29KV-1P-C
581519282,RECL-TRIPSAVER-100-80T-15KV-1P-C
566027623,RECL-TRIPSAVER-200-100T-15KV-1P-C
652099818,RECL-TRIPSAVER-100-80T-15KV-1P-C
651447219,RECL-TRIPSAVER-200-100T-15KV-1P-C
651056645,RECL-TRIPSAVER-200-100T-15KV-1P-C
650928237,RECL-TRIPSAVER-200-150E-15KV-1P-C
660391714,RECL-TRIPSAVER-200-150E-15KV-1P-C
652619993,RECL-TRIPSAVER-200-150E-15KV-1P-C
653410642,RECL-TRIPSAVER-100-80T-15KV-1P-C
651787208,RECL-TRIPSAVER-100-80T-15KV-1P-C
654668377,RECL-TRIPSAVER-100-80T-29KV-1P-C
657772968,RECL-TRIPSAVER-200-100T-15KV-1P-C
659129536,RECL-TRIPSAVER-200-150E-29KV-1P-C
655682066,RECL-TRIPSAVER-100-80T-15KV-1P-C
660735221,RECL-TRIPSAVER-100-80T-15KV-1P-C
651101674,RECL-TRIPSAVER-100-80T-15KV-1P-C
669215616,RECL-TRIPSAVER-200-100T-15KV-1P-C
676275095,RECL-TRIPSAVER-100-80T-15KV-1P-C
674183962,RECL-TRIPSAVER-100-80T-15KV-1P-C
678430538,RECL-TRIPSAVER-100-80T-15KV-1P-C
669413502,RECL-TRIPSAVER-100-80T-15KV-1P-C
670341713,RECL-TRIPSAVER-100-80T-15KV-1P-C
673883292,RECL-TRIPSAVER-100-80T-29KV-1P-C
670753407,RECL-TRIPSAVER-100-80T-15KV-1P-C
674218308,RECL-TRIPSAVER-200-100T-15KV-1P-C
675068504,RECL-TRIPSAVER-100-80T-15KV-1P-C
675082439,RECL-TRIPSAVER-100-80T-29KV-1P-C
670663845,RECL-TRIPSAVER-200-100T-15KV-1P-C
673385436,RECL-TRIPSAVER-200-100T-15KV-1P-C
675347750,RECL-TRIPSAVER-200-100T-15KV-1P-C
669452529,RECL-TRIPSAVER-100-80T-15KV-1P-C
676713270,RECL-TRIPSAVER-100-80T-15KV-1P-C
679478422,RECL-TRIPSAVER-100-80T-15KV-1P-C
670680432,RECL-TRIPSAVER-100-80T-15KV-1P-C
678138914,RECL-TRIPSAVER-100-80T-29KV-1P-C
677250107,RECL-TRIPSAVER-100-80T-29KV-1P-C
669702015,RECL-TRIPSAVER-200-100T-15KV-1P-C
676288894,RECL-TRIPSAVER-200-100T-15KV-1P-C
698844258,RECL-TRIPSAVER-100-80T-15KV-1P-C
697281242,RECL-TRIPSAVER-100-80T-15KV-1P-C
692983727,RECL-TRIPSAVER-100-80T-15KV-1P-C
727476601,RECL-TRIPSAVER-100-80T-15KV-1P-C
755233809,RECL-TRIPSAVER-100-80T-15KV-1P-C
755542440,RECL-TRIPSAVER-200-100T-15KV-1P-C
773216366,RECL-TRIPSAVER-100-80T-15KV-1P-C
773774530,RECL-TRIPSAVER-100-80T-15KV-1P-C
772220137,RECL-TRIPSAVER-200-100T-15KV-1P-C
783693751,RECL-TRIPSAVER-100-80T-15KV-1P-C
783857308,RECL-TRIPSAVER-100-80T-15KV-1P-C
781187476,RECL-TRIPSAVER-200-150E-15KV-1P-C
571402872,RECL-TRIPSAVER-100-80T-15KV-1P-C
652675507,RECL-TRIPSAVER-100-80T-15KV-1P-C
659425400,RECL-TRIPSAVER-100-80T-29KV-1P-C
656565646,RECL-TRIPSAVER-100-80T-15KV-1P-C
650820477,RECL-TRIPSAVER-100-80T-15KV-1P-C
660400031,RECL-TRIPSAVER-200-150E-15KV-1P-C
654221299,RECL-TRIPSAVER-100-80T-15KV-1P-C
653379865,RECL-TRIPSAVER-100-80T-15KV-1P-C
653908188,RECL-TRIPSAVER-100-80T-15KV-1P-C
650976203,RECL-TRIPSAVER-100-80T-15KV-1P-C
654719854,RECL-TRIPSAVER-100-80T-15KV-1P-C
657258084,RECL-TRIPSAVER-200-100T-15KV-1P-C
650907928,RECL-TRIPSAVER-200-150E-15KV-1P-C
652813492,RECL-TRIPSAVER-200-100T-15KV-1P-C
654913139,RECL-TRIPSAVER-100-80T-29KV-1P-C
674012009,RECL-TRIPSAVER-200-100T-15KV-1P-C
669215667,RECL-TRIPSAVER-100-80T-15KV-1P-C
675978799,RECL-TRIPSAVER-200-100T-15KV-1P-C
677168165,RECL-TRIPSAVER-100-80T-15KV-1P-C
672801201,RECL-TRIPSAVER-100-80T-15KV-1P-C
673827578,RECL-TRIPSAVER-200-150E-15KV-1P-C
668507383,RECL-TRIPSAVER-200-150E-15KV-1P-C
676803291,RECL-TRIPSAVER-200-100T-15KV-1P-C
672106112,RECL-TRIPSAVER-100-80T-29KV-1P-C
675729845,RECL-TRIPSAVER-100-80T-15KV-1P-C
674025330,RECL-TRIPSAVER-100-80T-29KV-1P-C
672307686,RECL-TRIPSAVER-100-80T-15KV-1P-C
676498428,RECL-TRIPSAVER-100-80T-15KV-1P-C
670607288,RECL-TRIPSAVER-100-80T-15KV-1P-C
673273876,RECL-TRIPSAVER-100-80T-15KV-1P-C
678095752,RECL-TRIPSAVER-100-80T-15KV-1P-C
673578892,RECL-TRIPSAVER-200-100T-15KV-1P-C
674630709,RECL-TRIPSAVER-200-100T-15KV-1P-C
673278183,RECL-TRIPSAVER-200-100T-15KV-1P-C
674849903,RECL-TRIPSAVER-100-80T-15KV-1P-C
680465970,RECL-TRIPSAVER-100-80T-29KV-1P-C
673029409,RECL-TRIPSAVER-100-80T-29KV-1P-C
670045365,RECL-TRIPSAVER-100-80T-29KV-1P-C
671432114,RECL-TRIPSAVER-100-80T-15KV-1P-C
694880995,RECL-TRIPSAVER-100-80T-15KV-1P-C
731246858,RECL-TRIPSAVER-100-80T-15KV-1P-C
789460545,RECL-TRIPSAVER-100-80T-15KV-1P-C
564726395,RECL-TRIPSAVER-200-100T-15KV-1P-C
570239756,RECL-TRIPSAVER-100-80T-15KV-1P-C
563661991,RECL-TRIPSAVER-100-80T-15KV-1P-C
564924331,RECL-TRIPSAVER-100-80T-15KV-1P-C
650687111,RECL-TRIPSAVER-100-80T-15KV-1P-C
659464106,RECL-TRIPSAVER-100-80T-29KV-1P-C
660387158,RECL-TRIPSAVER-200-100T-15KV-1P-C
651782581,RECL-TRIPSAVER-100-80T-15KV-1P-C
652422785,RECL-TRIPSAVER-100-80T-29KV-1P-C
651138866,RECL-TRIPSAVER-100-80T-29KV-1P-C
651670916,RECL-TRIPSAVER-100-80T-15KV-1P-C
650696074,RECL-TRIPSAVER-200-100T-15KV-1P-C
656522762,RECL-TRIPSAVER-200-150E-15KV-1P-C
655041511,RECL-TRIPSAVER-100-80T-29KV-1P-C
657201722,RECL-TRIPSAVER-200-100T-15KV-1P-C
650688488,RECL-TRIPSAVER-100-80T-15KV-1P-C
659777857,RECL-TRIPSAVER-200-150E-29KV-1P-C
655682039,RECL-TRIPSAVER-200-150E-15KV-1P-C
670967558,RECL-TRIPSAVER-200-150E-15KV-1P-C
674248176,RECL-TRIPSAVER-200-100T-29KV-1P-C
676068893,RECL-TRIPSAVER-200-150E-15KV-1P-C
672346258,RECL-TRIPSAVER-100-80T-29KV-1P-C
675729791,RECL-TRIPSAVER-100-80T-15KV-1P-C
675248854,RECL-TRIPSAVER-100-80T-15KV-1P-C
672792789,RECL-TRIPSAVER-200-150E-29KV-1P-C
678615328,RECL-TRIPSAVER-100-80T-15KV-1P-C
668666545,RECL-TRIPSAVER-200-150E-15KV-1P-C
669340526,RECL-TRIPSAVER-100-80T-15KV-1P-C
671732185,RECL-TRIPSAVER-100-80T-15KV-1P-C
669705680,RECL-TRIPSAVER-100-80T-29KV-1P-C
672329165,RECL-TRIPSAVER-100-80T-29KV-1P-C
668576841,RECL-TRIPSAVER-200-150E-15KV-1P-C
668572112,RECL-TRIPSAVER-200-150E-15KV-1P-C
671281936,RECL-TRIPSAVER-200-150E-15KV-1P-C
668448433,RECL-TRIPSAVER-100-80T-15KV-1P-C
679731937,RECL-TRIPSAVER-200-100T-15KV-1P-C
671428854,RECL-TRIPSAVER-100-80T-15KV-1P-C
676854917,RECL-TRIPSAVER-100-80T-29KV-1P-C
677250055,RECL-TRIPSAVER-100-80T-29KV-1P-C
737885345,RECL-TRIPSAVER-100-80T-29KV-1P-C
738838692,RECL-TRIPSAVER-100-80T-15KV-1P-C
737829895,RECL-TRIPSAVER-100-80T-15KV-1P-C
771872299,RECL-TRIPSAVER-100-80T-15KV-1P-C
768454270,RECL-TRIPSAVER-200-100T-15KV-1P-C
808732084,RECL-TRIPSAVER-200-100T-15KV-1P-C
563733796,RECL-TRIPSAVER-200-100T-15KV-1P-C
659464130,RECL-TRIPSAVER-100-80T-29KV-1P-C
658832989,RECL-TRIPSAVER-100-80T-15KV-1P-C
653439762,RECL-TRIPSAVER-200-100T-15KV-1P-C
660357123,RECL-TRIPSAVER-100-80T-29KV-1P-C
658493818,RECL-TRIPSAVER-100-80T-15KV-1P-C
652847261,RECL-TRIPSAVER-200-100T-15KV-1P-C
653886463,RECL-TRIPSAVER-100-80T-15KV-1P-C
656797602,RECL-TRIPSAVER-200-150E-29KV-1P-C
659163635,RECL-TRIPSAVER-100-80T-15KV-1P-C
655222330,RECL-TRIPSAVER-200-100T-15KV-1P-C
659451857,RECL-TRIPSAVER-100-80T-15KV-1P-C
652235534,RECL-TRIPSAVER-200-100T-15KV-1P-C
657945160,RECL-TRIPSAVER-200-150E-15KV-1P-C
655681991,RECL-TRIPSAVER-100-80T-15KV-1P-C
650925194,RECL-TRIPSAVER-100-80T-15KV-1P-C
673586898,RECL-TRIPSAVER-200-150E-15KV-1P-C
671384139,RECL-TRIPSAVER-100-80T-15KV-1P-C
678649550,RECL-TRIPSAVER-200-100T-15KV-1P-C
673037405,RECL-TRIPSAVER-200-100T-15KV-1P-C
668507430,RECL-TRIPSAVER-100-80T-15KV-1P-C
671903901,RECL-TRIPSAVER-100-80T-15KV-1P-C
676644581,RECL-TRIPSAVER-100-80T-29KV-1P-C
673149158,RECL-TRIPSAVER-200-150E-15KV-1P-C
675047193,RECL-TRIPSAVER-100-80T-29KV-1P-C
675558026,RECL-TRIPSAVER-100-80T-29KV-1P-C
671380259,RECL-TRIPSAVER-200-150E-15KV-1P-C
669542349,RECL-TRIPSAVER-100-80T-29KV-1P-C
676133528,RECL-TRIPSAVER-100-80T-29KV-1P-C
676970994,RECL-TRIPSAVER-100-80T-29KV-1P-C
673737556,RECL-TRIPSAVER-100-80T-15KV-1P-C
679706243,RECL-TRIPSAVER-100-80T-15KV-1P-C
670405563,RECL-TRIPSAVER-200-100T-29KV-1P-C
668434957,RECL-TRIPSAVER-200-150E-29KV-1P-C
680204044,RECL-TRIPSAVER-200-100T-29KV-1P-C
670620417,RECL-TRIPSAVER-100-80T-15KV-1P-C
675596928,RECL-TRIPSAVER-100-80T-29KV-1P-C
669645967,RECL-TRIPSAVER-100-80T-29KV-1P-C
695147158,RECL-TRIPSAVER-200-100T-15KV-1P-C
699531352,RECL-TRIPSAVER-100-80T-15KV-1P-C
696027466,RECL-TRIPSAVER-100-80T-29KV-1P-C
742110737,RECL-TRIPSAVER-100-80T-29KV-1P-C
737310130,RECL-TRIPSAVER-100-80T-15KV-1P-C
755228831,RECL-TRIPSAVER-100-80T-15KV-1P-C
781516705,RECL-TRIPSAVER-100-80T-15KV-1P-C
651352644,RECL-TRIPSAVER-200-150E-15KV-1P-C
656772191,RECL-TRIPSAVER-200-100T-15KV-1P-C
651100741,RECL-TRIPSAVER-200-100T-15KV-1P-C
652616137,RECL-TRIPSAVER-200-150E-15KV-1P-C
651232873,RECL-TRIPSAVER-200-150E-15KV-1P-C
658588903,RECL-TRIPSAVER-100-80T-29KV-1P-C
661022657,RECL-TRIPSAVER-100-80T-15KV-1P-C
651044981,RECL-TRIPSAVER-100-80T-15KV-1P-C
657841683,RECL-TRIPSAVER-200-100T-15KV-1P-C
650907941,RECL-TRIPSAVER-100-80T-15KV-1P-C
650714696,RECL-TRIPSAVER-200-100T-15KV-1P-C
658545978,RECL-TRIPSAVER-100-80T-15KV-1P-C
658391434,RECL-TRIPSAVER-100-80T-15KV-1P-C
659203021,RECL-TRIPSAVER-100-80T-15KV-1P-C
660018194,RECL-TRIPSAVER-100-80T-15KV-1P-C
651303599,RECL-TRIPSAVER-100-80T-15KV-1P-C
671229493,RECL-TRIPSAVER-100-80T-15KV-1P-C
673041568,RECL-TRIPSAVER-100-80T-15KV-1P-C
672006824,RECL-TRIPSAVER-100-80T-15KV-1P-C
669284459,RECL-TRIPSAVER-200-100T-15KV-1P-C
670294264,RECL-TRIPSAVER-100-80T-15KV-1P-C
670813097,RECL-TRIPSAVER-200-150E-15KV-1P-C
674050875,RECL-TRIPSAVER-100-80T-15KV-1P-C
673149076,RECL-TRIPSAVER-200-150E-29KV-1P-C
676584417,RECL-TRIPSAVER-100-80T-15KV-1P-C
671483083,RECL-TRIPSAVER-100-80T-15KV-1P-C
676253831,RECL-TRIPSAVER-100-80T-29KV-1P-C
679929165,RECL-TRIPSAVER-100-80T-15KV-1P-C
669632403,RECL-TRIPSAVER-100-80T-15KV-1P-C
680495993,RECL-TRIPSAVER-100-80T-15KV-1P-C
670899159,RECL-TRIPSAVER-100-80T-15KV-1P-C
671285773,RECL-TRIPSAVER-100-80T-29KV-1P-C
673385463,RECL-TRIPSAVER-100-80T-15KV-1P-C
674506219,RECL-TRIPSAVER-200-100T-15KV-1P-C
673656040,RECL-TRIPSAVER-100-80T-15KV-1P-C
672479622,RECL-TRIPSAVER-100-80T-15KV-1P-C
670319726,RECL-TRIPSAVER-100-80T-29KV-1P-C
675335498,RECL-TRIPSAVER-100-80T-29KV-1P-C
671457514,RECL-TRIPSAVER-100-80T-29KV-1P-C
671143937,RECL-TRIPSAVER-200-100T-15KV-1P-C
672329154,RECL-TRIPSAVER-100-80T-29KV-1P-C
672612643,RECL-TRIPSAVER-100-80T-15KV-1P-C
679693118,RECL-TRIPSAVER-200-100T-15KV-1P-C
672574463,RECL-TRIPSAVER-100-80T-15KV-1P-C
678705666,RECL-TRIPSAVER-100-80T-29KV-1P-C
671217305,RECL-TRIPSAVER-100-80T-29KV-1P-C
669645927,RECL-TRIPSAVER-100-80T-29KV-1P-C
675124627,RECL-TRIPSAVER-100-80T-15KV-1P-C
670311503,RECL-TRIPSAVER-200-150E-15KV-1P-C
699308082,RECL-TRIPSAVER-200-150E-15KV-1P-C
693429690,RECL-TRIPSAVER-100-80T-15KV-1P-C
693103417,RECL-TRIPSAVER-100-80T-15KV-1P-C
695130074,RECL-TRIPSAVER-100-80T-15KV-1P-C
700991632,RECL-TRIPSAVER-100-80T-15KV-1P-C
740538947,RECL-TRIPSAVER-100-80T-15KV-1P-C
738387780,RECL-TRIPSAVER-100-80T-15KV-1P-C
742076264,RECL-TRIPSAVER-200-100T-15KV-1P-C
742183996,RECL-TRIPSAVER-100-80T-29KV-1P-C
744644058,RECL-TRIPSAVER-100-80T-15KV-1P-C
754422259,RECL-TRIPSAVER-200-100T-29KV-1P-C
766230072,RECL-TRIPSAVER-100-80T-15KV-1P-C
772288844,RECL-TRIPSAVER-200-150E-15KV-1P-C
781568342,RECL-TRIPSAVER-100-80T-15KV-1P-C
571617604,RECL-TRIPSAVER-200-150E-15KV-1P-C
571907567,RECL-TRIPSAVER-100-80T-15KV-1P-C
564332537,RECL-TRIPSAVER-100-80T-15KV-1P-C
564924321,RECL-TRIPSAVER-200-100T-15KV-1P-C
563890641,RECL-TRIPSAVER-100-80T-15KV-1P-C
650851347,RECL-TRIPSAVER-200-150E-15KV-1P-C
655926091,RECL-TRIPSAVER-100-80T-15KV-1P-C
652190533,RECL-TRIPSAVER-100-80T-15KV-1P-C
651662527,RECL-TRIPSAVER-100-80T-29KV-1P-C
654578866,RECL-TRIPSAVER-100-80T-15KV-1P-C
657047206,RECL-TRIPSAVER-100-80T-15KV-1P-C
653822434,RECL-TRIPSAVER-200-100T-15KV-1P-C
659670561,RECL-TRIPSAVER-100-80T-29KV-1P-C
671306784,RECL-TRIPSAVER-100-80T-15KV-1P-C
673265128,RECL-TRIPSAVER-100-80T-29KV-1P-C
674853681,RECL-TRIPSAVER-200-150E-15KV-1P-C
675472056,RECL-TRIPSAVER-100-80T-29KV-1P-C
673479654,RECL-TRIPSAVER-100-80T-29KV-1P-C
669366399,RECL-TRIPSAVER-200-100T-29KV-1P-C
670345328,RECL-TRIPSAVER-200-150E-15KV-1P-C
670989638,RECL-TRIPSAVER-100-80T-15KV-1P-C
675588383,RECL-TRIPSAVER-200-100T-15KV-1P-C
680830926,RECL-TRIPSAVER-100-80T-15KV-1P-C
670465370,RECL-TRIPSAVER-200-150E-29KV-1P-C
672067081,RECL-TRIPSAVER-100-80T-15KV-1P-C
670336764,RECL-TRIPSAVER-100-80T-15KV-1P-C
678598889,RECL-TRIPSAVER-200-100T-29KV-1P-C
671788356,RECL-TRIPSAVER-100-80T-15KV-1P-C
671960301,RECL-TRIPSAVER-200-100T-15KV-1P-C
672380656,RECL-TRIPSAVER-100-80T-15KV-1P-C
669065868,RECL-TRIPSAVER-100-80T-15KV-1P-C
675541204,RECL-TRIPSAVER-100-80T-29KV-1P-C
675580040,RECL-TRIPSAVER-200-100T-15KV-1P-C
671410424,RECL-TRIPSAVER-200-150E-15KV-1P-C
676309677,RECL-TRIPSAVER-200-150E-29KV-1P-C
671560857,RECL-TRIPSAVER-100-80T-15KV-1P-C
674081341,RECL-TRIPSAVER-100-80T-29KV-1P-C
669312528,RECL-TRIPSAVER-100-80T-15KV-1P-C
696881897,RECL-TRIPSAVER-100-80T-15KV-1P-C
701240367,RECL-TRIPSAVER-100-80T-15KV-1P-C
696500073,RECL-TRIPSAVER-200-100T-29KV-1P-C
739796155,RECL-TRIPSAVER-100-80T-15KV-1P-C
739761755,RECL-TRIPSAVER-100-80T-29KV-1P-C
742106568,RECL-TRIPSAVER-200-100T-15KV-1P-C
770043227,RECL-TRIPSAVER-200-150E-15KV-1P-C
779880590,RECL-TRIPSAVER-200-100T-15KV-1P-C
779408615,RECL-TRIPSAVER-100-80T-15KV-1P-C
563541325,RECL-TRIPSAVER-200-100T-15KV-1P-C
650962986,RECL-TRIPSAVER-100-80T-15KV-1P-C
652825798,RECL-TRIPSAVER-200-100T-15KV-1P-C
657918336,RECL-TRIPSAVER-100-80T-15KV-1P-C
655311971,RECL-TRIPSAVER-200-100T-15KV-1P-C
658807478,RECL-TRIPSAVER-100-80T-15KV-1P-C
654577765,RECL-TRIPSAVER-200-150E-15KV-1P-C
655651501,RECL-TRIPSAVER-100-80T-15KV-1P-C
652916169,RECL-TRIPSAVER-200-100T-29KV-1P-C
652130658,RECL-TRIPSAVER-200-150E-15KV-1P-C
653058313,RECL-TRIPSAVER-200-100T-15KV-1P-C
650839648,RECL-TRIPSAVER-100-80T-15KV-1P-C
651057881,RECL-TRIPSAVER-100-80T-15KV-1P-C
655264928,RECL-TRIPSAVER-100-80T-15KV-1P-C
658489879,RECL-TRIPSAVER-200-100T-15KV-1P-C
655793576,RECL-TRIPSAVER-200-150E-15KV-1P-C
657983530,RECL-TRIPSAVER-200-150E-15KV-1P-C
650788945,RECL-TRIPSAVER-100-80T-15KV-1P-C
654913128,RECL-TRIPSAVER-100-80T-29KV-1P-C
669477548,RECL-TRIPSAVER-200-150E-15KV-1P-C
671525785,RECL-TRIPSAVER-200-150E-15KV-1P-C
672152709,RECL-TRIPSAVER-100-80T-15KV-1P-C
671173770,RECL-TRIPSAVER-100-80T-15KV-1P-C
677129501,RECL-TRIPSAVER-200-150E-15KV-1P-C
674519012,RECL-TRIPSAVER-100-80T-15KV-1P-C
677451552,RECL-TRIPSAVER-100-80T-15KV-1P-C
672514259,RECL-TRIPSAVER-100-80T-29KV-1P-C
669207297,RECL-TRIPSAVER-100-80T-29KV-1P-C
669739862,RECL-TRIPSAVER-100-80T-15KV-1P-C
675266028,RECL-TRIPSAVER-200-150E-15KV-1P-C
675738574,RECL-TRIPSAVER-100-80T-15KV-1P-C
675248839,RECL-TRIPSAVER-100-80T-15KV-1P-C
671964091,RECL-TRIPSAVER-100-80T-15KV-1P-C
675854934,RECL-TRIPSAVER-100-80T-15KV-1P-C
674677837,RECL-TRIPSAVER-100-80T-29KV-1P-C
672852832,RECL-TRIPSAVER-100-80T-15KV-1P-C
668631909,RECL-TRIPSAVER-100-80T-29KV-1P-C
669542368,RECL-TRIPSAVER-100-80T-29KV-1P-C
670319778,RECL-TRIPSAVER-200-100T-29KV-1P-C
669207742,RECL-TRIPSAVER-100-80T-15KV-1P-C
669559618,RECL-TRIPSAVER-100-80T-29KV-1P-C
679697477,RECL-TRIPSAVER-200-100T-15KV-1P-C
678297863,RECL-TRIPSAVER-100-80T-29KV-1P-C
676477141,RECL-TRIPSAVER-200-150E-15KV-1P-C
676872506,RECL-TRIPSAVER-100-80T-15KV-1P-C
675855117,RECL-TRIPSAVER-100-80T-15KV-1P-C
668916294,RECL-TRIPSAVER-200-100T-29KV-1P-C
676854962,RECL-TRIPSAVER-100-80T-29KV-1P-C
669646030,RECL-TRIPSAVER-100-80T-15KV-1P-C
699587333,RECL-TRIPSAVER-100-80T-29KV-1P-C
737559126,RECL-TRIPSAVER-100-80T-15KV-1P-C
766552041,RECL-TRIPSAVER-200-100T-15KV-1P-C
772018326,RECL-TRIPSAVER-100-80T-15KV-1P-C
771198148,RECL-TRIPSAVER-100-80T-15KV-1P-C
566121988,RECL-TRIPSAVER-100-80T-15KV-1P-C
567796058,RECL-TRIPSAVER-100-80T-15KV-1P-C
573838045,RECL-TRIPSAVER-200-100T-15KV-1P-C
659575641,RECL-TRIPSAVER-200-100T-15KV-1P-C
656221968,RECL-TRIPSAVER-100-80T-15KV-1P-C
657501634,RECL-TRIPSAVER-100-80T-15KV-1P-C
650851321,RECL-TRIPSAVER-100-80T-15KV-1P-C
650962929,RECL-TRIPSAVER-200-100T-15KV-1P-C
656565660,RECL-TRIPSAVER-100-80T-15KV-1P-C
651056670,RECL-TRIPSAVER-200-150E-15KV-1P-C
650700635,RECL-TRIPSAVER-100-80T-15KV-1P-C
655925971,RECL-TRIPSAVER-200-100T-15KV-1P-C
653371135,RECL-TRIPSAVER-100-80T-15KV-1P-C
659412620,RECL-TRIPSAVER-100-80T-15KV-1P-C
655715759,RECL-TRIPSAVER-100-80T-29KV-1P-C
653474793,RECL-TRIPSAVER-200-100T-15KV-1P-C
652804898,RECL-TRIPSAVER-100-80T-15KV-1P-C
650734914,RECL-TRIPSAVER-100-80T-15KV-1P-C
655707220,RECL-TRIPSAVER-200-100T-15KV-1P-C
658562452,RECL-TRIPSAVER-200-150E-15KV-1P-C
651567947,RECL-TRIPSAVER-200-100T-15KV-1P-C
651263765,RECL-TRIPSAVER-100-80T-15KV-1P-C
660739388,RECL-TRIPSAVER-200-100T-15KV-1P-C
657987687,RECL-TRIPSAVER-100-80T-15KV-1P-C
671319722,RECL-TRIPSAVER-100-80T-29KV-1P-C
673058751,RECL-TRIPSAVER-200-100T-29KV-1P-C
675630853,RECL-TRIPSAVER-100-80T-15KV-1P-C
672006847,RECL-TRIPSAVER-100-80T-15KV-1P-C
674256851,RECL-TRIPSAVER-100-80T-29KV-1P-C
668979573,RECL-TRIPSAVER-200-100T-29KV-1P-C
671260118,RECL-TRIPSAVER-200-150E-15KV-1P-C
670989653,RECL-TRIPSAVER-100-80T-15KV-1P-C
675807200,RECL-TRIPSAVER-100-80T-29KV-1P-C
671938247,RECL-TRIPSAVER-200-100T-15KV-1P-C
674974184,RECL-TRIPSAVER-100-80T-15KV-1P-C
679040498,RECL-TRIPSAVER-100-80T-15KV-1P-C
677791024,RECL-TRIPSAVER-100-80T-15KV-1P-C
671479137,RECL-TRIPSAVER-100-80T-15KV-1P-C
676859361,RECL-TRIPSAVER-100-80T-29KV-1P-C
675580063,RECL-TRIPSAVER-100-80T-15KV-1P-C
675580078,RECL-TRIPSAVER-200-150E-15KV-1P-C
680916792,RECL-TRIPSAVER-200-150E-15KV-1P-C
669645792,RECL-TRIPSAVER-200-150E-15KV-1P-C
672788783,RECL-TRIPSAVER-200-100T-15KV-1P-C
673776554,RECL-TRIPSAVER-200-100T-15KV-1P-C
676854898,RECL-TRIPSAVER-100-80T-29KV-1P-C
669645959,RECL-TRIPSAVER-100-80T-29KV-1P-C
704147296,RECL-TRIPSAVER-100-80T-15KV-1P-C
693764447,RECL-TRIPSAVER-200-150E-29KV-1P-C
744145907,RECL-TRIPSAVER-100-80T-15KV-1P-C
739152048,RECL-TRIPSAVER-100-80T-15KV-1P-C
742814836,RECL-TRIPSAVER-100-80T-15KV-1P-C
736760310,RECL-TRIPSAVER-200-150E-15KV-1P-C
741256184,RECL-TRIPSAVER-200-100T-15KV-1P-C
743042511,RECL-TRIPSAVER-100-80T-15KV-1P-C
757320448,RECL-TRIPSAVER-100-80T-15KV-1P-C
565232751,RECL-TRIPSAVER-200-100T-15KV-1P-C
564824457,RECL-TRIPSAVER-200-100T-15KV-1P-C
652649600,RECL-TRIPSAVER-100-80T-15KV-1P-C
652740116,RECL-TRIPSAVER-100-80T-15KV-1P-C
650872485,RECL-TRIPSAVER-100-80T-29KV-1P-C
660305598,RECL-TRIPSAVER-100-80T-15KV-1P-C
652255205,RECL-TRIPSAVER-100-80T-15KV-1P-C
653289752,RECL-TRIPSAVER-100-80T-15KV-1P-C
654663888,RECL-TRIPSAVER-200-100T-15KV-1P-C
652808951,RECL-TRIPSAVER-200-100T-15KV-1P-C
654719861,RECL-TRIPSAVER-100-80T-15KV-1P-C
651542799,RECL-TRIPSAVER-200-100T-15KV-1P-C
658764976,RECL-TRIPSAVER-200-100T-15KV-1P-C
650925223,RECL-TRIPSAVER-100-80T-15KV-1P-C
659143015,RECL-TRIPSAVER-200-150E-15KV-1P-C
669610702,RECL-TRIPSAVER-100-80T-15KV-1P-C
674432818,RECL-TRIPSAVER-100-80T-29KV-1P-C
669215629,RECL-TRIPSAVER-100-80T-15KV-1P-C
671418462,RECL-TRIPSAVER-200-150E-29KV-1P-C
669297409,RECL-TRIPSAVER-100-80T-29KV-1P-C
671109406,RECL-TRIPSAVER-100-80T-29KV-1P-C
668816379,RECL-TRIPSAVER-100-80T-29KV-1P-C
678430552,RECL-TRIPSAVER-200-100T-15KV-1P-C
676266468,RECL-TRIPSAVER-100-80T-15KV-1P-C
668439064,RECL-TRIPSAVER-100-80T-15KV-1P-C
673467090,RECL-TRIPSAVER-100-80T-15KV-1P-C
672346295,RECL-TRIPSAVER-100-80T-29KV-1P-C
676253805,RECL-TRIPSAVER-100-80T-29KV-1P-C
669881497,RECL-TRIPSAVER-200-100T-15KV-1P-C
678404985,RECL-TRIPSAVER-100-80T-29KV-1P-C
670886220,RECL-TRIPSAVER-200-100T-15KV-1P-C
671642334,RECL-TRIPSAVER-100-80T-15KV-1P-C
669087551,RECL-TRIPSAVER-100-80T-15KV-1P-C
676417139,RECL-TRIPSAVER-100-80T-15KV-1P-C
671964064,RECL-TRIPSAVER-100-80T-15KV-1P-C
669495311,RECL-TRIPSAVER-200-150E-15KV-1P-C
672307691,RECL-TRIPSAVER-100-80T-15KV-1P-C
669452572,RECL-TRIPSAVER-100-80T-15KV-1P-C
668631940,RECL-TRIPSAVER-100-80T-29KV-1P-C
675799995,RECL-TRIPSAVER-100-80T-29KV-1P-C
676597444,RECL-TRIPSAVER-100-80T-29KV-1P-C
673166679,RECL-TRIPSAVER-200-100T-15KV-1P-C
670903706,RECL-TRIPSAVER-200-150E-15KV-1P-C
673012962,RECL-TRIPSAVER-100-80T-15KV-1P-C
680204082,RECL-TRIPSAVER-100-80T-29KV-1P-C
679251334,RECL-TRIPSAVER-100-80T-15KV-1P-C
694258320,RECL-TRIPSAVER-100-80T-29KV-1P-C
695048425,RECL-TRIPSAVER-100-80T-29KV-1P-C
702056154,RECL-TRIPSAVER-100-80T-15KV-1P-C
737481764,RECL-TRIPSAVER-100-80T-15KV-1P-C
739956045,RECL-TRIPSAVER-100-80T-15KV-1P-C
774680579,RECL-TRIPSAVER-100-80T-15KV-1P-C
771266856,RECL-TRIPSAVER-200-100T-15KV-1P-C
782122349,RECL-TRIPSAVER-200-150E-29KV-1P-C
652099831,RECL-TRIPSAVER-100-80T-15KV-1P-C
653620196,RECL-TRIPSAVER-100-80T-15KV-1P-C
656364117,RECL-TRIPSAVER-100-80T-15KV-1P-C
652487096,RECL-TRIPSAVER-100-80T-15KV-1P-C
657021223,RECL-TRIPSAVER-100-80T-15KV-1P-C
660911045,RECL-TRIPSAVER-100-80T-15KV-1P-C
656930868,RECL-TRIPSAVER-100-80T-29KV-1P-C
659340236,RECL-TRIPSAVER-100-80T-15KV-1P-C
651246646,RECL-TRIPSAVER-100-80T-15KV-1P-C
656640325,RECL-TRIPSAVER-200-100T-29KV-1P-C
668666154,RECL-TRIPSAVER-100-80T-29KV-1P-C
668910873,RECL-TRIPSAVER-200-100T-15KV-1P-C
670482984,RECL-TRIPSAVER-100-80T-15KV-1P-C
674694863,RECL-TRIPSAVER-100-80T-29KV-1P-C
671208540,RECL-TRIPSAVER-200-100T-15KV-1P-C
679856218,RECL-TRIPSAVER-100-80T-29KV-1P-C
677825509,RECL-TRIPSAVER-100-80T-15KV-1P-C
672311748,RECL-TRIPSAVER-200-100T-15KV-1P-C
679087630,RECL-TRIPSAVER-100-80T-29KV-1P-C
679070429,RECL-TRIPSAVER-100-80T-15KV-1P-C
668663106,RECL-TRIPSAVER-100-80T-15KV-1P-C
673226424,RECL-TRIPSAVER-200-100T-29KV-1P-C
675094247,RECL-TRIPSAVER-100-80T-15KV-1P-C
668911147,RECL-TRIPSAVER-100-80T-15KV-1P-C
670595596,RECL-TRIPSAVER-100-80T-29KV-1P-C
669147166,RECL-TRIPSAVER-100-80T-15KV-1P-C
676026227,RECL-TRIPSAVER-100-80T-15KV-1P-C
676859327,RECL-TRIPSAVER-100-80T-29KV-1P-C
676915163,RECL-TRIPSAVER-100-80T-15KV-1P-C
678594014,RECL-TRIPSAVER-100-80T-29KV-1P-C
678456723,RECL-TRIPSAVER-200-100T-29KV-1P-C
675073110,RECL-TRIPSAVER-200-100T-29KV-1P-C
672741420,RECL-TRIPSAVER-100-80T-15KV-1P-C
680457544,RECL-TRIPSAVER-200-100T-29KV-1P-C
701583863,RECL-TRIPSAVER-100-80T-15KV-1P-C
697324214,RECL-TRIPSAVER-200-100T-15KV-1P-C
700991602,RECL-TRIPSAVER-100-80T-15KV-1P-C
738280366,RECL-TRIPSAVER-200-100T-15KV-1P-C
754309806,RECL-TRIPSAVER-100-80T-15KV-1P-C
756169392,RECL-TRIPSAVER-100-80T-15KV-1P-C
757238511,RECL-TRIPSAVER-100-80T-15KV-1P-C
772202939,RECL-TRIPSAVER-200-150E-15KV-1P-C
767990816,RECL-TRIPSAVER-100-80T-15KV-1P-C
652099799,RECL-TRIPSAVER-200-100T-15KV-1P-C
651447243,RECL-TRIPSAVER-100-80T-15KV-1P-C
650884850,RECL-TRIPSAVER-200-150E-15KV-1P-C
659464175,RECL-TRIPSAVER-200-100T-29KV-1P-C
650907178,RECL-TRIPSAVER-100-80T-15KV-1P-C
652487087,RECL-TRIPSAVER-200-150E-15KV-1P-C
656836431,RECL-TRIPSAVER-100-80T-15KV-1P-C
652491737,RECL-TRIPSAVER-100-80T-15KV-1P-C
659340164,RECL-TRIPSAVER-200-100T-15KV-1P-C
650907903,RECL-TRIPSAVER-200-100T-15KV-1P-C
657859131,RECL-TRIPSAVER-200-150E-15KV-1P-C
660374685,RECL-TRIPSAVER-200-100T-15KV-1P-C
669610694,RECL-TRIPSAVER-100-80T-15KV-1P-C
671607364,RECL-TRIPSAVER-200-150E-15KV-1P-C
673123155,RECL-TRIPSAVER-200-150E-15KV-1P-C
668756196,RECL-TRIPSAVER-200-100T-15KV-1P-C
671384181,RECL-TRIPSAVER-100-80T-15KV-1P-C
676030227,RECL-TRIPSAVER-200-100T-15KV-1P-C
669318755,RECL-TRIPSAVER-200-100T-15KV-1P-C
671311301,RECL-TRIPSAVER-100-80T-15KV-1P-C
679461113,RECL-TRIPSAVER-100-80T-15KV-1P-C
678649554,RECL-TRIPSAVER-200-100T-15KV-1P-C
673406968,RECL-TRIPSAVER-200-150E-29KV-1P-C
674759692,RECL-TRIPSAVER-200-100T-29KV-1P-C
676403996,RECL-TRIPSAVER-100-80T-15KV-1P-C
671101163,RECL-TRIPSAVER-100-80T-15KV-1P-C
669817398,RECL-TRIPSAVER-200-100T-15KV-1P-C
673475597,RECL-TRIPSAVER-200-100T-15KV-1P-C
676721702,RECL-TRIPSAVER-100-80T-15KV-1P-C
676880639,RECL-TRIPSAVER-200-100T-29KV-1P-C
673385472,RECL-TRIPSAVER-100-80T-15KV-1P-C
674506172,RECL-TRIPSAVER-100-80T-15KV-1P-C
671843881,RECL-TRIPSAVER-100-80T-15KV-1P-C
671118508,RECL-TRIPSAVER-100-80T-15KV-1P-C
670671762,RECL-TRIPSAVER-200-100T-15KV-1P-C
668524632,RECL-TRIPSAVER-100-80T-29KV-1P-C
669126860,RECL-TRIPSAVER-100-80T-15KV-1P-C
670045329,RECL-TRIPSAVER-200-100T-29KV-1P-C
739865057,RECL-TRIPSAVER-100-80T-15KV-1P-C
743811064,RECL-TRIPSAVER-200-100T-15KV-1P-C
771722035,RECL-TRIPSAVER-100-80T-15KV-1P-C
780039976,RECL-TRIPSAVER-100-80T-15KV-1P-C
781775014,RECL-TRIPSAVER-100-80T-29KV-1P-C
784489297,RECL-TRIPSAVER-100-80T-15KV-1P-C
806567869,RECL-TRIPSAVER-100-80T-29KV-1P-C
564185605,RECL-TRIPSAVER-100-80T-29KV-1P-C
565774970,RECL-TRIPSAVER-100-80T-15KV-1P-C
659464235,RECL-TRIPSAVER-100-80T-29KV-1P-C
651452054,RECL-TRIPSAVER-200-100T-15KV-1P-C
659017649,RECL-TRIPSAVER-100-80T-15KV-1P-C
654590844,RECL-TRIPSAVER-200-100T-29KV-1P-C
652804929,RECL-TRIPSAVER-100-80T-15KV-1P-C
656922240,RECL-TRIPSAVER-200-100T-29KV-1P-C
658275261,RECL-TRIPSAVER-100-80T-29KV-1P-C
651031225,RECL-TRIPSAVER-100-80T-29KV-1P-C
650748940,RECL-TRIPSAVER-100-80T-15KV-1P-C
654071651,RECL-TRIPSAVER-200-100T-15KV-1P-C
653521972,RECL-TRIPSAVER-100-80T-15KV-1P-C
651263750,RECL-TRIPSAVER-200-100T-15KV-1P-C
658238560,RECL-TRIPSAVER-100-80T-15KV-1P-C
654763221,RECL-TRIPSAVER-200-100T-15KV-1P-C
659203014,RECL-TRIPSAVER-100-80T-15KV-1P-C
672444697,RECL-TRIPSAVER-100-80T-29KV-1P-C
675682416,RECL-TRIPSAVER-100-80T-15KV-1P-C
675978817,RECL-TRIPSAVER-100-80T-15KV-1P-C
674076651,RECL-TRIPSAVER-200-150E-29KV-1P-C
671753550,RECL-TRIPSAVER-200-100T-29KV-1P-C
671345867,RECL-TRIPSAVER-100-80T-15KV-1P-C
668555201,RECL-TRIPSAVER-100-80T-15KV-1P-C
676305493,RECL-TRIPSAVER-200-100T-15KV-1P-C
668971555,RECL-TRIPSAVER-100-80T-15KV-1P-C
674939896,RECL-TRIPSAVER-200-100T-15KV-1P-C
674939901,RECL-TRIPSAVER-200-100T-15KV-1P-C
669542370,RECL-TRIPSAVER-200-100T-29KV-1P-C
670319739,RECL-TRIPSAVER-100-80T-29KV-1P-C
675979054,RECL-TRIPSAVER-100-80T-29KV-1P-C
676971036,RECL-TRIPSAVER-100-80T-29KV-1P-C
669960013,RECL-TRIPSAVER-100-80T-15KV-1P-C
678628345,RECL-TRIPSAVER-100-80T-29KV-1P-C
680191223,RECL-TRIPSAVER-100-80T-15KV-1P-C
669224955,RECL-TRIPSAVER-100-80T-15KV-1P-C
671385559,RECL-TRIPSAVER-200-100T-15KV-1P-C
673437418,RECL-TRIPSAVER-200-100T-15KV-1P-C
680204187,RECL-TRIPSAVER-100-80T-29KV-1P-C
670620465,RECL-TRIPSAVER-100-80T-15KV-1P-C
673776439,RECL-TRIPSAVER-100-80T-15KV-1P-C
675086410,RECL-TRIPSAVER-200-100T-29KV-1P-C
695057075,RECL-TRIPSAVER-200-100T-15KV-1P-C
737103760,RECL-TRIPSAVER-200-100T-15KV-1P-C
741569548,RECL-TRIPSAVER-100-80T-15KV-1P-C
755100082,RECL-TRIPSAVER-100-80T-15KV-1P-C
779949308,RECL-TRIPSAVER-100-80T-15KV-1P-C
564378633,RECL-TRIPSAVER-100-80T-15KV-1P-C
571907513,RECL-TRIPSAVER-100-80T-15KV-1P-C
564738628,RECL-TRIPSAVER-100-80T-15KV-1P-C
656857811,RECL-TRIPSAVER-200-100T-15KV-1P-C
650966696,RECL-TRIPSAVER-100-80T-15KV-1P-C
652761569,RECL-TRIPSAVER-200-150E-15KV-1P-C
654221327,RECL-TRIPSAVER-200-100T-15KV-1P-C
654578888,RECL-TRIPSAVER-200-100T-15KV-1P-C
652990039,RECL-TRIPSAVER-100-80T-29KV-1P-C
652302470,RECL-TRIPSAVER-100-80T-29KV-1P-C
652517022,RECL-TRIPSAVER-100-80T-15KV-1P-C
657484921,RECL-TRIPSAVER-100-80T-15KV-1P-C
657558397,RECL-TRIPSAVER-100-80T-29KV-1P-C
658751754,RECL-TRIPSAVER-100-80T-15KV-1P-C
658039200,RECL-TRIPSAVER-200-100T-15KV-1P-C
655682105,RECL-TRIPSAVER-200-150E-15KV-1P-C
651693425,RECL-TRIPSAVER-200-100T-15KV-1P-C
678271681,RECL-TRIPSAVER-100-80T-15KV-1P-C
671689210,RECL-TRIPSAVER-100-80T-29KV-1P-C
671693392,RECL-TRIPSAVER-100-80T-29KV-1P-C
671869419,RECL-TRIPSAVER-100-80T-15KV-1P-C
673380931,RECL-TRIPSAVER-200-150E-15KV-1P-C
678409178,RECL-TRIPSAVER-100-80T-15KV-1P-C
672140051,RECL-TRIPSAVER-200-150E-15KV-1P-C
672311730,RECL-TRIPSAVER-100-80T-15KV-1P-C
671345873,RECL-TRIPSAVER-100-80T-15KV-1P-C
669799951,RECL-TRIPSAVER-100-80T-15KV-1P-C
669619645,RECL-TRIPSAVER-200-100T-15KV-1P-C
672646786,RECL-TRIPSAVER-100-80T-15KV-1P-C
672706922,RECL-TRIPSAVER-100-80T-15KV-1P-C
676060505,RECL-TRIPSAVER-100-80T-29KV-1P-C
669370963,RECL-TRIPSAVER-200-100T-29KV-1P-C
676786075,RECL-TRIPSAVER-100-80T-15KV-1P-C
669542354,RECL-TRIPSAVER-100-80T-29KV-1P-C
677108323,RECL-TRIPSAVER-100-80T-15KV-1P-C
670109556,RECL-TRIPSAVER-100-80T-15KV-1P-C
677799579,RECL-TRIPSAVER-100-80T-15KV-1P-C
676850662,RECL-TRIPSAVER-100-80T-29KV-1P-C
671663813,RECL-TRIPSAVER-200-100T-15KV-1P-C
678860509,RECL-TRIPSAVER-100-80T-29KV-1P-C
671217440,RECL-TRIPSAVER-100-80T-29KV-1P-C
680204104,RECL-TRIPSAVER-100-80T-29KV-1P-C
678843067,RECL-TRIPSAVER-100-80T-29KV-1P-C
670637833,RECL-TRIPSAVER-100-80T-15KV-1P-C
698844263,RECL-TRIPSAVER-100-80T-15KV-1P-C
739048930,RECL-TRIPSAVER-100-80T-15KV-1P-C
754348653,RECL-TRIPSAVER-100-80T-15KV-1P-C
772520696,RECL-TRIPSAVER-100-80T-15KV-1P-C
766973227,RECL-TRIPSAVER-200-150E-15KV-1P-C
786574925,RECL-TRIPSAVER-100-80T-15KV-1P-C
784591380,RECL-TRIPSAVER-100-80T-15KV-1P-C
781061566,RECL-TRIPSAVER-100-80T-15KV-1P-C
784711671,RECL-TRIPSAVER-100-80T-15KV-1P-C
565289371,RECL-TRIPSAVER-200-100T-15KV-1P-C
656075970,RECL-TRIPSAVER-200-150E-15KV-1P-C
654083661,RECL-TRIPSAVER-200-100T-15KV-1P-C
654617023,RECL-TRIPSAVER-200-150E-15KV-1P-C
653912209,RECL-TRIPSAVER-100-80T-15KV-1P-C
657488891,RECL-TRIPSAVER-200-100T-15KV-1P-C
656772130,RECL-TRIPSAVER-200-100T-15KV-1P-C
654303129,RECL-TRIPSAVER-200-100T-29KV-1P-C
652543381,RECL-TRIPSAVER-200-100T-15KV-1P-C
651263760,RECL-TRIPSAVER-100-80T-15KV-1P-C
658545994,RECL-TRIPSAVER-100-80T-15KV-1P-C
673363622,RECL-TRIPSAVER-100-80T-15KV-1P-C
674853708,RECL-TRIPSAVER-100-80T-15KV-1P-C
668700826,RECL-TRIPSAVER-200-100T-15KV-1P-C
674694806,RECL-TRIPSAVER-100-80T-29KV-1P-C
676244925,RECL-TRIPSAVER-100-80T-29KV-1P-C
682965000,RECL-TRIPSAVER-100-80T-15KV-1P-C
675124283,RECL-TRIPSAVER-200-150E-15KV-1P-C
677945361,RECL-TRIPSAVER-100-80T-15KV-1P-C
676257915,RECL-TRIPSAVER-100-80T-15KV-1P-C
674338789,RECL-TRIPSAVER-100-80T-15KV-1P-C
670388250,RECL-TRIPSAVER-200-150E-29KV-1P-C
677417455,RECL-TRIPSAVER-100-80T-15KV-1P-C
670542752,RECL-TRIPSAVER-200-150E-29KV-1P-C
676060498,RECL-TRIPSAVER-100-80T-29KV-1P-C
672020031,RECL-TRIPSAVER-200-150E-15KV-1P-C
673656030,RECL-TRIPSAVER-100-80T-15KV-1P-C
671788316,RECL-TRIPSAVER-100-80T-15KV-1P-C
678250551,RECL-TRIPSAVER-100-80T-15KV-1P-C
670744898,RECL-TRIPSAVER-100-80T-15KV-1P-C
673450029,RECL-TRIPSAVER-200-100T-15KV-1P-C
678843177,RECL-TRIPSAVER-100-80T-29KV-1P-C
702137980,RECL-TRIPSAVER-100-80T-15KV-1P-C
743059706,RECL-TRIPSAVER-100-80T-15KV-1P-C
737997196,RECL-TRIPSAVER-200-150E-15KV-1P-C
742153959,RECL-TRIPSAVER-200-100T-15KV-1P-C
565937110,RECL-TRIPSAVER-100-80T-15KV-1P-C
654272535,RECL-TRIPSAVER-200-150E-15KV-1P-C
657626280,RECL-TRIPSAVER-100-80T-15KV-1P-C
651074173,RECL-TRIPSAVER-200-100T-15KV-1P-C
652804859,RECL-TRIPSAVER-100-80T-15KV-1P-C
651250246,RECL-TRIPSAVER-100-80T-29KV-1P-C
653693544,RECL-TRIPSAVER-100-80T-29KV-1P-C
650687762,RECL-TRIPSAVER-100-80T-15KV-1P-C
653410651,RECL-TRIPSAVER-200-100T-15KV-1P-C
650929133,RECL-TRIPSAVER-200-150E-15KV-1P-C
652757508,RECL-TRIPSAVER-100-80T-15KV-1P-C
657103313,RECL-TRIPSAVER-100-80T-15KV-1P-C
656343247,RECL-TRIPSAVER-100-80T-15KV-1P-C
660112625,RECL-TRIPSAVER-200-150E-15KV-1P-C
672882690,RECL-TRIPSAVER-100-80T-29KV-1P-C
670692765,RECL-TRIPSAVER-100-80T-15KV-1P-C
668812107,RECL-TRIPSAVER-100-80T-15KV-1P-C
670834573,RECL-TRIPSAVER-200-150E-15KV-1P-C
671856544,RECL-TRIPSAVER-200-100T-15KV-1P-C
669189998,RECL-TRIPSAVER-100-80T-29KV-1P-C
678486426,RECL-TRIPSAVER-100-80T-29KV-1P-C
668473933,RECL-TRIPSAVER-100-80T-15KV-1P-C
672514183,RECL-TRIPSAVER-200-100T-29KV-1P-C
672106307,RECL-TRIPSAVER-200-150E-29KV-1P-C
670740230,RECL-TRIPSAVER-100-80T-15KV-1P-C
670753416,RECL-TRIPSAVER-100-80T-15KV-1P-C
668507538,RECL-TRIPSAVER-100-80T-15KV-1P-C
672427697,RECL-TRIPSAVER-200-150E-15KV-1P-C
675309019,RECL-TRIPSAVER-100-80T-15KV-1P-C
672307659,RECL-TRIPSAVER-100-80T-15KV-1P-C
668795685,RECL-TRIPSAVER-200-150E-15KV-1P-C
677125808,RECL-TRIPSAVER-100-80T-29KV-1P-C
678593915,RECL-TRIPSAVER-100-80T-29KV-1P-C
677752587,RECL-TRIPSAVER-200-100T-15KV-1P-C
672758508,RECL-TRIPSAVER-100-80T-15KV-1P-C
673510092,RECL-TRIPSAVER-100-80T-15KV-1P-C
671560805,RECL-TRIPSAVER-100-80T-15KV-1P-C
673029444,RECL-TRIPSAVER-100-80T-29KV-1P-C
694318620,RECL-TRIPSAVER-200-100T-15KV-1P-C
742445559,RECL-TRIPSAVER-100-80T-15KV-1P-C
739916890,RECL-TRIPSAVER-100-80T-15KV-1P-C
757667835,RECL-TRIPSAVER-200-100T-15KV-1P-C
767681434,RECL-TRIPSAVER-100-80T-15KV-1P-C
767569728,RECL-TRIPSAVER-100-80T-15KV-1P-C
784844522,RECL-TRIPSAVER-100-80T-15KV-1P-C
784230750,RECL-TRIPSAVER-100-80T-15KV-1P-C
568131183,RECL-TRIPSAVER-100-80T-15KV-1P-C
563817149,RECL-TRIPSAVER-200-150E-15KV-1P-C
573270878,RECL-TRIPSAVER-100-80T-15KV-1P-C
564738634,RECL-TRIPSAVER-100-80T-15KV-1P-C
565066326,RECL-TRIPSAVER-200-100T-15KV-1P-C
653405133,RECL-TRIPSAVER-200-100T-15KV-1P-C
653349372,RECL-TRIPSAVER-100-80T-15KV-1P-C
659464222,RECL-TRIPSAVER-100-80T-29KV-1P-C
652801044,RECL-TRIPSAVER-100-80T-29KV-1P-C
658751335,RECL-TRIPSAVER-200-100T-15KV-1P-C
657471841,RECL-TRIPSAVER-200-100T-15KV-1P-C
659017662,RECL-TRIPSAVER-100-80T-15KV-1P-C
657098290,RECL-TRIPSAVER-200-150E-15KV-1P-C
652065851,RECL-TRIPSAVER-100-80T-29KV-1P-C
651250289,RECL-TRIPSAVER-100-80T-29KV-1P-C
650929228,RECL-TRIPSAVER-100-80T-15KV-1P-C
654784114,RECL-TRIPSAVER-100-80T-15KV-1P-C
658808640,RECL-TRIPSAVER-100-80T-15KV-1P-C
657103393,RECL-TRIPSAVER-200-100T-15KV-1P-C
659653064,RECL-TRIPSAVER-200-150E-29KV-1P-C
657163273,RECL-TRIPSAVER-200-100T-15KV-1P-C
657163285,RECL-TRIPSAVER-200-100T-15KV-1P-C
659340191,RECL-TRIPSAVER-100-80T-15KV-1P-C
655965303,RECL-TRIPSAVER-200-100T-15KV-1P-C
660374729,RECL-TRIPSAVER-200-100T-15KV-1P-C
657163611,RECL-TRIPSAVER-200-100T-15KV-1P-C
671731890,RECL-TRIPSAVER-100-80T-15KV-1P-C
675888484,RECL-TRIPSAVER-200-100T-29KV-1P-C
674819290,RECL-TRIPSAVER-100-80T-15KV-1P-C
672006813,RECL-TRIPSAVER-100-80T-15KV-1P-C
671109378,RECL-TRIPSAVER-100-80T-29KV-1P-C
675347531,RECL-TRIPSAVER-100-80T-29KV-1P-C
674823721,RECL-TRIPSAVER-100-80T-15KV-1P-C
671933945,RECL-TRIPSAVER-100-80T-15KV-1P-C
672638148,RECL-TRIPSAVER-200-150E-29KV-1P-C
668662934,RECL-TRIPSAVER-100-80T-15KV-1P-C
671345903,RECL-TRIPSAVER-100-80T-15KV-1P-C
672307709,RECL-TRIPSAVER-100-80T-15KV-1P-C
675072900,RECL-TRIPSAVER-100-80T-15KV-1P-C
674544636,RECL-TRIPSAVER-100-80T-29KV-1P-C
672222203,RECL-TRIPSAVER-100-80T-15KV-1P-C
668902546,RECL-TRIPSAVER-200-100T-29KV-1P-C
668872715,RECL-TRIPSAVER-200-150E-15KV-1P-C
670319766,RECL-TRIPSAVER-100-80T-29KV-1P-C
675979126,RECL-TRIPSAVER-100-80T-29KV-1P-C
675489429,RECL-TRIPSAVER-200-100T-15KV-1P-C
669263282,RECL-TRIPSAVER-100-80T-15KV-1P-C
670938304,RECL-TRIPSAVER-200-150E-29KV-1P-C
673548708,RECL-TRIPSAVER-100-80T-15KV-1P-C
670934615,RECL-TRIPSAVER-100-80T-29KV-1P-C
673583498,RECL-TRIPSAVER-100-80T-15KV-1P-C
671432027,RECL-TRIPSAVER-100-80T-15KV-1P-C
674553482,RECL-TRIPSAVER-100-80T-15KV-1P-C
700703523,RECL-TRIPSAVER-100-80T-15KV-1P-C
704877379,RECL-TRIPSAVER-100-80T-15KV-1P-C
735321739,RECL-TRIPSAVER-200-100T-15KV-1P-C
738241687,RECL-TRIPSAVER-100-80T-15KV-1P-C
736781798,RECL-TRIPSAVER-100-80T-15KV-1P-C
737172734,RECL-TRIPSAVER-200-100T-15KV-1P-C
737537554,RECL-TRIPSAVER-100-80T-15KV-1P-C
745322507,RECL-TRIPSAVER-100-80T-15KV-1P-C
745554360,RECL-TRIPSAVER-200-150E-15KV-1P-C
806126470,RECL-TRIPSAVER-100-80T-29KV-1P-C
581519268,RECL-TRIPSAVER-100-80T-15KV-1P-C
571402872,RECL-TRIPSAVER-100-80T-15KV-1P-C
656479609,RECL-TRIPSAVER-200-150E-15KV-1P-C
660073699,RECL-TRIPSAVER-100-80T-15KV-1P-C
654548186,RECL-TRIPSAVER-100-80T-29KV-1P-C
658932019,RECL-TRIPSAVER-100-80T-15KV-1P-C
651619652,RECL-TRIPSAVER-200-100T-15KV-1P-C
650929228,RECL-TRIPSAVER-100-80T-15KV-1P-C
656437003,RECL-TRIPSAVER-100-80T-29KV-1P-C
658442951,RECL-TRIPSAVER-200-150E-15KV-1P-C
657803025,RECL-TRIPSAVER-100-80T-15KV-1P-C
651310699,RECL-TRIPSAVER-100-80T-15KV-1P-C
653170358,RECL-TRIPSAVER-100-80T-15KV-1P-C
654913088,RECL-TRIPSAVER-100-80T-29KV-1P-C
672882714,RECL-TRIPSAVER-100-80T-29KV-1P-C
670976207,RECL-TRIPSAVER-200-100T-15KV-1P-C
671560297,RECL-TRIPSAVER-200-150E-15KV-1P-C
668979562,RECL-TRIPSAVER-200-100T-15KV-1P-C
671869427,RECL-TRIPSAVER-100-80T-15KV-1P-C
674050893,RECL-TRIPSAVER-100-80T-15KV-1P-C
669100005,RECL-TRIPSAVER-200-100T-15KV-1P-C
672346479,RECL-TRIPSAVER-100-80T-29KV-1P-C
672311741,RECL-TRIPSAVER-100-80T-15KV-1P-C
668555264,RECL-TRIPSAVER-100-80T-15KV-1P-C
670508375,RECL-TRIPSAVER-100-80T-15KV-1P-C
672792805,RECL-TRIPSAVER-200-100T-29KV-1P-C
678615338,RECL-TRIPSAVER-100-80T-15KV-1P-C
672234590,RECL-TRIPSAVER-100-80T-15KV-1P-C
672067213,RECL-TRIPSAVER-100-80T-15KV-1P-C
674939903,RECL-TRIPSAVER-200-100T-15KV-1P-C
673879200,RECL-TRIPSAVER-100-80T-15KV-1P-C
675489423,RECL-TRIPSAVER-100-80T-15KV-1P-C
670233667,RECL-TRIPSAVER-200-150E-15KV-1P-C
673793814,RECL-TRIPSAVER-100-80T-15KV-1P-C
671406163,RECL-TRIPSAVER-200-150E-15KV-1P-C
672612572,RECL-TRIPSAVER-200-150E-15KV-1P-C
680191217,RECL-TRIPSAVER-100-80T-15KV-1P-C
673106825,RECL-TRIPSAVER-100-80T-15KV-1P-C
680204144,RECL-TRIPSAVER-100-80T-29KV-1P-C
675855087,RECL-TRIPSAVER-200-150E-15KV-1P-C
668916287,RECL-TRIPSAVER-100-80T-29KV-1P-C
678843157,RECL-TRIPSAVER-100-80T-29KV-1P-C
671428806,RECL-TRIPSAVER-200-100T-15KV-1P-C
672694410,RECL-TRIPSAVER-200-150E-29KV-1P-C
674408040,RECL-TRIPSAVER-200-100T-15KV-1P-C
702262302,RECL-TRIPSAVER-200-150E-15KV-1P-C
704877386,RECL-TRIPSAVER-100-80T-15KV-1P-C
739332397,RECL-TRIPSAVER-100-80T-15KV-1P-C
755069935,RECL-TRIPSAVER-200-100T-15KV-1P-C
767084473,RECL-TRIPSAVER-100-80T-15KV-1P-C
765921026,RECL-TRIPSAVER-200-150E-15KV-1P-C
783324539,RECL-TRIPSAVER-100-80T-15KV-1P-C
787292276,RECL-TRIPSAVER-200-150E-15KV-1P-C
791637690,RECL-TRIPSAVER-100-80T-15KV-1P-C
392789379,RECL-TRIPSAVER-100-80T-15KV-1P-C
564563258,RECL-TRIPSAVER-200-100T-15KV-1P-C
566297629,RECL-TRIPSAVER-100-80T-15KV-1P-C
656569852,RECL-TRIPSAVER-100-80T-15KV-1P-C
651872563,RECL-TRIPSAVER-100-80T-15KV-1P-C
650738998,RECL-TRIPSAVER-100-80T-15KV-1P-C
654793064,RECL-TRIPSAVER-100-80T-15KV-1P-C
656174922,RECL-TRIPSAVER-200-150E-15KV-1P-C
657733745,RECL-TRIPSAVER-100-80T-15KV-1P-C
652422790,RECL-TRIPSAVER-100-80T-29KV-1P-C
654187782,RECL-TRIPSAVER-100-80T-15KV-1P-C
657828409,RECL-TRIPSAVER-100-80T-29KV-1P-C
650859501,RECL-TRIPSAVER-100-80T-29KV-1P-C
654526581,RECL-TRIPSAVER-200-150E-15KV-1P-C
650976184,RECL-TRIPSAVER-200-100T-15KV-1P-C
658443056,RECL-TRIPSAVER-100-80T-15KV-1P-C
659747797,RECL-TRIPSAVER-100-80T-15KV-1P-C
657258067,RECL-TRIPSAVER-200-150E-15KV-1P-C
653745567,RECL-TRIPSAVER-100-80T-29KV-1P-C
659203033,RECL-TRIPSAVER-100-80T-15KV-1P-C
657987706,RECL-TRIPSAVER-100-80T-15KV-1P-C
651023953,RECL-TRIPSAVER-100-80T-15KV-1P-C
670684154,RECL-TRIPSAVER-100-80T-15KV-1P-C
673539664,RECL-TRIPSAVER-200-100T-15KV-1P-C
671796303,RECL-TRIPSAVER-200-150E-15KV-1P-C
671684839,RECL-TRIPSAVER-100-80T-15KV-1P-C
672616485,RECL-TRIPSAVER-200-150E-15KV-1P-C
671439980,RECL-TRIPSAVER-100-80T-15KV-1P-C
668700835,RECL-TRIPSAVER-200-100T-15KV-1P-C
675673872,RECL-TRIPSAVER-200-150E-15KV-1P-C
675978754,RECL-TRIPSAVER-100-80T-15KV-1P-C
678649559,RECL-TRIPSAVER-200-100T-15KV-1P-C
676253891,RECL-TRIPSAVER-100-80T-29KV-1P-C
674055474,RECL-TRIPSAVER-100-80T-15KV-1P-C
679929216,RECL-TRIPSAVER-100-80T-15KV-1P-C
675296158,RECL-TRIPSAVER-200-150E-29KV-1P-C
668662975,RECL-TRIPSAVER-100-80T-15KV-1P-C
677584764,RECL-TRIPSAVER-200-100T-15KV-1P-C
679040485,RECL-TRIPSAVER-100-80T-15KV-1P-C
670319709,RECL-TRIPSAVER-100-80T-29KV-1P-C
674755135,RECL-TRIPSAVER-200-100T-29KV-1P-C
674858218,RECL-TRIPSAVER-100-80T-15KV-1P-C
673784700,RECL-TRIPSAVER-200-100T-15KV-1P-C
677152440,RECL-TRIPSAVER-200-150E-15KV-1P-C
671500904,RECL-TRIPSAVER-100-80T-15KV-1P-C
676477165,RECL-TRIPSAVER-200-100T-15KV-1P-C
680191193,RECL-TRIPSAVER-200-150E-15KV-1P-C
674815599,RECL-TRIPSAVER-100-80T-15KV-1P-C
677971426,RECL-TRIPSAVER-200-100T-29KV-1P-C
673013008,RECL-TRIPSAVER-200-100T-15KV-1P-C
671869704,RECL-TRIPSAVER-100-80T-15KV-1P-C
673081368,RECL-TRIPSAVER-100-80T-15KV-1P-C
673081382,RECL-TRIPSAVER-100-80T-15KV-1P-C
698444921,RECL-TRIPSAVER-200-150E-15KV-1P-C
739508389,RECL-TRIPSAVER-100-80T-15KV-1P-C
740298489,RECL-TRIPSAVER-200-100T-15KV-1P-C
737571908,RECL-TRIPSAVER-100-80T-15KV-1P-C
755267461,RECL-TRIPSAVER-100-80T-15KV-1P-C
780078272,RECL-TRIPSAVER-100-80T-15KV-1P-C
564499733,RECL-TRIPSAVER-100-80T-15KV-1P-C
565318522,RECL-TRIPSAVER-200-150E-15KV-1P-C
568170482,RECL-TRIPSAVER-200-150E-15KV-1P-C
570707833,RECL-TRIPSAVER-200-100T-15KV-1P-C
651447291,RECL-TRIPSAVER-200-100T-15KV-1P-C
651301831,RECL-TRIPSAVER-200-100T-15KV-1P-C
653087934,RECL-TRIPSAVER-100-80T-15KV-1P-C
651434873,RECL-TRIPSAVER-100-80T-15KV-1P-C
651949721,RECL-TRIPSAVER-100-80T-15KV-1P-C
651216081,RECL-TRIPSAVER-100-80T-29KV-1P-C
655355132,RECL-TRIPSAVER-100-80T-15KV-1P-C
657163248,RECL-TRIPSAVER-200-100T-15KV-1P-C
650710305,RECL-TRIPSAVER-200-100T-15KV-1P-C
657626834,RECL-TRIPSAVER-100-80T-29KV-1P-C
656361057,RECL-TRIPSAVER-200-100T-15KV-1P-C
650822085,RECL-TRIPSAVER-100-80T-15KV-1P-C
668790557,RECL-TRIPSAVER-200-100T-15KV-1P-C
669597789,RECL-TRIPSAVER-100-80T-15KV-1P-C
669061186,RECL-TRIPSAVER-100-80T-29KV-1P-C
672655143,RECL-TRIPSAVER-200-100T-29KV-1P-C
670314996,RECL-TRIPSAVER-100-80T-15KV-1P-C
669619442,RECL-TRIPSAVER-100-80T-15KV-1P-C
672346230,RECL-TRIPSAVER-100-80T-29KV-1P-C
673015978,RECL-TRIPSAVER-100-80T-15KV-1P-C
676305483,RECL-TRIPSAVER-100-80T-15KV-1P-C
671964104,RECL-TRIPSAVER-100-80T-15KV-1P-C
669619622,RECL-TRIPSAVER-100-80T-15KV-1P-C
677481919,RECL-TRIPSAVER-100-80T-15KV-1P-C
670199279,RECL-TRIPSAVER-200-150E-15KV-1P-C
674570719,RECL-TRIPSAVER-100-80T-29KV-1P-C
668954213,RECL-TRIPSAVER-200-150E-15KV-1P-C
668782291,RECL-TRIPSAVER-100-80T-29KV-1P-C
676915172,RECL-TRIPSAVER-100-80T-15KV-1P-C
677237121,RECL-TRIPSAVER-100-80T-29KV-1P-C
675489417,RECL-TRIPSAVER-100-80T-15KV-1P-C
677623545,RECL-TRIPSAVER-200-100T-29KV-1P-C
678048723,RECL-TRIPSAVER-100-80T-15KV-1P-C
680204166,RECL-TRIPSAVER-100-80T-29KV-1P-C
673776472,RECL-TRIPSAVER-100-80T-15KV-1P-C
676854953,RECL-TRIPSAVER-100-80T-29KV-1P-C
672578562,RECL-TRIPSAVER-200-150E-15KV-1P-C
701283234,RECL-TRIPSAVER-100-80T-15KV-1P-C
695048589,RECL-TRIPSAVER-100-80T-29KV-1P-C
755233809,RECL-TRIPSAVER-100-80T-15KV-1P-C
755696883,RECL-TRIPSAVER-200-100T-15KV-1P-C
766294389,RECL-TRIPSAVER-100-80T-15KV-1P-C
765968889,RECL-TRIPSAVER-200-100T-15KV-1P-C
767629921,RECL-TRIPSAVER-200-100T-15KV-1P-C
565937096,RECL-TRIPSAVER-100-80T-15KV-1P-C
651606172,RECL-TRIPSAVER-200-100T-15KV-1P-C
652774394,RECL-TRIPSAVER-100-80T-29KV-1P-C
659464051,RECL-TRIPSAVER-100-80T-29KV-1P-C
651074182,RECL-TRIPSAVER-100-80T-15KV-1P-C
655925997,RECL-TRIPSAVER-200-100T-15KV-1P-C
650872490,RECL-TRIPSAVER-100-80T-29KV-1P-C
652422813,RECL-TRIPSAVER-100-80T-29KV-1P-C
657777038,RECL-TRIPSAVER-100-80T-29KV-1P-C
652092159,RECL-TRIPSAVER-100-80T-15KV-1P-C
663126714,RECL-TRIPSAVER-100-80T-29KV-1P-C
651525583,RECL-TRIPSAVER-100-80T-15KV-1P-C
653148729,RECL-TRIPSAVER-200-100T-15KV-1P-C
659713928,RECL-TRIPSAVER-100-80T-15KV-1P-C
656413425,RECL-TRIPSAVER-200-100T-15KV-1P-C
658713214,RECL-TRIPSAVER-200-150E-15KV-1P-C
657523949,RECL-TRIPSAVER-200-100T-15KV-1P-C
675003919,RECL-TRIPSAVER-100-80T-29KV-1P-C
668756171,RECL-TRIPSAVER-200-150E-15KV-1P-C
668910887,RECL-TRIPSAVER-100-80T-15KV-1P-C
671109413,RECL-TRIPSAVER-100-80T-29KV-1P-C
674106520,RECL-TRIPSAVER-100-80T-29KV-1P-C
676305125,RECL-TRIPSAVER-100-80T-15KV-1P-C
672385209,RECL-TRIPSAVER-100-80T-15KV-1P-C
673355147,RECL-TRIPSAVER-100-80T-15KV-1P-C
672002551,RECL-TRIPSAVER-100-80T-29KV-1P-C
669220118,RECL-TRIPSAVER-200-150E-29KV-1P-C
679856162,RECL-TRIPSAVER-100-80T-29KV-1P-C
670388257,RECL-TRIPSAVER-100-80T-29KV-1P-C
675291877,RECL-TRIPSAVER-100-80T-15KV-1P-C
674935384,RECL-TRIPSAVER-100-80T-15KV-1P-C
670667389,RECL-TRIPSAVER-200-100T-15KV-1P-C
675854936,RECL-TRIPSAVER-100-80T-15KV-1P-C
670607249,RECL-TRIPSAVER-100-80T-15KV-1P-C
674763951,RECL-TRIPSAVER-100-80T-15KV-1P-C
676060512,RECL-TRIPSAVER-100-80T-29KV-1P-C
668872702,RECL-TRIPSAVER-100-80T-15KV-1P-C
671024570,RECL-TRIPSAVER-100-80T-15KV-1P-C
676133537,RECL-TRIPSAVER-100-80T-29KV-1P-C
678456672,RECL-TRIPSAVER-100-80T-29KV-1P-C
676288457,RECL-TRIPSAVER-200-150E-15KV-1P-C
679706273,RECL-TRIPSAVER-100-80T-15KV-1P-C
701240325,RECL-TRIPSAVER-200-150E-15KV-1P-C
699669122,RECL-TRIPSAVER-100-80T-15KV-1P-C
736962073,RECL-TRIPSAVER-100-80T-15KV-1P-C
739268280,RECL-TRIPSAVER-100-80T-15KV-1P-C
740126981,RECL-TRIPSAVER-100-80T-15KV-1P-C
757680845,RECL-TRIPSAVER-200-150E-15KV-1P-C
752116022,RECL-TRIPSAVER-100-80T-15KV-1P-C
782603011,RECL-TRIPSAVER-200-150E-29KV-1P-C
783775441,RECL-TRIPSAVER-100-80T-15KV-1P-C
785000720,RECL-TRIPSAVER-200-150E-15KV-1P-C
572523802,RECL-TRIPSAVER-200-100T-15KV-1P-C
566297578,RECL-TRIPSAVER-100-80T-15KV-1P-C
650871794,RECL-TRIPSAVER-200-100T-15KV-1P-C
655376047,RECL-TRIPSAVER-100-80T-15KV-1P-C
650851220,RECL-TRIPSAVER-200-150E-15KV-1P-C
655019674,RECL-TRIPSAVER-100-80T-15KV-1P-C
652800990,RECL-TRIPSAVER-100-80T-29KV-1P-C
659124821,RECL-TRIPSAVER-200-100T-29KV-1P-C
655707196,RECL-TRIPSAVER-200-100T-15KV-1P-C
651500064,RECL-TRIPSAVER-200-100T-15KV-1P-C
655694368,RECL-TRIPSAVER-200-100T-15KV-1P-C
654496592,RECL-TRIPSAVER-100-80T-15KV-1P-C
655162073,RECL-TRIPSAVER-200-100T-29KV-1P-C
654475439,RECL-TRIPSAVER-100-80T-15KV-1P-C
675463389,RECL-TRIPSAVER-100-80T-15KV-1P-C
672985763,RECL-TRIPSAVER-100-80T-15KV-1P-C
670478379,RECL-TRIPSAVER-100-80T-15KV-1P-C
671109366,RECL-TRIPSAVER-100-80T-29KV-1P-C
679285041,RECL-TRIPSAVER-200-150E-29KV-1P-C
672346652,RECL-TRIPSAVER-100-80T-29KV-1P-C
674931190,RECL-TRIPSAVER-100-80T-15KV-1P-C
671964129,RECL-TRIPSAVER-200-150E-15KV-1P-C
671969309,RECL-TRIPSAVER-100-80T-15KV-1P-C
672234608,RECL-TRIPSAVER-200-150E-15KV-1P-C
676863518,RECL-TRIPSAVER-100-80T-29KV-1P-C
668752744,RECL-TRIPSAVER-200-100T-15KV-1P-C
674695049,RECL-TRIPSAVER-200-100T-29KV-1P-C
672067110,RECL-TRIPSAVER-100-80T-15KV-1P-C
672329167,RECL-TRIPSAVER-100-80T-29KV-1P-C
678095758,RECL-TRIPSAVER-100-80T-15KV-1P-C
668448032,RECL-TRIPSAVER-100-80T-15KV-1P-C
670839363,RECL-TRIPSAVER-100-80T-15KV-1P-C
678456695,RECL-TRIPSAVER-200-100T-29KV-1P-C
673578860,RECL-TRIPSAVER-100-80T-15KV-1P-C
670903635,RECL-TRIPSAVER-200-150E-15KV-1P-C
676485856,RECL-TRIPSAVER-200-100T-29KV-1P-C
673269576,RECL-TRIPSAVER-200-150E-15KV-1P-C
673776489,RECL-TRIPSAVER-200-100T-15KV-1P-C
672994973,RECL-TRIPSAVER-200-150E-15KV-1P-C
674605629,RECL-TRIPSAVER-100-80T-29KV-1P-C
699411071,RECL-TRIPSAVER-100-80T-15KV-1P-C
699544469,RECL-TRIPSAVER-100-80T-15KV-1P-C
698200227,RECL-TRIPSAVER-100-80T-15KV-1P-C
743613464,RECL-TRIPSAVER-100-80T-15KV-1P-C
739422595,RECL-TRIPSAVER-100-80T-15KV-1P-C
744644063,RECL-TRIPSAVER-100-80T-15KV-1P-C
743939870,RECL-TRIPSAVER-100-80T-15KV-1P-C
755933031,RECL-TRIPSAVER-100-80T-15KV-1P-C
754821232,RECL-TRIPSAVER-100-80T-15KV-1P-C
780597788,RECL-TRIPSAVER-200-150E-15KV-1P-C
783569539,RECL-TRIPSAVER-100-80T-15KV-1P-C
571402891,RECL-TRIPSAVER-100-80T-15KV-1P-C
567148135,RECL-TRIPSAVER-100-80T-15KV-1P-C
564430450,RECL-TRIPSAVER-100-80T-15KV-1P-C
650726351,RECL-TRIPSAVER-200-150E-29KV-1P-C
651872570,RECL-TRIPSAVER-100-80T-15KV-1P-C
652637563,RECL-TRIPSAVER-100-80T-29KV-1P-C
654762566,RECL-TRIPSAVER-200-100T-15KV-1P-C
652847293,RECL-TRIPSAVER-200-150E-15KV-1P-C
654578857,RECL-TRIPSAVER-200-100T-15KV-1P-C
657162923,RECL-TRIPSAVER-200-150E-29KV-1P-C
650687943,RECL-TRIPSAVER-100-80T-15KV-1P-C
656231317,RECL-TRIPSAVER-100-80T-15KV-1P-C
657803078,RECL-TRIPSAVER-100-80T-15KV-1P-C
655965312,RECL-TRIPSAVER-200-150E-15KV-1P-C
655682034,RECL-TRIPSAVER-100-80T-15KV-1P-C
657987740,RECL-TRIPSAVER-100-80T-15KV-1P-C
668743266,RECL-TRIPSAVER-200-150E-15KV-1P-C
673470961,RECL-TRIPSAVER-200-150E-15KV-1P-C
669735193,RECL-TRIPSAVER-100-80T-15KV-1P-C
669971354,RECL-TRIPSAVER-100-80T-15KV-1P-C
672552046,RECL-TRIPSAVER-200-100T-15KV-1P-C
668919362,RECL-TRIPSAVER-200-100T-15KV-1P-C
670976216,RECL-TRIPSAVER-100-80T-15KV-1P-C
674334141,RECL-TRIPSAVER-100-80T-29KV-1P-C
669980053,RECL-TRIPSAVER-200-100T-15KV-1P-C
673380915,RECL-TRIPSAVER-100-80T-15KV-1P-C
673265287,RECL-TRIPSAVER-100-80T-29KV-1P-C
669525158,RECL-TRIPSAVER-200-100T-29KV-1P-C
672311735,RECL-TRIPSAVER-100-80T-15KV-1P-C
670667337,RECL-TRIPSAVER-100-80T-15KV-1P-C
668782334,RECL-TRIPSAVER-100-80T-29KV-1P-C
673879202,RECL-TRIPSAVER-100-80T-15KV-1P-C
676971032,RECL-TRIPSAVER-100-80T-29KV-1P-C
673273872,RECL-TRIPSAVER-100-80T-15KV-1P-C
674570842,RECL-TRIPSAVER-100-80T-29KV-1P-C
671385466,RECL-TRIPSAVER-200-100T-15KV-1P-C
680457511,RECL-TRIPSAVER-100-80T-29KV-1P-C
675115885,RECL-TRIPSAVER-100-80T-29KV-1P-C
678843147,RECL-TRIPSAVER-100-80T-29KV-1P-C
671428842,RECL-TRIPSAVER-100-80T-15KV-1P-C
673583549,RECL-TRIPSAVER-100-80T-15KV-1P-C
704576698,RECL-TRIPSAVER-100-80T-15KV-1P-C
741320481,RECL-TRIPSAVER-200-150E-15KV-1P-C
739967895,RECL-TRIPSAVER-200-150E-29KV-1P-C
742076273,RECL-TRIPSAVER-100-80T-15KV-1P-C
742638799,RECL-TRIPSAVER-100-80T-15KV-1P-C
743497605,RECL-TRIPSAVER-200-150E-15KV-1P-C
755542440,RECL-TRIPSAVER-200-100T-15KV-1P-C
757856749,RECL-TRIPSAVER-100-80T-15KV-1P-C
759570087,RECL-TRIPSAVER-100-80T-15KV-1P-C
755482223,RECL-TRIPSAVER-100-80T-15KV-1P-C
783848554,RECL-TRIPSAVER-100-80T-15KV-1P-C
780693098,RECL-TRIPSAVER-200-100T-15KV-1P-C
780055166,RECL-TRIPSAVER-200-150E-15KV-1P-C
564332590,RECL-TRIPSAVER-200-100T-15KV-1P-C
656840457,RECL-TRIPSAVER-200-150E-15KV-1P-C
656698816,RECL-TRIPSAVER-200-150E-29KV-1P-C
650963761,RECL-TRIPSAVER-200-100T-15KV-1P-C
652920562,RECL-TRIPSAVER-200-100T-15KV-1P-C
655501094,RECL-TRIPSAVER-100-80T-15KV-1P-C
657777000,RECL-TRIPSAVER-200-100T-29KV-1P-C
659635872,RECL-TRIPSAVER-100-80T-15KV-1P-C
659635889,RECL-TRIPSAVER-100-80T-15KV-1P-C
656742570,RECL-TRIPSAVER-100-80T-29KV-1P-C
659043699,RECL-TRIPSAVER-100-80T-15KV-1P-C
659790831,RECL-TRIPSAVER-100-80T-15KV-1P-C
654286876,RECL-TRIPSAVER-100-80T-15KV-1P-C
659202973,RECL-TRIPSAVER-200-100T-15KV-1P-C
656626440,RECL-TRIPSAVER-100-80T-29KV-1P-C
660018181,RECL-TRIPSAVER-200-100T-15KV-1P-C
654913083,RECL-TRIPSAVER-100-80T-29KV-1P-C
669649325,RECL-TRIPSAVER-200-150E-15KV-1P-C
674703365,RECL-TRIPSAVER-100-80T-15KV-1P-C
671384228,RECL-TRIPSAVER-100-80T-15KV-1P-C
678598020,RECL-TRIPSAVER-100-80T-15KV-1P-C
670353683,RECL-TRIPSAVER-100-80T-15KV-1P-C
676266459,RECL-TRIPSAVER-200-100T-15KV-1P-C
668473840,RECL-TRIPSAVER-200-100T-15KV-1P-C
671260122,RECL-TRIPSAVER-200-100T-15KV-1P-C
674055415,RECL-TRIPSAVER-200-150E-15KV-1P-C
669353395,RECL-TRIPSAVER-100-80T-15KV-1P-C
677812340,RECL-TRIPSAVER-100-80T-15KV-1P-C
678804187,RECL-TRIPSAVER-200-150E-15KV-1P-C
680495998,RECL-TRIPSAVER-100-80T-15KV-1P-C
671345899,RECL-TRIPSAVER-100-80T-15KV-1P-C
673960676,RECL-TRIPSAVER-100-80T-15KV-1P-C
672024447,RECL-TRIPSAVER-100-80T-15KV-1P-C
668752811,RECL-TRIPSAVER-200-150E-15KV-1P-C
670645910,RECL-TRIPSAVER-100-80T-15KV-1P-C
676060528,RECL-TRIPSAVER-100-80T-29KV-1P-C
676971021,RECL-TRIPSAVER-100-80T-29KV-1P-C
672535539,RECL-TRIPSAVER-100-80T-15KV-1P-C
678027019,RECL-TRIPSAVER-200-100T-15KV-1P-C
672758525,RECL-TRIPSAVER-200-150E-15KV-1P-C
668916058,RECL-TRIPSAVER-200-100T-15KV-1P-C
673978050,RECL-TRIPSAVER-200-100T-15KV-1P-C
674214126,RECL-TRIPSAVER-100-80T-15KV-1P-C
673578851,RECL-TRIPSAVER-100-80T-15KV-1P-C
677396423,RECL-TRIPSAVER-200-150E-15KV-1P-C
671500929,RECL-TRIPSAVER-100-80T-15KV-1P-C
676854994,RECL-TRIPSAVER-100-80T-29KV-1P-C
699282231,RECL-TRIPSAVER-100-80T-15KV-1P-C
737597610,RECL-TRIPSAVER-200-150E-15KV-1P-C
767071600,RECL-TRIPSAVER-100-80T-29KV-1P-C
781903115,RECL-TRIPSAVER-100-80T-15KV-1P-C
780701045,RECL-TRIPSAVER-200-150E-15KV-1P-C
564601921,RECL-TRIPSAVER-100-80T-15KV-1P-C
566122004,RECL-TRIPSAVER-100-80T-15KV-1P-C
651447229,RECL-TRIPSAVER-200-100T-15KV-1P-C
656840447,RECL-TRIPSAVER-100-80T-15KV-1P-C
657626262,RECL-TRIPSAVER-100-80T-15KV-1P-C
655385120,RECL-TRIPSAVER-100-80T-29KV-1P-C
654358816,RECL-TRIPSAVER-100-80T-29KV-1P-C
657729404,RECL-TRIPSAVER-100-80T-15KV-1P-C
651242413,RECL-TRIPSAVER-100-80T-29KV-1P-C
651821653,RECL-TRIPSAVER-200-100T-15KV-1P-C
654496542,RECL-TRIPSAVER-100-80T-15KV-1P-C
659747757,RECL-TRIPSAVER-200-150E-29KV-1P-C
653521963,RECL-TRIPSAVER-200-100T-15KV-1P-C
650736504,RECL-TRIPSAVER-200-150E-15KV-1P-C
650907919,RECL-TRIPSAVER-100-80T-15KV-1P-C
653745509,RECL-TRIPSAVER-100-80T-29KV-1P-C
658546023,RECL-TRIPSAVER-200-100T-15KV-1P-C
651483767,RECL-TRIPSAVER-200-150E-29KV-1P-C
652285617,RECL-TRIPSAVER-200-150E-15KV-1P-C
654625624,RECL-TRIPSAVER-200-100T-15KV-1P-C
669610721,RECL-TRIPSAVER-100-80T-15KV-1P-C
672882778,RECL-TRIPSAVER-200-150E-29KV-1P-C
671173765,RECL-TRIPSAVER-100-80T-15KV-1P-C
670628678,RECL-TRIPSAVER-200-150E-15KV-1P-C
673630021,RECL-TRIPSAVER-200-150E-29KV-1P-C
676305165,RECL-TRIPSAVER-100-80T-29KV-1P-C
675386790,RECL-TRIPSAVER-200-100T-15KV-1P-C
669353299,RECL-TRIPSAVER-100-80T-15KV-1P-C
672020036,RECL-TRIPSAVER-200-100T-15KV-1P-C
670813673,RECL-TRIPSAVER-100-80T-15KV-1P-C
674102447,RECL-TRIPSAVER-100-80T-15KV-1P-C
669263287,RECL-TRIPSAVER-200-150E-15KV-1P-C
668533710,RECL-TRIPSAVER-200-100T-15KV-1P-C
674218552,RECL-TRIPSAVER-200-100T-29KV-1P-C
676249328,RECL-TRIPSAVER-100-80T-29KV-1P-C
670405573,RECL-TRIPSAVER-200-100T-29KV-1P-C
671282026,RECL-TRIPSAVER-200-100T-15KV-1P-C
669645980,RECL-TRIPSAVER-100-80T-29KV-1P-C
669646015,RECL-TRIPSAVER-100-80T-29KV-1P-C
671483869,RECL-TRIPSAVER-100-80T-15KV-1P-C
699282242,RECL-TRIPSAVER-100-80T-15KV-1P-C
737370157,RECL-TRIPSAVER-200-100T-15KV-1P-C
737773742,RECL-TRIPSAVER-200-100T-15KV-1P-C
766509061,RECL-TRIPSAVER-200-150E-15KV-1P-C
770442384,RECL-TRIPSAVER-200-100T-15KV-1P-C
833675936,RECL-TRIPSAVER-100-80T-15KV-1P-C
570239766,RECL-TRIPSAVER-100-80T-15KV-1P-C
651146845,RECL-TRIPSAVER-200-150E-29KV-1P-C
651056630,RECL-TRIPSAVER-200-100T-15KV-1P-C
658884497,RECL-TRIPSAVER-100-80T-15KV-1P-C
652783166,RECL-TRIPSAVER-100-80T-15KV-1P-C
650791915,RECL-TRIPSAVER-100-80T-15KV-1P-C
658562503,RECL-TRIPSAVER-100-80T-15KV-1P-C
651139366,RECL-TRIPSAVER-100-80T-29KV-1P-C
654994841,RECL-TRIPSAVER-200-100T-15KV-1P-C
657163298,RECL-TRIPSAVER-100-80T-15KV-1P-C
657983466,RECL-TRIPSAVER-100-80T-15KV-1P-C
670211917,RECL-TRIPSAVER-100-80T-15KV-1P-C
676773155,RECL-TRIPSAVER-200-100T-15KV-1P-C
672809805,RECL-TRIPSAVER-100-80T-15KV-1P-C
672514174,RECL-TRIPSAVER-200-100T-29KV-1P-C
670388286,RECL-TRIPSAVER-200-100T-29KV-1P-C
672106280,RECL-TRIPSAVER-100-80T-29KV-1P-C
676197982,RECL-TRIPSAVER-100-80T-15KV-1P-C
672651071,RECL-TRIPSAVER-100-80T-15KV-1P-C
669087565,RECL-TRIPSAVER-100-80T-15KV-1P-C
668984091,RECL-TRIPSAVER-100-80T-15KV-1P-C
677125804,RECL-TRIPSAVER-100-80T-29KV-1P-C
672535522,RECL-TRIPSAVER-100-80T-15KV-1P-C
670126305,RECL-TRIPSAVER-100-80T-15KV-1P-C
674003934,RECL-TRIPSAVER-100-80T-15KV-1P-C
678048781,RECL-TRIPSAVER-200-100T-15KV-1P-C
674815553,RECL-TRIPSAVER-100-80T-15KV-1P-C
674369694,RECL-TRIPSAVER-100-80T-15KV-1P-C
678138959,RECL-TRIPSAVER-100-80T-29KV-1P-C
670032429,RECL-TRIPSAVER-100-80T-15KV-1P-C
700991556,RECL-TRIPSAVER-100-80T-15KV-1P-C
744021431,RECL-TRIPSAVER-100-80T-15KV-1P-C
744202092,RECL-TRIPSAVER-100-80T-15KV-1P-C
737078113,RECL-TRIPSAVER-100-80T-15KV-1P-C
740921158,RECL-TRIPSAVER-200-150E-15KV-1P-C
740809994,RECL-TRIPSAVER-100-80T-15KV-1P-C
752116030,RECL-TRIPSAVER-100-80T-15KV-1P-C
769175653,RECL-TRIPSAVER-100-80T-15KV-1P-C
786897031,RECL-TRIPSAVER-200-100T-15KV-1P-C
781143189,RECL-TRIPSAVER-200-100T-15KV-1P-C
782595473,RECL-TRIPSAVER-100-80T-15KV-1P-C
394524157,RECL-TRIPSAVER-100-80T-15KV-1P-C
564383756,RECL-TRIPSAVER-100-80T-15KV-1P-C
651447271,RECL-TRIPSAVER-200-100T-15KV-1P-C
652589375,RECL-TRIPSAVER-100-80T-15KV-1P-C
652774400,RECL-TRIPSAVER-100-80T-29KV-1P-C
654831969,RECL-TRIPSAVER-100-80T-15KV-1P-C
653126549,RECL-TRIPSAVER-100-80T-29KV-1P-C
654187367,RECL-TRIPSAVER-200-150E-29KV-1P-C
654839900,RECL-TRIPSAVER-200-100T-15KV-1P-C
651760761,RECL-TRIPSAVER-100-80T-15KV-1P-C
651061063,RECL-TRIPSAVER-100-80T-15KV-1P-C
650791906,RECL-TRIPSAVER-100-80T-15KV-1P-C
654793372,RECL-TRIPSAVER-100-80T-15KV-1P-C
654496532,RECL-TRIPSAVER-100-80T-15KV-1P-C
651070022,RECL-TRIPSAVER-200-100T-15KV-1P-C
653483246,RECL-TRIPSAVER-200-100T-15KV-1P-C
657163264,RECL-TRIPSAVER-100-80T-15KV-1P-C
650976237,RECL-TRIPSAVER-100-80T-15KV-1P-C
660894134,RECL-TRIPSAVER-200-150E-15KV-1P-C
661327644,RECL-TRIPSAVER-200-150E-15KV-1P-C
652255909,RECL-TRIPSAVER-100-80T-15KV-1P-C
657369439,RECL-TRIPSAVER-100-80T-15KV-1P-C
669374484,RECL-TRIPSAVER-100-80T-29KV-1P-C
669365943,RECL-TRIPSAVER-100-80T-15KV-1P-C
669868809,RECL-TRIPSAVER-100-80T-15KV-1P-C
670074420,RECL-TRIPSAVER-100-80T-29KV-1P-C
676030285,RECL-TRIPSAVER-200-150E-15KV-1P-C
668700813,RECL-TRIPSAVER-100-80T-15KV-1P-C
669284480,RECL-TRIPSAVER-100-80T-15KV-1P-C
674411515,RECL-TRIPSAVER-200-100T-29KV-1P-C
677426156,RECL-TRIPSAVER-100-80T-29KV-1P-C
668602141,RECL-TRIPSAVER-100-80T-29KV-1P-C
672106245,RECL-TRIPSAVER-100-80T-29KV-1P-C
677417502,RECL-TRIPSAVER-100-80T-15KV-1P-C
668662924,RECL-TRIPSAVER-100-80T-15KV-1P-C
671307172,RECL-TRIPSAVER-100-80T-29KV-1P-C
671380203,RECL-TRIPSAVER-100-80T-15KV-1P-C
676060498,RECL-TRIPSAVER-100-80T-29KV-1P-C
672608688,RECL-TRIPSAVER-100-80T-15KV-1P-C
673149322,RECL-TRIPSAVER-100-80T-15KV-1P-C
678095750,RECL-TRIPSAVER-200-100T-15KV-1P-C
669065887,RECL-TRIPSAVER-100-80T-15KV-1P-C
672943135,RECL-TRIPSAVER-100-80T-15KV-1P-C
678246138,RECL-TRIPSAVER-200-150E-15KV-1P-C
676872547,RECL-TRIPSAVER-100-80T-15KV-1P-C
673029279,RECL-TRIPSAVER-100-80T-29KV-1P-C
674369710,RECL-TRIPSAVER-100-80T-15KV-1P-C
675855124,RECL-TRIPSAVER-200-150E-15KV-1P-C
693816066,RECL-TRIPSAVER-100-80T-15KV-1P-C
739027801,RECL-TRIPSAVER-100-80T-15KV-1P-C
739761918,RECL-TRIPSAVER-200-150E-15KV-1P-C
757839588,RECL-TRIPSAVER-100-80T-15KV-1P-C
768926591,RECL-TRIPSAVER-200-100T-15KV-1P-C
766990025,RECL-TRIPSAVER-100-80T-15KV-1P-C
781285249,RECL-TRIPSAVER-100-80T-29KV-1P-C
780095594,RECL-TRIPSAVER-200-150E-15KV-1P-C
787487261,RECL-TRIPSAVER-200-100T-29KV-1P-C
567598682,RECL-TRIPSAVER-200-100T-15KV-1P-C
571124253,RECL-TRIPSAVER-100-80T-15KV-1P-C
652774358,RECL-TRIPSAVER-100-80T-29KV-1P-C
653461172,RECL-TRIPSAVER-200-100T-15KV-1P-C
652404959,RECL-TRIPSAVER-100-80T-15KV-1P-C
660374273,RECL-TRIPSAVER-100-80T-15KV-1P-C
654646465,RECL-TRIPSAVER-200-100T-29KV-1P-C
653379815,RECL-TRIPSAVER-200-150E-15KV-1P-C
651383149,RECL-TRIPSAVER-200-150E-15KV-1P-C
650713607,RECL-TRIPSAVER-100-80T-15KV-1P-C
656261132,RECL-TRIPSAVER-100-80T-15KV-1P-C
651112735,RECL-TRIPSAVER-100-80T-15KV-1P-C
650718090,RECL-TRIPSAVER-100-80T-15KV-1P-C
660911069,RECL-TRIPSAVER-100-80T-15KV-1P-C
651010529,RECL-TRIPSAVER-200-100T-15KV-1P-C
658275613,RECL-TRIPSAVER-100-80T-15KV-1P-C
657772932,RECL-TRIPSAVER-200-150E-15KV-1P-C
655162082,RECL-TRIPSAVER-200-100T-29KV-1P-C
659202954,RECL-TRIPSAVER-100-80T-15KV-1P-C
675291714,RECL-TRIPSAVER-200-150E-15KV-1P-C
670533948,RECL-TRIPSAVER-100-80T-15KV-1P-C
672096933,RECL-TRIPSAVER-200-100T-15KV-1P-C
670663323,RECL-TRIPSAVER-100-80T-15KV-1P-C
668439049,RECL-TRIPSAVER-100-80T-15KV-1P-C
670766948,RECL-TRIPSAVER-200-100T-15KV-1P-C
675540914,RECL-TRIPSAVER-100-80T-29KV-1P-C
670753402,RECL-TRIPSAVER-100-80T-15KV-1P-C
671702934,RECL-TRIPSAVER-200-150E-15KV-1P-C
672024412,RECL-TRIPSAVER-100-80T-15KV-1P-C
672024427,RECL-TRIPSAVER-200-100T-15KV-1P-C
668663081,RECL-TRIPSAVER-200-150E-15KV-1P-C
678898698,RECL-TRIPSAVER-200-150E-15KV-1P-C
672792800,RECL-TRIPSAVER-200-150E-29KV-1P-C
677610711,RECL-TRIPSAVER-100-80T-29KV-1P-C
677584811,RECL-TRIPSAVER-200-150E-15KV-1P-C
672307604,RECL-TRIPSAVER-100-80T-15KV-1P-C
673385499,RECL-TRIPSAVER-200-100T-15KV-1P-C
675799403,RECL-TRIPSAVER-100-80T-29KV-1P-C
672457963,RECL-TRIPSAVER-100-80T-15KV-1P-C
673385532,RECL-TRIPSAVER-200-150E-29KV-1P-C
674506120,RECL-TRIPSAVER-100-80T-15KV-1P-C
674506150,RECL-TRIPSAVER-100-80T-15KV-1P-C
668954232,RECL-TRIPSAVER-200-100T-15KV-1P-C
679040471,RECL-TRIPSAVER-100-80T-15KV-1P-C
675979061,RECL-TRIPSAVER-100-80T-29KV-1P-C
674102435,RECL-TRIPSAVER-100-80T-15KV-1P-C
670620514,RECL-TRIPSAVER-100-80T-15KV-1P-C
677688488,RECL-TRIPSAVER-100-80T-29KV-1P-C
670045356,RECL-TRIPSAVER-200-150E-29KV-1P-C
704641110,RECL-TRIPSAVER-100-80T-15KV-1P-C
692506574,RECL-TRIPSAVER-100-80T-15KV-1P-C
699467023,RECL-TRIPSAVER-100-80T-15KV-1P-C
767007186,RECL-TRIPSAVER-100-80T-15KV-1P-C
789284457,RECL-TRIPSAVER-100-80T-29KV-1P-C
788095041,RECL-TRIPSAVER-100-80T-15KV-1P-C
779498802,RECL-TRIPSAVER-200-100T-15KV-1P-C
784556943,RECL-TRIPSAVER-100-80T-15KV-1P-C
566121949,RECL-TRIPSAVER-200-150E-15KV-1P-C
650962894,RECL-TRIPSAVER-100-80T-15KV-1P-C
650963203,RECL-TRIPSAVER-100-80T-15KV-1P-C
659464018,RECL-TRIPSAVER-200-100T-29KV-1P-C
651872590,RECL-TRIPSAVER-100-80T-15KV-1P-C
651147025,RECL-TRIPSAVER-200-100T-15KV-1P-C
658832964,RECL-TRIPSAVER-100-80T-15KV-1P-C
658751353,RECL-TRIPSAVER-200-100T-15KV-1P-C
654577756,RECL-TRIPSAVER-200-150E-15KV-1P-C
660357244,RECL-TRIPSAVER-100-80T-29KV-1P-C
658588938,RECL-TRIPSAVER-100-80T-29KV-1P-C
654663912,RECL-TRIPSAVER-100-80T-15KV-1P-C
659747706,RECL-TRIPSAVER-200-100T-29KV-1P-C
652491724,RECL-TRIPSAVER-100-80T-15KV-1P-C
656626422,RECL-TRIPSAVER-200-100T-29KV-1P-C
675523494,RECL-TRIPSAVER-200-150E-15KV-1P-C
669082509,RECL-TRIPSAVER-200-100T-15KV-1P-C
673265163,RECL-TRIPSAVER-100-80T-29KV-1P-C
672814108,RECL-TRIPSAVER-100-80T-15KV-1P-C
674239757,RECL-TRIPSAVER-100-80T-15KV-1P-C
669619464,RECL-TRIPSAVER-100-80T-15KV-1P-C
679100518,RECL-TRIPSAVER-100-80T-15KV-1P-C
670753321,RECL-TRIPSAVER-100-80T-15KV-1P-C
671126762,RECL-TRIPSAVER-100-80T-15KV-1P-C
677812355,RECL-TRIPSAVER-100-80T-15KV-1P-C
669817432,RECL-TRIPSAVER-200-150E-15KV-1P-C
668752748,RECL-TRIPSAVER-100-80T-15KV-1P-C
668752752,RECL-TRIPSAVER-100-80T-15KV-1P-C
668631905,RECL-TRIPSAVER-100-80T-29KV-1P-C
672479637,RECL-TRIPSAVER-100-80T-15KV-1P-C
677237126,RECL-TRIPSAVER-100-80T-29KV-1P-C
668628182,RECL-TRIPSAVER-100-80T-15KV-1P-C
670744947,RECL-TRIPSAVER-200-150E-15KV-1P-C
669233308,RECL-TRIPSAVER-100-80T-29KV-1P-C
671281928,RECL-TRIPSAVER-100-80T-15KV-1P-C
680204182,RECL-TRIPSAVER-200-100T-29KV-1P-C
674369704,RECL-TRIPSAVER-100-80T-15KV-1P-C
671243188,RECL-TRIPSAVER-100-80T-15KV-1P-C
696744444,RECL-TRIPSAVER-200-100T-15KV-1P-C
699372395,RECL-TRIPSAVER-100-80T-15KV-1P-C
696246532,RECL-TRIPSAVER-100-80T-29KV-1P-C
702064773,RECL-TRIPSAVER-100-80T-15KV-1P-C
766474787,RECL-TRIPSAVER-100-80T-15KV-1P-C
766256242,RECL-TRIPSAVER-100-80T-15KV-1P-C
768402985,RECL-TRIPSAVER-100-80T-15KV-1P-C
780241547,RECL-TRIPSAVER-200-150E-15KV-1P-C
785368889,RECL-TRIPSAVER-100-80T-29KV-1P-C
788683752,RECL-TRIPSAVER-100-80T-15KV-1P-C
577324094,RECL-TRIPSAVER-200-100T-15KV-1P-C
651353170,RECL-TRIPSAVER-200-100T-15KV-1P-C
652740102,RECL-TRIPSAVER-200-100T-15KV-1P-C
653061987,RECL-TRIPSAVER-100-80T-15KV-1P-C
656772163,RECL-TRIPSAVER-200-100T-15KV-1P-C
659172193,RECL-TRIPSAVER-200-100T-15KV-1P-C
657201422,RECL-TRIPSAVER-100-80T-15KV-1P-C
658313516,RECL-TRIPSAVER-200-150E-15KV-1P-C
651434901,RECL-TRIPSAVER-100-80T-15KV-1P-C
652276131,RECL-TRIPSAVER-200-150E-15KV-1P-C
656364107,RECL-TRIPSAVER-100-80T-15KV-1P-C
652302447,RECL-TRIPSAVER-200-100T-29KV-1P-C
653934744,RECL-TRIPSAVER-100-80T-15KV-1P-C
663886837,RECL-TRIPSAVER-100-80T-29KV-1P-C
657854500,RECL-TRIPSAVER-100-80T-15KV-1P-C
657854584,RECL-TRIPSAVER-100-80T-15KV-1P-C
658537419,RECL-TRIPSAVER-100-80T-15KV-1P-C
659451888,RECL-TRIPSAVER-100-80T-15KV-1P-C
651036514,RECL-TRIPSAVER-200-100T-15KV-1P-C
657223133,RECL-TRIPSAVER-100-80T-15KV-1P-C
662246468,RECL-TRIPSAVER-200-100T-15KV-1P-C
675673823,RECL-TRIPSAVER-100-80T-15KV-1P-C
673380858,RECL-TRIPSAVER-100-80T-29KV-1P-C
668666125,RECL-TRIPSAVER-100-80T-29KV-1P-C
670297782,RECL-TRIPSAVER-100-80T-15KV-1P-C
675540752,RECL-TRIPSAVER-200-100T-15KV-1P-C
674256830,RECL-TRIPSAVER-100-80T-29KV-1P-C
674256846,RECL-TRIPSAVER-100-80T-29KV-1P-C
676425304,RECL-TRIPSAVER-100-80T-15KV-1P-C
672514245,RECL-TRIPSAVER-200-150E-29KV-1P-C
677825492,RECL-TRIPSAVER-100-80T-15KV-1P-C
677417439,RECL-TRIPSAVER-200-100T-15KV-1P-C
672024492,RECL-TRIPSAVER-100-80T-15KV-1P-C
675489419,RECL-TRIPSAVER-100-80T-15KV-1P-C
673415354,RECL-TRIPSAVER-100-80T-15KV-1P-C
672234867,RECL-TRIPSAVER-100-80T-15KV-1P-C
678297849,RECL-TRIPSAVER-100-80T-29KV-1P-C
678053241,RECL-TRIPSAVER-200-150E-15KV-1P-C
680204063,RECL-TRIPSAVER-100-80T-29KV-1P-C
677688469,RECL-TRIPSAVER-100-80T-29KV-1P-C
673073060,RECL-TRIPSAVER-100-80T-29KV-1P-C
672694386,RECL-TRIPSAVER-200-150E-29KV-1P-C
679010916,RECL-TRIPSAVER-100-80T-15KV-1P-C
744343439,RECL-TRIPSAVER-200-100T-15KV-1P-C
757856716,RECL-TRIPSAVER-100-80T-15KV-1P-C
768037797,RECL-TRIPSAVER-100-80T-15KV-1P-C
771451463,RECL-TRIPSAVER-100-80T-15KV-1P-C
775629539,RECL-TRIPSAVER-200-100T-15KV-1P-C
768123953,RECL-TRIPSAVER-100-80T-15KV-1P-C
564203740,RECL-TRIPSAVER-100-80T-15KV-1P-C
573825507,RECL-TRIPSAVER-200-100T-15KV-1P-C
564550481,RECL-TRIPSAVER-200-100T-15KV-1P-C
652649644,RECL-TRIPSAVER-200-150E-15KV-1P-C
656857824,RECL-TRIPSAVER-200-100T-15KV-1P-C
651005389,RECL-TRIPSAVER-100-80T-15KV-1P-C
656901530,RECL-TRIPSAVER-200-100T-15KV-1P-C
652336492,RECL-TRIPSAVER-100-80T-15KV-1P-C
658588981,RECL-TRIPSAVER-100-80T-29KV-1P-C
651242808,RECL-TRIPSAVER-200-150E-15KV-1P-C
657639788,RECL-TRIPSAVER-200-150E-15KV-1P-C
658923430,RECL-TRIPSAVER-100-80T-15KV-1P-C
657502358,RECL-TRIPSAVER-200-100T-15KV-1P-C
669284506,RECL-TRIPSAVER-100-80T-15KV-1P-C
671109403,RECL-TRIPSAVER-100-80T-29KV-1P-C
675111590,RECL-TRIPSAVER-100-80T-15KV-1P-C
674913866,RECL-TRIPSAVER-100-80T-15KV-1P-C
671698049,RECL-TRIPSAVER-200-150E-15KV-1P-C
671182649,RECL-TRIPSAVER-200-100T-15KV-1P-C
678898711,RECL-TRIPSAVER-200-150E-15KV-1P-C
678898815,RECL-TRIPSAVER-100-80T-15KV-1P-C
671964104,RECL-TRIPSAVER-100-80T-15KV-1P-C
669147155,RECL-TRIPSAVER-100-80T-15KV-1P-C
676417185,RECL-TRIPSAVER-100-80T-29KV-1P-C
670607236,RECL-TRIPSAVER-200-150E-15KV-1P-C
672213307,RECL-TRIPSAVER-100-80T-15KV-1P-C
677108320,RECL-TRIPSAVER-100-80T-15KV-1P-C
671217321,RECL-TRIPSAVER-100-80T-29KV-1P-C
674408014,RECL-TRIPSAVER-200-150E-15KV-1P-C
698659607,RECL-TRIPSAVER-200-100T-15KV-1P-C
694812317,RECL-TRIPSAVER-100-80T-15KV-1P-C
712816904,RECL-TRIPSAVER-100-80T-15KV-1P-C
712889881,RECL-TRIPSAVER-100-80T-15KV-1P-C
740994127,RECL-TRIPSAVER-100-80T-15KV-1P-C
737949724,RECL-TRIPSAVER-100-80T-15KV-1P-C
674256842,RECL-TRIPSAVER-100-80T-29KV-1P-C
657733752,RECL-TRIPSAVER-200-100T-15KV-1P-C
659670554,RECL-TRIPSAVER-200-100T-29KV-1P-C
652208348,RECL-TRIPSAVER-200-100T-15KV-1P-C
776664448,RECL-TRIPSAVER-100-80T-15KV-1P-C
659172193,RECL-TRIPSAVER-200-100T-15KV-1P-C
652916188,RECL-TRIPSAVER-100-80T-29KV-1P-C
652208348,RECL-TRIPSAVER-200-100T-15KV-1P-C
670619804,RECL-TRIPSAVER-100-80T-29KV-1P-C
659172193,RECL-TRIPSAVER-200-100T-15KV-1P-C
657733752,RECL-TRIPSAVER-200-100T-15KV-1P-C
